[2026-07-31T15:47:53.429+0000] {processor.py:186} INFO - Started process (PID=83) to work on /home/airflow/.local/lib/python3.12/site-packages/airflow/example_dags/example_python_decorator.py
[2026-07-31T15:47:53.432+0000] {processor.py:914} INFO - Processing file /home/airflow/.local/lib/python3.12/site-packages/airflow/example_dags/example_python_decorator.py for tasks to queue
[2026-07-31T15:47:53.445+0000] {logging_mixin.py:190} INFO - [2026-07-31T15:47:53.443+0000] {dagbag.py:588} INFO - Filling up the DagBag from /home/airflow/.local/lib/python3.12/site-packages/airflow/example_dags/example_python_decorator.py
[2026-07-31T15:47:53.486+0000] {processor.py:925} INFO - DAG(s) 'example_python_decorator' retrieved from /home/airflow/.local/lib/python3.12/site-packages/airflow/example_dags/example_python_decorator.py
[2026-07-31T15:47:53.733+0000] {logging_mixin.py:190} INFO - [2026-07-31T15:47:53.732+0000] {override.py:1912} INFO - Created Permission View: can delete on DAG:example_python_decorator
[2026-07-31T15:47:53.767+0000] {logging_mixin.py:190} INFO - [2026-07-31T15:47:53.766+0000] {override.py:1912} INFO - Created Permission View: can edit on DAG:example_python_decorator
[2026-07-31T15:47:53.785+0000] {logging_mixin.py:190} INFO - [2026-07-31T15:47:53.784+0000] {override.py:1912} INFO - Created Permission View: can read on DAG:example_python_decorator
[2026-07-31T15:47:53.801+0000] {logging_mixin.py:190} INFO - [2026-07-31T15:47:53.801+0000] {override.py:1912} INFO - Created Permission View: can delete on DAG Run:example_python_decorator
[2026-07-31T15:47:53.818+0000] {logging_mixin.py:190} INFO - [2026-07-31T15:47:53.817+0000] {override.py:1912} INFO - Created Permission View: can read on DAG Run:example_python_decorator
[2026-07-31T15:47:53.833+0000] {logging_mixin.py:190} INFO - [2026-07-31T15:47:53.833+0000] {override.py:1912} INFO - Created Permission View: menu access on DAG Run:example_python_decorator
[2026-07-31T15:47:53.849+0000] {logging_mixin.py:190} INFO - [2026-07-31T15:47:53.848+0000] {override.py:1912} INFO - Created Permission View: can create on DAG Run:example_python_decorator
[2026-07-31T15:47:53.851+0000] {logging_mixin.py:190} INFO - [2026-07-31T15:47:53.851+0000] {dag.py:3239} INFO - Sync 1 DAGs
[2026-07-31T15:47:53.894+0000] {logging_mixin.py:190} INFO - [2026-07-31T15:47:53.893+0000] {dag.py:3262} INFO - Creating ORM DAG for example_python_decorator
[2026-07-31T15:47:53.897+0000] {logging_mixin.py:190} INFO - [2026-07-31T15:47:53.897+0000] {dag.py:4180} INFO - Setting next_dagrun for example_python_decorator to None, run_after=None
[2026-07-31T15:47:53.944+0000] {processor.py:208} INFO - Processing /home/airflow/.local/lib/python3.12/site-packages/airflow/example_dags/example_python_decorator.py took 0.523 seconds
[2026-07-31T15:48:24.249+0000] {processor.py:186} INFO - Started process (PID=146) to work on /home/airflow/.local/lib/python3.12/site-packages/airflow/example_dags/example_python_decorator.py
[2026-07-31T15:48:24.252+0000] {processor.py:914} INFO - Processing file /home/airflow/.local/lib/python3.12/site-packages/airflow/example_dags/example_python_decorator.py for tasks to queue
[2026-07-31T15:48:24.257+0000] {logging_mixin.py:190} INFO - [2026-07-31T15:48:24.256+0000] {dagbag.py:588} INFO - Filling up the DagBag from /home/airflow/.local/lib/python3.12/site-packages/airflow/example_dags/example_python_decorator.py
[2026-07-31T15:48:24.277+0000] {processor.py:925} INFO - DAG(s) 'example_python_decorator' retrieved from /home/airflow/.local/lib/python3.12/site-packages/airflow/example_dags/example_python_decorator.py
[2026-07-31T15:48:24.312+0000] {logging_mixin.py:190} INFO - [2026-07-31T15:48:24.312+0000] {dag.py:3239} INFO - Sync 1 DAGs
[2026-07-31T15:48:24.333+0000] {logging_mixin.py:190} INFO - [2026-07-31T15:48:24.333+0000] {dag.py:4180} INFO - Setting next_dagrun for example_python_decorator to None, run_after=None
[2026-07-31T15:48:24.361+0000] {processor.py:208} INFO - Processing /home/airflow/.local/lib/python3.12/site-packages/airflow/example_dags/example_python_decorator.py took 0.119 seconds
[2026-07-31T15:48:54.579+0000] {processor.py:186} INFO - Started process (PID=208) to work on /home/airflow/.local/lib/python3.12/site-packages/airflow/example_dags/example_python_decorator.py
[2026-07-31T15:48:54.583+0000] {processor.py:914} INFO - Processing file /home/airflow/.local/lib/python3.12/site-packages/airflow/example_dags/example_python_decorator.py for tasks to queue
[2026-07-31T15:48:54.590+0000] {logging_mixin.py:190} INFO - [2026-07-31T15:48:54.589+0000] {dagbag.py:588} INFO - Filling up the DagBag from /home/airflow/.local/lib/python3.12/site-packages/airflow/example_dags/example_python_decorator.py
[2026-07-31T15:48:54.613+0000] {processor.py:925} INFO - DAG(s) 'example_python_decorator' retrieved from /home/airflow/.local/lib/python3.12/site-packages/airflow/example_dags/example_python_decorator.py
[2026-07-31T15:48:54.644+0000] {logging_mixin.py:190} INFO - [2026-07-31T15:48:54.644+0000] {dag.py:3239} INFO - Sync 1 DAGs
[2026-07-31T15:48:54.663+0000] {logging_mixin.py:190} INFO - [2026-07-31T15:48:54.663+0000] {dag.py:4180} INFO - Setting next_dagrun for example_python_decorator to None, run_after=None
[2026-07-31T15:48:54.691+0000] {processor.py:208} INFO - Processing /home/airflow/.local/lib/python3.12/site-packages/airflow/example_dags/example_python_decorator.py took 0.124 seconds
[2026-07-31T15:49:25.296+0000] {processor.py:186} INFO - Started process (PID=271) to work on /home/airflow/.local/lib/python3.12/site-packages/airflow/example_dags/example_python_decorator.py
[2026-07-31T15:49:25.299+0000] {processor.py:914} INFO - Processing file /home/airflow/.local/lib/python3.12/site-packages/airflow/example_dags/example_python_decorator.py for tasks to queue
[2026-07-31T15:49:25.305+0000] {logging_mixin.py:190} INFO - [2026-07-31T15:49:25.304+0000] {dagbag.py:588} INFO - Filling up the DagBag from /home/airflow/.local/lib/python3.12/site-packages/airflow/example_dags/example_python_decorator.py
[2026-07-31T15:49:25.328+0000] {processor.py:925} INFO - DAG(s) 'example_python_decorator' retrieved from /home/airflow/.local/lib/python3.12/site-packages/airflow/example_dags/example_python_decorator.py
[2026-07-31T15:49:25.368+0000] {logging_mixin.py:190} INFO - [2026-07-31T15:49:25.368+0000] {dag.py:3239} INFO - Sync 1 DAGs
[2026-07-31T15:49:25.387+0000] {logging_mixin.py:190} INFO - [2026-07-31T15:49:25.387+0000] {dag.py:4180} INFO - Setting next_dagrun for example_python_decorator to None, run_after=None
[2026-07-31T15:49:25.423+0000] {processor.py:208} INFO - Processing /home/airflow/.local/lib/python3.12/site-packages/airflow/example_dags/example_python_decorator.py took 0.137 seconds
[2026-07-31T15:49:55.485+0000] {processor.py:186} INFO - Started process (PID=333) to work on /home/airflow/.local/lib/python3.12/site-packages/airflow/example_dags/example_python_decorator.py
[2026-07-31T15:49:55.487+0000] {processor.py:914} INFO - Processing file /home/airflow/.local/lib/python3.12/site-packages/airflow/example_dags/example_python_decorator.py for tasks to queue
[2026-07-31T15:49:55.492+0000] {logging_mixin.py:190} INFO - [2026-07-31T15:49:55.492+0000] {dagbag.py:588} INFO - Filling up the DagBag from /home/airflow/.local/lib/python3.12/site-packages/airflow/example_dags/example_python_decorator.py
[2026-07-31T15:49:55.514+0000] {processor.py:925} INFO - DAG(s) 'example_python_decorator' retrieved from /home/airflow/.local/lib/python3.12/site-packages/airflow/example_dags/example_python_decorator.py
[2026-07-31T15:49:55.544+0000] {logging_mixin.py:190} INFO - [2026-07-31T15:49:55.544+0000] {dag.py:3239} INFO - Sync 1 DAGs
[2026-07-31T15:49:55.563+0000] {logging_mixin.py:190} INFO - [2026-07-31T15:49:55.563+0000] {dag.py:4180} INFO - Setting next_dagrun for example_python_decorator to None, run_after=None
[2026-07-31T15:49:55.591+0000] {processor.py:208} INFO - Processing /home/airflow/.local/lib/python3.12/site-packages/airflow/example_dags/example_python_decorator.py took 0.114 seconds
[2026-07-31T15:50:25.808+0000] {processor.py:186} INFO - Started process (PID=396) to work on /home/airflow/.local/lib/python3.12/site-packages/airflow/example_dags/example_python_decorator.py
[2026-07-31T15:50:25.812+0000] {processor.py:914} INFO - Processing file /home/airflow/.local/lib/python3.12/site-packages/airflow/example_dags/example_python_decorator.py for tasks to queue
[2026-07-31T15:50:25.821+0000] {logging_mixin.py:190} INFO - [2026-07-31T15:50:25.820+0000] {dagbag.py:588} INFO - Filling up the DagBag from /home/airflow/.local/lib/python3.12/site-packages/airflow/example_dags/example_python_decorator.py
[2026-07-31T15:50:25.856+0000] {processor.py:925} INFO - DAG(s) 'example_python_decorator' retrieved from /home/airflow/.local/lib/python3.12/site-packages/airflow/example_dags/example_python_decorator.py
[2026-07-31T15:50:25.903+0000] {logging_mixin.py:190} INFO - [2026-07-31T15:50:25.902+0000] {dag.py:3239} INFO - Sync 1 DAGs
[2026-07-31T15:50:25.926+0000] {logging_mixin.py:190} INFO - [2026-07-31T15:50:25.926+0000] {dag.py:4180} INFO - Setting next_dagrun for example_python_decorator to None, run_after=None
[2026-07-31T15:50:25.985+0000] {processor.py:208} INFO - Processing /home/airflow/.local/lib/python3.12/site-packages/airflow/example_dags/example_python_decorator.py took 0.191 seconds
[2026-07-31T15:50:56.389+0000] {processor.py:186} INFO - Started process (PID=459) to work on /home/airflow/.local/lib/python3.12/site-packages/airflow/example_dags/example_python_decorator.py
[2026-07-31T15:50:56.394+0000] {processor.py:914} INFO - Processing file /home/airflow/.local/lib/python3.12/site-packages/airflow/example_dags/example_python_decorator.py for tasks to queue
[2026-07-31T15:50:56.402+0000] {logging_mixin.py:190} INFO - [2026-07-31T15:50:56.401+0000] {dagbag.py:588} INFO - Filling up the DagBag from /home/airflow/.local/lib/python3.12/site-packages/airflow/example_dags/example_python_decorator.py
[2026-07-31T15:50:56.439+0000] {processor.py:925} INFO - DAG(s) 'example_python_decorator' retrieved from /home/airflow/.local/lib/python3.12/site-packages/airflow/example_dags/example_python_decorator.py
[2026-07-31T15:50:56.472+0000] {logging_mixin.py:190} INFO - [2026-07-31T15:50:56.472+0000] {dag.py:3239} INFO - Sync 1 DAGs
[2026-07-31T15:50:56.495+0000] {logging_mixin.py:190} INFO - [2026-07-31T15:50:56.495+0000] {dag.py:4180} INFO - Setting next_dagrun for example_python_decorator to None, run_after=None
[2026-07-31T15:50:56.528+0000] {processor.py:208} INFO - Processing /home/airflow/.local/lib/python3.12/site-packages/airflow/example_dags/example_python_decorator.py took 0.155 seconds
[2026-07-31T15:51:26.685+0000] {processor.py:186} INFO - Started process (PID=522) to work on /home/airflow/.local/lib/python3.12/site-packages/airflow/example_dags/example_python_decorator.py
[2026-07-31T15:51:26.691+0000] {processor.py:914} INFO - Processing file /home/airflow/.local/lib/python3.12/site-packages/airflow/example_dags/example_python_decorator.py for tasks to queue
[2026-07-31T15:51:26.702+0000] {logging_mixin.py:190} INFO - [2026-07-31T15:51:26.701+0000] {dagbag.py:588} INFO - Filling up the DagBag from /home/airflow/.local/lib/python3.12/site-packages/airflow/example_dags/example_python_decorator.py
[2026-07-31T15:51:26.761+0000] {processor.py:925} INFO - DAG(s) 'example_python_decorator' retrieved from /home/airflow/.local/lib/python3.12/site-packages/airflow/example_dags/example_python_decorator.py
[2026-07-31T15:51:26.871+0000] {logging_mixin.py:190} INFO - [2026-07-31T15:51:26.869+0000] {dag.py:3239} INFO - Sync 1 DAGs
[2026-07-31T15:51:26.951+0000] {logging_mixin.py:190} INFO - [2026-07-31T15:51:26.950+0000] {dag.py:4180} INFO - Setting next_dagrun for example_python_decorator to None, run_after=None
[2026-07-31T15:51:27.041+0000] {processor.py:208} INFO - Processing /home/airflow/.local/lib/python3.12/site-packages/airflow/example_dags/example_python_decorator.py took 0.369 seconds
[2026-07-31T15:51:57.297+0000] {processor.py:186} INFO - Started process (PID=585) to work on /home/airflow/.local/lib/python3.12/site-packages/airflow/example_dags/example_python_decorator.py
[2026-07-31T15:51:57.301+0000] {processor.py:914} INFO - Processing file /home/airflow/.local/lib/python3.12/site-packages/airflow/example_dags/example_python_decorator.py for tasks to queue
[2026-07-31T15:51:57.307+0000] {logging_mixin.py:190} INFO - [2026-07-31T15:51:57.306+0000] {dagbag.py:588} INFO - Filling up the DagBag from /home/airflow/.local/lib/python3.12/site-packages/airflow/example_dags/example_python_decorator.py
[2026-07-31T15:51:57.331+0000] {processor.py:925} INFO - DAG(s) 'example_python_decorator' retrieved from /home/airflow/.local/lib/python3.12/site-packages/airflow/example_dags/example_python_decorator.py
[2026-07-31T15:51:57.366+0000] {logging_mixin.py:190} INFO - [2026-07-31T15:51:57.366+0000] {dag.py:3239} INFO - Sync 1 DAGs
[2026-07-31T15:51:57.391+0000] {logging_mixin.py:190} INFO - [2026-07-31T15:51:57.391+0000] {dag.py:4180} INFO - Setting next_dagrun for example_python_decorator to None, run_after=None
[2026-07-31T15:51:57.428+0000] {processor.py:208} INFO - Processing /home/airflow/.local/lib/python3.12/site-packages/airflow/example_dags/example_python_decorator.py took 0.149 seconds
[2026-07-31T15:52:28.224+0000] {processor.py:186} INFO - Started process (PID=648) to work on /home/airflow/.local/lib/python3.12/site-packages/airflow/example_dags/example_python_decorator.py
[2026-07-31T15:52:28.226+0000] {processor.py:914} INFO - Processing file /home/airflow/.local/lib/python3.12/site-packages/airflow/example_dags/example_python_decorator.py for tasks to queue
[2026-07-31T15:52:28.234+0000] {logging_mixin.py:190} INFO - [2026-07-31T15:52:28.234+0000] {dagbag.py:588} INFO - Filling up the DagBag from /home/airflow/.local/lib/python3.12/site-packages/airflow/example_dags/example_python_decorator.py
[2026-07-31T15:52:28.259+0000] {processor.py:925} INFO - DAG(s) 'example_python_decorator' retrieved from /home/airflow/.local/lib/python3.12/site-packages/airflow/example_dags/example_python_decorator.py
[2026-07-31T15:52:28.310+0000] {logging_mixin.py:190} INFO - [2026-07-31T15:52:28.310+0000] {dag.py:3239} INFO - Sync 1 DAGs
[2026-07-31T15:52:28.340+0000] {logging_mixin.py:190} INFO - [2026-07-31T15:52:28.340+0000] {dag.py:4180} INFO - Setting next_dagrun for example_python_decorator to None, run_after=None
[2026-07-31T15:52:28.372+0000] {processor.py:208} INFO - Processing /home/airflow/.local/lib/python3.12/site-packages/airflow/example_dags/example_python_decorator.py took 0.157 seconds
[2026-07-31T15:52:58.548+0000] {processor.py:186} INFO - Started process (PID=711) to work on /home/airflow/.local/lib/python3.12/site-packages/airflow/example_dags/example_python_decorator.py
[2026-07-31T15:52:58.552+0000] {processor.py:914} INFO - Processing file /home/airflow/.local/lib/python3.12/site-packages/airflow/example_dags/example_python_decorator.py for tasks to queue
[2026-07-31T15:52:58.557+0000] {logging_mixin.py:190} INFO - [2026-07-31T15:52:58.556+0000] {dagbag.py:588} INFO - Filling up the DagBag from /home/airflow/.local/lib/python3.12/site-packages/airflow/example_dags/example_python_decorator.py
[2026-07-31T15:52:58.578+0000] {processor.py:925} INFO - DAG(s) 'example_python_decorator' retrieved from /home/airflow/.local/lib/python3.12/site-packages/airflow/example_dags/example_python_decorator.py
[2026-07-31T15:52:58.621+0000] {logging_mixin.py:190} INFO - [2026-07-31T15:52:58.621+0000] {dag.py:3239} INFO - Sync 1 DAGs
[2026-07-31T15:52:58.646+0000] {logging_mixin.py:190} INFO - [2026-07-31T15:52:58.645+0000] {dag.py:4180} INFO - Setting next_dagrun for example_python_decorator to None, run_after=None
[2026-07-31T15:52:58.675+0000] {processor.py:208} INFO - Processing /home/airflow/.local/lib/python3.12/site-packages/airflow/example_dags/example_python_decorator.py took 0.136 seconds
[2026-07-31T15:53:29.076+0000] {processor.py:186} INFO - Started process (PID=774) to work on /home/airflow/.local/lib/python3.12/site-packages/airflow/example_dags/example_python_decorator.py
[2026-07-31T15:53:29.081+0000] {processor.py:914} INFO - Processing file /home/airflow/.local/lib/python3.12/site-packages/airflow/example_dags/example_python_decorator.py for tasks to queue
[2026-07-31T15:53:29.090+0000] {logging_mixin.py:190} INFO - [2026-07-31T15:53:29.089+0000] {dagbag.py:588} INFO - Filling up the DagBag from /home/airflow/.local/lib/python3.12/site-packages/airflow/example_dags/example_python_decorator.py
[2026-07-31T15:53:29.114+0000] {processor.py:925} INFO - DAG(s) 'example_python_decorator' retrieved from /home/airflow/.local/lib/python3.12/site-packages/airflow/example_dags/example_python_decorator.py
[2026-07-31T15:53:29.146+0000] {logging_mixin.py:190} INFO - [2026-07-31T15:53:29.146+0000] {dag.py:3239} INFO - Sync 1 DAGs
[2026-07-31T15:53:29.169+0000] {logging_mixin.py:190} INFO - [2026-07-31T15:53:29.169+0000] {dag.py:4180} INFO - Setting next_dagrun for example_python_decorator to None, run_after=None
[2026-07-31T15:53:29.203+0000] {processor.py:208} INFO - Processing /home/airflow/.local/lib/python3.12/site-packages/airflow/example_dags/example_python_decorator.py took 0.146 seconds
[2026-07-31T15:53:59.953+0000] {processor.py:186} INFO - Started process (PID=837) to work on /home/airflow/.local/lib/python3.12/site-packages/airflow/example_dags/example_python_decorator.py
[2026-07-31T15:53:59.955+0000] {processor.py:914} INFO - Processing file /home/airflow/.local/lib/python3.12/site-packages/airflow/example_dags/example_python_decorator.py for tasks to queue
[2026-07-31T15:53:59.963+0000] {logging_mixin.py:190} INFO - [2026-07-31T15:53:59.962+0000] {dagbag.py:588} INFO - Filling up the DagBag from /home/airflow/.local/lib/python3.12/site-packages/airflow/example_dags/example_python_decorator.py
[2026-07-31T15:53:59.995+0000] {processor.py:925} INFO - DAG(s) 'example_python_decorator' retrieved from /home/airflow/.local/lib/python3.12/site-packages/airflow/example_dags/example_python_decorator.py
[2026-07-31T15:54:00.039+0000] {logging_mixin.py:190} INFO - [2026-07-31T15:54:00.039+0000] {dag.py:3239} INFO - Sync 1 DAGs
[2026-07-31T15:54:00.063+0000] {logging_mixin.py:190} INFO - [2026-07-31T15:54:00.063+0000] {dag.py:4180} INFO - Setting next_dagrun for example_python_decorator to None, run_after=None
[2026-07-31T15:54:00.097+0000] {processor.py:208} INFO - Processing /home/airflow/.local/lib/python3.12/site-packages/airflow/example_dags/example_python_decorator.py took 0.155 seconds
[2026-07-31T15:54:30.363+0000] {processor.py:186} INFO - Started process (PID=900) to work on /home/airflow/.local/lib/python3.12/site-packages/airflow/example_dags/example_python_decorator.py
[2026-07-31T15:54:30.365+0000] {processor.py:914} INFO - Processing file /home/airflow/.local/lib/python3.12/site-packages/airflow/example_dags/example_python_decorator.py for tasks to queue
[2026-07-31T15:54:30.371+0000] {logging_mixin.py:190} INFO - [2026-07-31T15:54:30.370+0000] {dagbag.py:588} INFO - Filling up the DagBag from /home/airflow/.local/lib/python3.12/site-packages/airflow/example_dags/example_python_decorator.py
[2026-07-31T15:54:30.392+0000] {processor.py:925} INFO - DAG(s) 'example_python_decorator' retrieved from /home/airflow/.local/lib/python3.12/site-packages/airflow/example_dags/example_python_decorator.py
[2026-07-31T15:54:30.426+0000] {logging_mixin.py:190} INFO - [2026-07-31T15:54:30.426+0000] {dag.py:3239} INFO - Sync 1 DAGs
[2026-07-31T15:54:30.449+0000] {logging_mixin.py:190} INFO - [2026-07-31T15:54:30.449+0000] {dag.py:4180} INFO - Setting next_dagrun for example_python_decorator to None, run_after=None
[2026-07-31T15:54:30.486+0000] {processor.py:208} INFO - Processing /home/airflow/.local/lib/python3.12/site-packages/airflow/example_dags/example_python_decorator.py took 0.133 seconds
[2026-07-31T15:55:00.843+0000] {processor.py:186} INFO - Started process (PID=963) to work on /home/airflow/.local/lib/python3.12/site-packages/airflow/example_dags/example_python_decorator.py
[2026-07-31T15:55:00.846+0000] {processor.py:914} INFO - Processing file /home/airflow/.local/lib/python3.12/site-packages/airflow/example_dags/example_python_decorator.py for tasks to queue
[2026-07-31T15:55:00.852+0000] {logging_mixin.py:190} INFO - [2026-07-31T15:55:00.852+0000] {dagbag.py:588} INFO - Filling up the DagBag from /home/airflow/.local/lib/python3.12/site-packages/airflow/example_dags/example_python_decorator.py
[2026-07-31T15:55:00.874+0000] {processor.py:925} INFO - DAG(s) 'example_python_decorator' retrieved from /home/airflow/.local/lib/python3.12/site-packages/airflow/example_dags/example_python_decorator.py
[2026-07-31T15:55:00.942+0000] {logging_mixin.py:190} INFO - [2026-07-31T15:55:00.942+0000] {dag.py:3239} INFO - Sync 1 DAGs
[2026-07-31T15:55:00.980+0000] {logging_mixin.py:190} INFO - [2026-07-31T15:55:00.979+0000] {dag.py:4180} INFO - Setting next_dagrun for example_python_decorator to None, run_after=None
[2026-07-31T15:55:01.028+0000] {processor.py:208} INFO - Processing /home/airflow/.local/lib/python3.12/site-packages/airflow/example_dags/example_python_decorator.py took 0.193 seconds
[2026-07-31T15:55:31.409+0000] {processor.py:186} INFO - Started process (PID=1026) to work on /home/airflow/.local/lib/python3.12/site-packages/airflow/example_dags/example_python_decorator.py
[2026-07-31T15:55:31.413+0000] {processor.py:914} INFO - Processing file /home/airflow/.local/lib/python3.12/site-packages/airflow/example_dags/example_python_decorator.py for tasks to queue
[2026-07-31T15:55:31.423+0000] {logging_mixin.py:190} INFO - [2026-07-31T15:55:31.423+0000] {dagbag.py:588} INFO - Filling up the DagBag from /home/airflow/.local/lib/python3.12/site-packages/airflow/example_dags/example_python_decorator.py
[2026-07-31T15:55:31.450+0000] {processor.py:925} INFO - DAG(s) 'example_python_decorator' retrieved from /home/airflow/.local/lib/python3.12/site-packages/airflow/example_dags/example_python_decorator.py
[2026-07-31T15:55:31.485+0000] {logging_mixin.py:190} INFO - [2026-07-31T15:55:31.484+0000] {dag.py:3239} INFO - Sync 1 DAGs
[2026-07-31T15:55:31.509+0000] {logging_mixin.py:190} INFO - [2026-07-31T15:55:31.509+0000] {dag.py:4180} INFO - Setting next_dagrun for example_python_decorator to None, run_after=None
[2026-07-31T15:55:31.537+0000] {processor.py:208} INFO - Processing /home/airflow/.local/lib/python3.12/site-packages/airflow/example_dags/example_python_decorator.py took 0.139 seconds
[2026-07-31T15:56:02.481+0000] {processor.py:186} INFO - Started process (PID=1088) to work on /home/airflow/.local/lib/python3.12/site-packages/airflow/example_dags/example_python_decorator.py
[2026-07-31T15:56:02.485+0000] {processor.py:914} INFO - Processing file /home/airflow/.local/lib/python3.12/site-packages/airflow/example_dags/example_python_decorator.py for tasks to queue
[2026-07-31T15:56:02.492+0000] {logging_mixin.py:190} INFO - [2026-07-31T15:56:02.492+0000] {dagbag.py:588} INFO - Filling up the DagBag from /home/airflow/.local/lib/python3.12/site-packages/airflow/example_dags/example_python_decorator.py
[2026-07-31T15:56:02.517+0000] {processor.py:925} INFO - DAG(s) 'example_python_decorator' retrieved from /home/airflow/.local/lib/python3.12/site-packages/airflow/example_dags/example_python_decorator.py
[2026-07-31T15:56:02.550+0000] {logging_mixin.py:190} INFO - [2026-07-31T15:56:02.549+0000] {dag.py:3239} INFO - Sync 1 DAGs
[2026-07-31T15:56:02.570+0000] {logging_mixin.py:190} INFO - [2026-07-31T15:56:02.570+0000] {dag.py:4180} INFO - Setting next_dagrun for example_python_decorator to None, run_after=None
[2026-07-31T15:56:02.599+0000] {processor.py:208} INFO - Processing /home/airflow/.local/lib/python3.12/site-packages/airflow/example_dags/example_python_decorator.py took 0.129 seconds
[2026-07-31T15:56:32.782+0000] {processor.py:186} INFO - Started process (PID=1151) to work on /home/airflow/.local/lib/python3.12/site-packages/airflow/example_dags/example_python_decorator.py
[2026-07-31T15:56:32.785+0000] {processor.py:914} INFO - Processing file /home/airflow/.local/lib/python3.12/site-packages/airflow/example_dags/example_python_decorator.py for tasks to queue
[2026-07-31T15:56:32.790+0000] {logging_mixin.py:190} INFO - [2026-07-31T15:56:32.790+0000] {dagbag.py:588} INFO - Filling up the DagBag from /home/airflow/.local/lib/python3.12/site-packages/airflow/example_dags/example_python_decorator.py
[2026-07-31T15:56:32.818+0000] {processor.py:925} INFO - DAG(s) 'example_python_decorator' retrieved from /home/airflow/.local/lib/python3.12/site-packages/airflow/example_dags/example_python_decorator.py
[2026-07-31T15:56:32.855+0000] {logging_mixin.py:190} INFO - [2026-07-31T15:56:32.855+0000] {dag.py:3239} INFO - Sync 1 DAGs
[2026-07-31T15:56:32.879+0000] {logging_mixin.py:190} INFO - [2026-07-31T15:56:32.878+0000] {dag.py:4180} INFO - Setting next_dagrun for example_python_decorator to None, run_after=None
[2026-07-31T15:56:32.912+0000] {processor.py:208} INFO - Processing /home/airflow/.local/lib/python3.12/site-packages/airflow/example_dags/example_python_decorator.py took 0.137 seconds
[2026-07-31T15:57:03.191+0000] {processor.py:186} INFO - Started process (PID=1213) to work on /home/airflow/.local/lib/python3.12/site-packages/airflow/example_dags/example_python_decorator.py
[2026-07-31T15:57:03.194+0000] {processor.py:914} INFO - Processing file /home/airflow/.local/lib/python3.12/site-packages/airflow/example_dags/example_python_decorator.py for tasks to queue
[2026-07-31T15:57:03.201+0000] {logging_mixin.py:190} INFO - [2026-07-31T15:57:03.201+0000] {dagbag.py:588} INFO - Filling up the DagBag from /home/airflow/.local/lib/python3.12/site-packages/airflow/example_dags/example_python_decorator.py
[2026-07-31T15:57:03.222+0000] {processor.py:925} INFO - DAG(s) 'example_python_decorator' retrieved from /home/airflow/.local/lib/python3.12/site-packages/airflow/example_dags/example_python_decorator.py
[2026-07-31T15:57:03.250+0000] {logging_mixin.py:190} INFO - [2026-07-31T15:57:03.250+0000] {dag.py:3239} INFO - Sync 1 DAGs
[2026-07-31T15:57:03.269+0000] {logging_mixin.py:190} INFO - [2026-07-31T15:57:03.269+0000] {dag.py:4180} INFO - Setting next_dagrun for example_python_decorator to None, run_after=None
[2026-07-31T15:57:03.298+0000] {processor.py:208} INFO - Processing /home/airflow/.local/lib/python3.12/site-packages/airflow/example_dags/example_python_decorator.py took 0.116 seconds
[2026-07-31T15:57:34.062+0000] {processor.py:186} INFO - Started process (PID=1276) to work on /home/airflow/.local/lib/python3.12/site-packages/airflow/example_dags/example_python_decorator.py
[2026-07-31T15:57:34.071+0000] {processor.py:914} INFO - Processing file /home/airflow/.local/lib/python3.12/site-packages/airflow/example_dags/example_python_decorator.py for tasks to queue
[2026-07-31T15:57:34.080+0000] {logging_mixin.py:190} INFO - [2026-07-31T15:57:34.079+0000] {dagbag.py:588} INFO - Filling up the DagBag from /home/airflow/.local/lib/python3.12/site-packages/airflow/example_dags/example_python_decorator.py
[2026-07-31T15:57:34.123+0000] {processor.py:925} INFO - DAG(s) 'example_python_decorator' retrieved from /home/airflow/.local/lib/python3.12/site-packages/airflow/example_dags/example_python_decorator.py
[2026-07-31T15:57:34.185+0000] {logging_mixin.py:190} INFO - [2026-07-31T15:57:34.184+0000] {dag.py:3239} INFO - Sync 1 DAGs
[2026-07-31T15:57:34.240+0000] {logging_mixin.py:190} INFO - [2026-07-31T15:57:34.239+0000] {dag.py:4180} INFO - Setting next_dagrun for example_python_decorator to None, run_after=None
[2026-07-31T15:57:34.305+0000] {processor.py:208} INFO - Processing /home/airflow/.local/lib/python3.12/site-packages/airflow/example_dags/example_python_decorator.py took 0.263 seconds
[2026-07-31T15:58:04.914+0000] {processor.py:186} INFO - Started process (PID=1338) to work on /home/airflow/.local/lib/python3.12/site-packages/airflow/example_dags/example_python_decorator.py
[2026-07-31T15:58:04.921+0000] {processor.py:914} INFO - Processing file /home/airflow/.local/lib/python3.12/site-packages/airflow/example_dags/example_python_decorator.py for tasks to queue
[2026-07-31T15:58:04.928+0000] {logging_mixin.py:190} INFO - [2026-07-31T15:58:04.927+0000] {dagbag.py:588} INFO - Filling up the DagBag from /home/airflow/.local/lib/python3.12/site-packages/airflow/example_dags/example_python_decorator.py
[2026-07-31T15:58:04.975+0000] {processor.py:925} INFO - DAG(s) 'example_python_decorator' retrieved from /home/airflow/.local/lib/python3.12/site-packages/airflow/example_dags/example_python_decorator.py
[2026-07-31T15:58:05.070+0000] {logging_mixin.py:190} INFO - [2026-07-31T15:58:05.070+0000] {dag.py:3239} INFO - Sync 1 DAGs
[2026-07-31T15:58:05.110+0000] {logging_mixin.py:190} INFO - [2026-07-31T15:58:05.109+0000] {dag.py:4180} INFO - Setting next_dagrun for example_python_decorator to None, run_after=None
[2026-07-31T15:58:05.174+0000] {processor.py:208} INFO - Processing /home/airflow/.local/lib/python3.12/site-packages/airflow/example_dags/example_python_decorator.py took 0.310 seconds
[2026-07-31T15:58:35.270+0000] {processor.py:186} INFO - Started process (PID=1401) to work on /home/airflow/.local/lib/python3.12/site-packages/airflow/example_dags/example_python_decorator.py
[2026-07-31T15:58:35.272+0000] {processor.py:914} INFO - Processing file /home/airflow/.local/lib/python3.12/site-packages/airflow/example_dags/example_python_decorator.py for tasks to queue
[2026-07-31T15:58:35.278+0000] {logging_mixin.py:190} INFO - [2026-07-31T15:58:35.278+0000] {dagbag.py:588} INFO - Filling up the DagBag from /home/airflow/.local/lib/python3.12/site-packages/airflow/example_dags/example_python_decorator.py
[2026-07-31T15:58:35.302+0000] {processor.py:925} INFO - DAG(s) 'example_python_decorator' retrieved from /home/airflow/.local/lib/python3.12/site-packages/airflow/example_dags/example_python_decorator.py
[2026-07-31T15:58:35.336+0000] {logging_mixin.py:190} INFO - [2026-07-31T15:58:35.336+0000] {dag.py:3239} INFO - Sync 1 DAGs
[2026-07-31T15:58:35.358+0000] {logging_mixin.py:190} INFO - [2026-07-31T15:58:35.358+0000] {dag.py:4180} INFO - Setting next_dagrun for example_python_decorator to None, run_after=None
[2026-07-31T15:58:35.391+0000] {processor.py:208} INFO - Processing /home/airflow/.local/lib/python3.12/site-packages/airflow/example_dags/example_python_decorator.py took 0.131 seconds
[2026-07-31T15:59:05.619+0000] {processor.py:186} INFO - Started process (PID=1464) to work on /home/airflow/.local/lib/python3.12/site-packages/airflow/example_dags/example_python_decorator.py
[2026-07-31T15:59:05.622+0000] {processor.py:914} INFO - Processing file /home/airflow/.local/lib/python3.12/site-packages/airflow/example_dags/example_python_decorator.py for tasks to queue
[2026-07-31T15:59:05.626+0000] {logging_mixin.py:190} INFO - [2026-07-31T15:59:05.626+0000] {dagbag.py:588} INFO - Filling up the DagBag from /home/airflow/.local/lib/python3.12/site-packages/airflow/example_dags/example_python_decorator.py
[2026-07-31T15:59:05.645+0000] {processor.py:925} INFO - DAG(s) 'example_python_decorator' retrieved from /home/airflow/.local/lib/python3.12/site-packages/airflow/example_dags/example_python_decorator.py
[2026-07-31T15:59:05.672+0000] {logging_mixin.py:190} INFO - [2026-07-31T15:59:05.672+0000] {dag.py:3239} INFO - Sync 1 DAGs
[2026-07-31T15:59:05.689+0000] {logging_mixin.py:190} INFO - [2026-07-31T15:59:05.689+0000] {dag.py:4180} INFO - Setting next_dagrun for example_python_decorator to None, run_after=None
[2026-07-31T15:59:05.713+0000] {processor.py:208} INFO - Processing /home/airflow/.local/lib/python3.12/site-packages/airflow/example_dags/example_python_decorator.py took 0.106 seconds
[2026-07-31T15:59:35.954+0000] {processor.py:186} INFO - Started process (PID=1527) to work on /home/airflow/.local/lib/python3.12/site-packages/airflow/example_dags/example_python_decorator.py
[2026-07-31T15:59:35.956+0000] {processor.py:914} INFO - Processing file /home/airflow/.local/lib/python3.12/site-packages/airflow/example_dags/example_python_decorator.py for tasks to queue
[2026-07-31T15:59:35.960+0000] {logging_mixin.py:190} INFO - [2026-07-31T15:59:35.960+0000] {dagbag.py:588} INFO - Filling up the DagBag from /home/airflow/.local/lib/python3.12/site-packages/airflow/example_dags/example_python_decorator.py
[2026-07-31T15:59:35.982+0000] {processor.py:925} INFO - DAG(s) 'example_python_decorator' retrieved from /home/airflow/.local/lib/python3.12/site-packages/airflow/example_dags/example_python_decorator.py
[2026-07-31T15:59:36.018+0000] {logging_mixin.py:190} INFO - [2026-07-31T15:59:36.017+0000] {dag.py:3239} INFO - Sync 1 DAGs
[2026-07-31T15:59:36.040+0000] {logging_mixin.py:190} INFO - [2026-07-31T15:59:36.040+0000] {dag.py:4180} INFO - Setting next_dagrun for example_python_decorator to None, run_after=None
[2026-07-31T15:59:36.077+0000] {processor.py:208} INFO - Processing /home/airflow/.local/lib/python3.12/site-packages/airflow/example_dags/example_python_decorator.py took 0.132 seconds
[2026-07-31T16:00:07.030+0000] {processor.py:186} INFO - Started process (PID=1590) to work on /home/airflow/.local/lib/python3.12/site-packages/airflow/example_dags/example_python_decorator.py
[2026-07-31T16:00:07.032+0000] {processor.py:914} INFO - Processing file /home/airflow/.local/lib/python3.12/site-packages/airflow/example_dags/example_python_decorator.py for tasks to queue
[2026-07-31T16:00:07.037+0000] {logging_mixin.py:190} INFO - [2026-07-31T16:00:07.036+0000] {dagbag.py:588} INFO - Filling up the DagBag from /home/airflow/.local/lib/python3.12/site-packages/airflow/example_dags/example_python_decorator.py
[2026-07-31T16:00:07.057+0000] {processor.py:925} INFO - DAG(s) 'example_python_decorator' retrieved from /home/airflow/.local/lib/python3.12/site-packages/airflow/example_dags/example_python_decorator.py
[2026-07-31T16:00:07.086+0000] {logging_mixin.py:190} INFO - [2026-07-31T16:00:07.086+0000] {dag.py:3239} INFO - Sync 1 DAGs
[2026-07-31T16:00:07.102+0000] {logging_mixin.py:190} INFO - [2026-07-31T16:00:07.102+0000] {dag.py:4180} INFO - Setting next_dagrun for example_python_decorator to None, run_after=None
[2026-07-31T16:00:07.126+0000] {processor.py:208} INFO - Processing /home/airflow/.local/lib/python3.12/site-packages/airflow/example_dags/example_python_decorator.py took 0.105 seconds
[2026-07-31T16:00:37.497+0000] {processor.py:186} INFO - Started process (PID=1654) to work on /home/airflow/.local/lib/python3.12/site-packages/airflow/example_dags/example_python_decorator.py
[2026-07-31T16:00:37.500+0000] {processor.py:914} INFO - Processing file /home/airflow/.local/lib/python3.12/site-packages/airflow/example_dags/example_python_decorator.py for tasks to queue
[2026-07-31T16:00:37.505+0000] {logging_mixin.py:190} INFO - [2026-07-31T16:00:37.505+0000] {dagbag.py:588} INFO - Filling up the DagBag from /home/airflow/.local/lib/python3.12/site-packages/airflow/example_dags/example_python_decorator.py
[2026-07-31T16:00:37.528+0000] {processor.py:925} INFO - DAG(s) 'example_python_decorator' retrieved from /home/airflow/.local/lib/python3.12/site-packages/airflow/example_dags/example_python_decorator.py
[2026-07-31T16:00:37.560+0000] {logging_mixin.py:190} INFO - [2026-07-31T16:00:37.560+0000] {dag.py:3239} INFO - Sync 1 DAGs
[2026-07-31T16:00:37.585+0000] {logging_mixin.py:190} INFO - [2026-07-31T16:00:37.585+0000] {dag.py:4180} INFO - Setting next_dagrun for example_python_decorator to None, run_after=None
[2026-07-31T16:00:37.627+0000] {processor.py:208} INFO - Processing /home/airflow/.local/lib/python3.12/site-packages/airflow/example_dags/example_python_decorator.py took 0.144 seconds
[2026-07-31T16:01:07.883+0000] {processor.py:186} INFO - Started process (PID=1717) to work on /home/airflow/.local/lib/python3.12/site-packages/airflow/example_dags/example_python_decorator.py
[2026-07-31T16:01:07.886+0000] {processor.py:914} INFO - Processing file /home/airflow/.local/lib/python3.12/site-packages/airflow/example_dags/example_python_decorator.py for tasks to queue
[2026-07-31T16:01:07.891+0000] {logging_mixin.py:190} INFO - [2026-07-31T16:01:07.890+0000] {dagbag.py:588} INFO - Filling up the DagBag from /home/airflow/.local/lib/python3.12/site-packages/airflow/example_dags/example_python_decorator.py
[2026-07-31T16:01:07.911+0000] {processor.py:925} INFO - DAG(s) 'example_python_decorator' retrieved from /home/airflow/.local/lib/python3.12/site-packages/airflow/example_dags/example_python_decorator.py
[2026-07-31T16:01:07.946+0000] {logging_mixin.py:190} INFO - [2026-07-31T16:01:07.946+0000] {dag.py:3239} INFO - Sync 1 DAGs
[2026-07-31T16:01:07.965+0000] {logging_mixin.py:190} INFO - [2026-07-31T16:01:07.964+0000] {dag.py:4180} INFO - Setting next_dagrun for example_python_decorator to None, run_after=None
[2026-07-31T16:01:07.987+0000] {processor.py:208} INFO - Processing /home/airflow/.local/lib/python3.12/site-packages/airflow/example_dags/example_python_decorator.py took 0.111 seconds
[2026-07-31T16:01:38.762+0000] {processor.py:186} INFO - Started process (PID=1781) to work on /home/airflow/.local/lib/python3.12/site-packages/airflow/example_dags/example_python_decorator.py
[2026-07-31T16:01:38.765+0000] {processor.py:914} INFO - Processing file /home/airflow/.local/lib/python3.12/site-packages/airflow/example_dags/example_python_decorator.py for tasks to queue
[2026-07-31T16:01:38.771+0000] {logging_mixin.py:190} INFO - [2026-07-31T16:01:38.770+0000] {dagbag.py:588} INFO - Filling up the DagBag from /home/airflow/.local/lib/python3.12/site-packages/airflow/example_dags/example_python_decorator.py
[2026-07-31T16:01:38.793+0000] {processor.py:925} INFO - DAG(s) 'example_python_decorator' retrieved from /home/airflow/.local/lib/python3.12/site-packages/airflow/example_dags/example_python_decorator.py
[2026-07-31T16:01:38.826+0000] {logging_mixin.py:190} INFO - [2026-07-31T16:01:38.825+0000] {dag.py:3239} INFO - Sync 1 DAGs
[2026-07-31T16:01:38.845+0000] {logging_mixin.py:190} INFO - [2026-07-31T16:01:38.845+0000] {dag.py:4180} INFO - Setting next_dagrun for example_python_decorator to None, run_after=None
[2026-07-31T16:01:38.870+0000] {processor.py:208} INFO - Processing /home/airflow/.local/lib/python3.12/site-packages/airflow/example_dags/example_python_decorator.py took 0.116 seconds
[2026-07-31T16:02:09.243+0000] {processor.py:186} INFO - Started process (PID=1844) to work on /home/airflow/.local/lib/python3.12/site-packages/airflow/example_dags/example_python_decorator.py
[2026-07-31T16:02:09.246+0000] {processor.py:914} INFO - Processing file /home/airflow/.local/lib/python3.12/site-packages/airflow/example_dags/example_python_decorator.py for tasks to queue
[2026-07-31T16:02:09.254+0000] {logging_mixin.py:190} INFO - [2026-07-31T16:02:09.254+0000] {dagbag.py:588} INFO - Filling up the DagBag from /home/airflow/.local/lib/python3.12/site-packages/airflow/example_dags/example_python_decorator.py
[2026-07-31T16:02:09.278+0000] {processor.py:925} INFO - DAG(s) 'example_python_decorator' retrieved from /home/airflow/.local/lib/python3.12/site-packages/airflow/example_dags/example_python_decorator.py
[2026-07-31T16:02:09.309+0000] {logging_mixin.py:190} INFO - [2026-07-31T16:02:09.309+0000] {dag.py:3239} INFO - Sync 1 DAGs
[2026-07-31T16:02:09.331+0000] {logging_mixin.py:190} INFO - [2026-07-31T16:02:09.331+0000] {dag.py:4180} INFO - Setting next_dagrun for example_python_decorator to None, run_after=None
[2026-07-31T16:02:09.361+0000] {processor.py:208} INFO - Processing /home/airflow/.local/lib/python3.12/site-packages/airflow/example_dags/example_python_decorator.py took 0.133 seconds
[2026-07-31T16:02:40.282+0000] {processor.py:186} INFO - Started process (PID=1907) to work on /home/airflow/.local/lib/python3.12/site-packages/airflow/example_dags/example_python_decorator.py
[2026-07-31T16:02:40.285+0000] {processor.py:914} INFO - Processing file /home/airflow/.local/lib/python3.12/site-packages/airflow/example_dags/example_python_decorator.py for tasks to queue
[2026-07-31T16:02:40.293+0000] {logging_mixin.py:190} INFO - [2026-07-31T16:02:40.292+0000] {dagbag.py:588} INFO - Filling up the DagBag from /home/airflow/.local/lib/python3.12/site-packages/airflow/example_dags/example_python_decorator.py
[2026-07-31T16:02:40.319+0000] {processor.py:925} INFO - DAG(s) 'example_python_decorator' retrieved from /home/airflow/.local/lib/python3.12/site-packages/airflow/example_dags/example_python_decorator.py
[2026-07-31T16:02:40.354+0000] {logging_mixin.py:190} INFO - [2026-07-31T16:02:40.354+0000] {dag.py:3239} INFO - Sync 1 DAGs
[2026-07-31T16:02:40.377+0000] {logging_mixin.py:190} INFO - [2026-07-31T16:02:40.377+0000] {dag.py:4180} INFO - Setting next_dagrun for example_python_decorator to None, run_after=None
[2026-07-31T16:02:40.411+0000] {processor.py:208} INFO - Processing /home/airflow/.local/lib/python3.12/site-packages/airflow/example_dags/example_python_decorator.py took 0.141 seconds
[2026-07-31T16:03:11.050+0000] {processor.py:186} INFO - Started process (PID=1968) to work on /home/airflow/.local/lib/python3.12/site-packages/airflow/example_dags/example_python_decorator.py
[2026-07-31T16:03:11.053+0000] {processor.py:914} INFO - Processing file /home/airflow/.local/lib/python3.12/site-packages/airflow/example_dags/example_python_decorator.py for tasks to queue
[2026-07-31T16:03:11.061+0000] {logging_mixin.py:190} INFO - [2026-07-31T16:03:11.060+0000] {dagbag.py:588} INFO - Filling up the DagBag from /home/airflow/.local/lib/python3.12/site-packages/airflow/example_dags/example_python_decorator.py
[2026-07-31T16:03:11.097+0000] {processor.py:925} INFO - DAG(s) 'example_python_decorator' retrieved from /home/airflow/.local/lib/python3.12/site-packages/airflow/example_dags/example_python_decorator.py
[2026-07-31T16:03:11.141+0000] {logging_mixin.py:190} INFO - [2026-07-31T16:03:11.140+0000] {dag.py:3239} INFO - Sync 1 DAGs
[2026-07-31T16:03:11.163+0000] {logging_mixin.py:190} INFO - [2026-07-31T16:03:11.163+0000] {dag.py:4180} INFO - Setting next_dagrun for example_python_decorator to None, run_after=None
[2026-07-31T16:03:11.209+0000] {processor.py:208} INFO - Processing /home/airflow/.local/lib/python3.12/site-packages/airflow/example_dags/example_python_decorator.py took 0.173 seconds
[2026-07-31T16:03:41.630+0000] {processor.py:186} INFO - Started process (PID=2030) to work on /home/airflow/.local/lib/python3.12/site-packages/airflow/example_dags/example_python_decorator.py
[2026-07-31T16:03:41.632+0000] {processor.py:914} INFO - Processing file /home/airflow/.local/lib/python3.12/site-packages/airflow/example_dags/example_python_decorator.py for tasks to queue
[2026-07-31T16:03:41.638+0000] {logging_mixin.py:190} INFO - [2026-07-31T16:03:41.637+0000] {dagbag.py:588} INFO - Filling up the DagBag from /home/airflow/.local/lib/python3.12/site-packages/airflow/example_dags/example_python_decorator.py
[2026-07-31T16:03:41.658+0000] {processor.py:925} INFO - DAG(s) 'example_python_decorator' retrieved from /home/airflow/.local/lib/python3.12/site-packages/airflow/example_dags/example_python_decorator.py
[2026-07-31T16:03:41.689+0000] {logging_mixin.py:190} INFO - [2026-07-31T16:03:41.689+0000] {dag.py:3239} INFO - Sync 1 DAGs
[2026-07-31T16:03:41.708+0000] {logging_mixin.py:190} INFO - [2026-07-31T16:03:41.708+0000] {dag.py:4180} INFO - Setting next_dagrun for example_python_decorator to None, run_after=None
[2026-07-31T16:03:41.736+0000] {processor.py:208} INFO - Processing /home/airflow/.local/lib/python3.12/site-packages/airflow/example_dags/example_python_decorator.py took 0.115 seconds
[2026-07-31T16:04:12.189+0000] {processor.py:186} INFO - Started process (PID=2093) to work on /home/airflow/.local/lib/python3.12/site-packages/airflow/example_dags/example_python_decorator.py
[2026-07-31T16:04:12.192+0000] {processor.py:914} INFO - Processing file /home/airflow/.local/lib/python3.12/site-packages/airflow/example_dags/example_python_decorator.py for tasks to queue
[2026-07-31T16:04:12.199+0000] {logging_mixin.py:190} INFO - [2026-07-31T16:04:12.198+0000] {dagbag.py:588} INFO - Filling up the DagBag from /home/airflow/.local/lib/python3.12/site-packages/airflow/example_dags/example_python_decorator.py
[2026-07-31T16:04:12.231+0000] {processor.py:925} INFO - DAG(s) 'example_python_decorator' retrieved from /home/airflow/.local/lib/python3.12/site-packages/airflow/example_dags/example_python_decorator.py
[2026-07-31T16:04:12.266+0000] {logging_mixin.py:190} INFO - [2026-07-31T16:04:12.265+0000] {dag.py:3239} INFO - Sync 1 DAGs
[2026-07-31T16:04:12.316+0000] {logging_mixin.py:190} INFO - [2026-07-31T16:04:12.316+0000] {dag.py:4180} INFO - Setting next_dagrun for example_python_decorator to None, run_after=None
[2026-07-31T16:04:12.356+0000] {processor.py:208} INFO - Processing /home/airflow/.local/lib/python3.12/site-packages/airflow/example_dags/example_python_decorator.py took 0.180 seconds
[2026-07-31T16:04:42.504+0000] {processor.py:186} INFO - Started process (PID=2156) to work on /home/airflow/.local/lib/python3.12/site-packages/airflow/example_dags/example_python_decorator.py
[2026-07-31T16:04:42.509+0000] {processor.py:914} INFO - Processing file /home/airflow/.local/lib/python3.12/site-packages/airflow/example_dags/example_python_decorator.py for tasks to queue
[2026-07-31T16:04:42.515+0000] {logging_mixin.py:190} INFO - [2026-07-31T16:04:42.514+0000] {dagbag.py:588} INFO - Filling up the DagBag from /home/airflow/.local/lib/python3.12/site-packages/airflow/example_dags/example_python_decorator.py
[2026-07-31T16:04:42.542+0000] {processor.py:925} INFO - DAG(s) 'example_python_decorator' retrieved from /home/airflow/.local/lib/python3.12/site-packages/airflow/example_dags/example_python_decorator.py
[2026-07-31T16:04:42.588+0000] {logging_mixin.py:190} INFO - [2026-07-31T16:04:42.588+0000] {dag.py:3239} INFO - Sync 1 DAGs
[2026-07-31T16:04:42.610+0000] {logging_mixin.py:190} INFO - [2026-07-31T16:04:42.610+0000] {dag.py:4180} INFO - Setting next_dagrun for example_python_decorator to None, run_after=None
[2026-07-31T16:04:42.644+0000] {processor.py:208} INFO - Processing /home/airflow/.local/lib/python3.12/site-packages/airflow/example_dags/example_python_decorator.py took 0.153 seconds
[2026-07-31T16:05:12.834+0000] {processor.py:186} INFO - Started process (PID=2219) to work on /home/airflow/.local/lib/python3.12/site-packages/airflow/example_dags/example_python_decorator.py
[2026-07-31T16:05:12.837+0000] {processor.py:914} INFO - Processing file /home/airflow/.local/lib/python3.12/site-packages/airflow/example_dags/example_python_decorator.py for tasks to queue
[2026-07-31T16:05:12.842+0000] {logging_mixin.py:190} INFO - [2026-07-31T16:05:12.841+0000] {dagbag.py:588} INFO - Filling up the DagBag from /home/airflow/.local/lib/python3.12/site-packages/airflow/example_dags/example_python_decorator.py
[2026-07-31T16:05:12.862+0000] {processor.py:925} INFO - DAG(s) 'example_python_decorator' retrieved from /home/airflow/.local/lib/python3.12/site-packages/airflow/example_dags/example_python_decorator.py
[2026-07-31T16:05:12.894+0000] {logging_mixin.py:190} INFO - [2026-07-31T16:05:12.894+0000] {dag.py:3239} INFO - Sync 1 DAGs
[2026-07-31T16:05:12.916+0000] {logging_mixin.py:190} INFO - [2026-07-31T16:05:12.916+0000] {dag.py:4180} INFO - Setting next_dagrun for example_python_decorator to None, run_after=None
[2026-07-31T16:05:12.951+0000] {processor.py:208} INFO - Processing /home/airflow/.local/lib/python3.12/site-packages/airflow/example_dags/example_python_decorator.py took 0.125 seconds
[2026-07-31T16:05:43.494+0000] {processor.py:186} INFO - Started process (PID=2282) to work on /home/airflow/.local/lib/python3.12/site-packages/airflow/example_dags/example_python_decorator.py
[2026-07-31T16:05:43.499+0000] {processor.py:914} INFO - Processing file /home/airflow/.local/lib/python3.12/site-packages/airflow/example_dags/example_python_decorator.py for tasks to queue
[2026-07-31T16:05:43.507+0000] {logging_mixin.py:190} INFO - [2026-07-31T16:05:43.505+0000] {dagbag.py:588} INFO - Filling up the DagBag from /home/airflow/.local/lib/python3.12/site-packages/airflow/example_dags/example_python_decorator.py
[2026-07-31T16:05:43.525+0000] {processor.py:925} INFO - DAG(s) 'example_python_decorator' retrieved from /home/airflow/.local/lib/python3.12/site-packages/airflow/example_dags/example_python_decorator.py
[2026-07-31T16:05:43.559+0000] {logging_mixin.py:190} INFO - [2026-07-31T16:05:43.558+0000] {dag.py:3239} INFO - Sync 1 DAGs
[2026-07-31T16:05:43.579+0000] {logging_mixin.py:190} INFO - [2026-07-31T16:05:43.579+0000] {dag.py:4180} INFO - Setting next_dagrun for example_python_decorator to None, run_after=None
[2026-07-31T16:05:43.617+0000] {processor.py:208} INFO - Processing /home/airflow/.local/lib/python3.12/site-packages/airflow/example_dags/example_python_decorator.py took 0.131 seconds
[2026-07-31T16:06:14.034+0000] {processor.py:186} INFO - Started process (PID=2345) to work on /home/airflow/.local/lib/python3.12/site-packages/airflow/example_dags/example_python_decorator.py
[2026-07-31T16:06:14.037+0000] {processor.py:914} INFO - Processing file /home/airflow/.local/lib/python3.12/site-packages/airflow/example_dags/example_python_decorator.py for tasks to queue
[2026-07-31T16:06:14.048+0000] {logging_mixin.py:190} INFO - [2026-07-31T16:06:14.046+0000] {dagbag.py:588} INFO - Filling up the DagBag from /home/airflow/.local/lib/python3.12/site-packages/airflow/example_dags/example_python_decorator.py
[2026-07-31T16:06:14.077+0000] {processor.py:925} INFO - DAG(s) 'example_python_decorator' retrieved from /home/airflow/.local/lib/python3.12/site-packages/airflow/example_dags/example_python_decorator.py
[2026-07-31T16:06:14.117+0000] {logging_mixin.py:190} INFO - [2026-07-31T16:06:14.116+0000] {dag.py:3239} INFO - Sync 1 DAGs
[2026-07-31T16:06:14.141+0000] {logging_mixin.py:190} INFO - [2026-07-31T16:06:14.141+0000] {dag.py:4180} INFO - Setting next_dagrun for example_python_decorator to None, run_after=None
[2026-07-31T16:06:14.168+0000] {processor.py:208} INFO - Processing /home/airflow/.local/lib/python3.12/site-packages/airflow/example_dags/example_python_decorator.py took 0.146 seconds
[2026-07-31T16:06:44.892+0000] {processor.py:186} INFO - Started process (PID=2408) to work on /home/airflow/.local/lib/python3.12/site-packages/airflow/example_dags/example_python_decorator.py
[2026-07-31T16:06:44.895+0000] {processor.py:914} INFO - Processing file /home/airflow/.local/lib/python3.12/site-packages/airflow/example_dags/example_python_decorator.py for tasks to queue
[2026-07-31T16:06:44.902+0000] {logging_mixin.py:190} INFO - [2026-07-31T16:06:44.901+0000] {dagbag.py:588} INFO - Filling up the DagBag from /home/airflow/.local/lib/python3.12/site-packages/airflow/example_dags/example_python_decorator.py
[2026-07-31T16:06:44.924+0000] {processor.py:925} INFO - DAG(s) 'example_python_decorator' retrieved from /home/airflow/.local/lib/python3.12/site-packages/airflow/example_dags/example_python_decorator.py
[2026-07-31T16:06:44.956+0000] {logging_mixin.py:190} INFO - [2026-07-31T16:06:44.956+0000] {dag.py:3239} INFO - Sync 1 DAGs
[2026-07-31T16:06:44.981+0000] {logging_mixin.py:190} INFO - [2026-07-31T16:06:44.981+0000] {dag.py:4180} INFO - Setting next_dagrun for example_python_decorator to None, run_after=None
[2026-07-31T16:06:45.011+0000] {processor.py:208} INFO - Processing /home/airflow/.local/lib/python3.12/site-packages/airflow/example_dags/example_python_decorator.py took 0.127 seconds
[2026-07-31T16:07:15.859+0000] {processor.py:186} INFO - Started process (PID=2472) to work on /home/airflow/.local/lib/python3.12/site-packages/airflow/example_dags/example_python_decorator.py
[2026-07-31T16:07:15.860+0000] {processor.py:914} INFO - Processing file /home/airflow/.local/lib/python3.12/site-packages/airflow/example_dags/example_python_decorator.py for tasks to queue
[2026-07-31T16:07:15.864+0000] {logging_mixin.py:190} INFO - [2026-07-31T16:07:15.864+0000] {dagbag.py:588} INFO - Filling up the DagBag from /home/airflow/.local/lib/python3.12/site-packages/airflow/example_dags/example_python_decorator.py
[2026-07-31T16:07:15.874+0000] {processor.py:925} INFO - DAG(s) 'example_python_decorator' retrieved from /home/airflow/.local/lib/python3.12/site-packages/airflow/example_dags/example_python_decorator.py
[2026-07-31T16:07:15.889+0000] {logging_mixin.py:190} INFO - [2026-07-31T16:07:15.889+0000] {dag.py:3239} INFO - Sync 1 DAGs
[2026-07-31T16:07:15.899+0000] {logging_mixin.py:190} INFO - [2026-07-31T16:07:15.899+0000] {dag.py:4180} INFO - Setting next_dagrun for example_python_decorator to None, run_after=None
[2026-07-31T16:07:15.914+0000] {processor.py:208} INFO - Processing /home/airflow/.local/lib/python3.12/site-packages/airflow/example_dags/example_python_decorator.py took 0.060 seconds
[2026-07-31T16:07:46.600+0000] {processor.py:186} INFO - Started process (PID=2535) to work on /home/airflow/.local/lib/python3.12/site-packages/airflow/example_dags/example_python_decorator.py
[2026-07-31T16:07:46.602+0000] {processor.py:914} INFO - Processing file /home/airflow/.local/lib/python3.12/site-packages/airflow/example_dags/example_python_decorator.py for tasks to queue
[2026-07-31T16:07:46.606+0000] {logging_mixin.py:190} INFO - [2026-07-31T16:07:46.606+0000] {dagbag.py:588} INFO - Filling up the DagBag from /home/airflow/.local/lib/python3.12/site-packages/airflow/example_dags/example_python_decorator.py
[2026-07-31T16:07:46.617+0000] {processor.py:925} INFO - DAG(s) 'example_python_decorator' retrieved from /home/airflow/.local/lib/python3.12/site-packages/airflow/example_dags/example_python_decorator.py
[2026-07-31T16:07:46.631+0000] {logging_mixin.py:190} INFO - [2026-07-31T16:07:46.631+0000] {dag.py:3239} INFO - Sync 1 DAGs
[2026-07-31T16:07:46.643+0000] {logging_mixin.py:190} INFO - [2026-07-31T16:07:46.642+0000] {dag.py:4180} INFO - Setting next_dagrun for example_python_decorator to None, run_after=None
[2026-07-31T16:07:46.658+0000] {processor.py:208} INFO - Processing /home/airflow/.local/lib/python3.12/site-packages/airflow/example_dags/example_python_decorator.py took 0.062 seconds
[2026-07-31T16:08:17.181+0000] {processor.py:186} INFO - Started process (PID=2604) to work on /home/airflow/.local/lib/python3.12/site-packages/airflow/example_dags/example_python_decorator.py
[2026-07-31T16:08:17.183+0000] {processor.py:914} INFO - Processing file /home/airflow/.local/lib/python3.12/site-packages/airflow/example_dags/example_python_decorator.py for tasks to queue
[2026-07-31T16:08:17.186+0000] {logging_mixin.py:190} INFO - [2026-07-31T16:08:17.185+0000] {dagbag.py:588} INFO - Filling up the DagBag from /home/airflow/.local/lib/python3.12/site-packages/airflow/example_dags/example_python_decorator.py
[2026-07-31T16:08:17.202+0000] {processor.py:925} INFO - DAG(s) 'example_python_decorator' retrieved from /home/airflow/.local/lib/python3.12/site-packages/airflow/example_dags/example_python_decorator.py
[2026-07-31T16:08:17.221+0000] {logging_mixin.py:190} INFO - [2026-07-31T16:08:17.221+0000] {dag.py:3239} INFO - Sync 1 DAGs
[2026-07-31T16:08:17.233+0000] {logging_mixin.py:190} INFO - [2026-07-31T16:08:17.233+0000] {dag.py:4180} INFO - Setting next_dagrun for example_python_decorator to None, run_after=None
[2026-07-31T16:08:17.250+0000] {processor.py:208} INFO - Processing /home/airflow/.local/lib/python3.12/site-packages/airflow/example_dags/example_python_decorator.py took 0.073 seconds
[2026-07-31T16:08:47.471+0000] {processor.py:186} INFO - Started process (PID=2668) to work on /home/airflow/.local/lib/python3.12/site-packages/airflow/example_dags/example_python_decorator.py
[2026-07-31T16:08:47.473+0000] {processor.py:914} INFO - Processing file /home/airflow/.local/lib/python3.12/site-packages/airflow/example_dags/example_python_decorator.py for tasks to queue
[2026-07-31T16:08:47.476+0000] {logging_mixin.py:190} INFO - [2026-07-31T16:08:47.476+0000] {dagbag.py:588} INFO - Filling up the DagBag from /home/airflow/.local/lib/python3.12/site-packages/airflow/example_dags/example_python_decorator.py
[2026-07-31T16:08:47.488+0000] {processor.py:925} INFO - DAG(s) 'example_python_decorator' retrieved from /home/airflow/.local/lib/python3.12/site-packages/airflow/example_dags/example_python_decorator.py
[2026-07-31T16:08:47.511+0000] {logging_mixin.py:190} INFO - [2026-07-31T16:08:47.511+0000] {dag.py:3239} INFO - Sync 1 DAGs
[2026-07-31T16:08:47.526+0000] {logging_mixin.py:190} INFO - [2026-07-31T16:08:47.525+0000] {dag.py:4180} INFO - Setting next_dagrun for example_python_decorator to None, run_after=None
[2026-07-31T16:08:47.547+0000] {processor.py:208} INFO - Processing /home/airflow/.local/lib/python3.12/site-packages/airflow/example_dags/example_python_decorator.py took 0.080 seconds
[2026-07-31T16:09:17.642+0000] {processor.py:186} INFO - Started process (PID=2732) to work on /home/airflow/.local/lib/python3.12/site-packages/airflow/example_dags/example_python_decorator.py
[2026-07-31T16:09:17.643+0000] {processor.py:914} INFO - Processing file /home/airflow/.local/lib/python3.12/site-packages/airflow/example_dags/example_python_decorator.py for tasks to queue
[2026-07-31T16:09:17.646+0000] {logging_mixin.py:190} INFO - [2026-07-31T16:09:17.646+0000] {dagbag.py:588} INFO - Filling up the DagBag from /home/airflow/.local/lib/python3.12/site-packages/airflow/example_dags/example_python_decorator.py
[2026-07-31T16:09:17.656+0000] {processor.py:925} INFO - DAG(s) 'example_python_decorator' retrieved from /home/airflow/.local/lib/python3.12/site-packages/airflow/example_dags/example_python_decorator.py
[2026-07-31T16:09:17.672+0000] {logging_mixin.py:190} INFO - [2026-07-31T16:09:17.672+0000] {dag.py:3239} INFO - Sync 1 DAGs
[2026-07-31T16:09:17.682+0000] {logging_mixin.py:190} INFO - [2026-07-31T16:09:17.682+0000] {dag.py:4180} INFO - Setting next_dagrun for example_python_decorator to None, run_after=None
[2026-07-31T16:09:17.699+0000] {processor.py:208} INFO - Processing /home/airflow/.local/lib/python3.12/site-packages/airflow/example_dags/example_python_decorator.py took 0.061 seconds
[2026-07-31T16:09:48.073+0000] {processor.py:186} INFO - Started process (PID=2794) to work on /home/airflow/.local/lib/python3.12/site-packages/airflow/example_dags/example_python_decorator.py
[2026-07-31T16:09:48.074+0000] {processor.py:914} INFO - Processing file /home/airflow/.local/lib/python3.12/site-packages/airflow/example_dags/example_python_decorator.py for tasks to queue
[2026-07-31T16:09:48.077+0000] {logging_mixin.py:190} INFO - [2026-07-31T16:09:48.077+0000] {dagbag.py:588} INFO - Filling up the DagBag from /home/airflow/.local/lib/python3.12/site-packages/airflow/example_dags/example_python_decorator.py
[2026-07-31T16:09:48.087+0000] {processor.py:925} INFO - DAG(s) 'example_python_decorator' retrieved from /home/airflow/.local/lib/python3.12/site-packages/airflow/example_dags/example_python_decorator.py
[2026-07-31T16:09:48.104+0000] {logging_mixin.py:190} INFO - [2026-07-31T16:09:48.104+0000] {dag.py:3239} INFO - Sync 1 DAGs
[2026-07-31T16:09:48.114+0000] {logging_mixin.py:190} INFO - [2026-07-31T16:09:48.114+0000] {dag.py:4180} INFO - Setting next_dagrun for example_python_decorator to None, run_after=None
[2026-07-31T16:09:48.129+0000] {processor.py:208} INFO - Processing /home/airflow/.local/lib/python3.12/site-packages/airflow/example_dags/example_python_decorator.py took 0.060 seconds
[2026-07-31T16:10:18.627+0000] {processor.py:186} INFO - Started process (PID=2857) to work on /home/airflow/.local/lib/python3.12/site-packages/airflow/example_dags/example_python_decorator.py
[2026-07-31T16:10:18.628+0000] {processor.py:914} INFO - Processing file /home/airflow/.local/lib/python3.12/site-packages/airflow/example_dags/example_python_decorator.py for tasks to queue
[2026-07-31T16:10:18.631+0000] {logging_mixin.py:190} INFO - [2026-07-31T16:10:18.630+0000] {dagbag.py:588} INFO - Filling up the DagBag from /home/airflow/.local/lib/python3.12/site-packages/airflow/example_dags/example_python_decorator.py
[2026-07-31T16:10:18.643+0000] {processor.py:925} INFO - DAG(s) 'example_python_decorator' retrieved from /home/airflow/.local/lib/python3.12/site-packages/airflow/example_dags/example_python_decorator.py
[2026-07-31T16:10:18.662+0000] {logging_mixin.py:190} INFO - [2026-07-31T16:10:18.662+0000] {dag.py:3239} INFO - Sync 1 DAGs
[2026-07-31T16:10:18.672+0000] {logging_mixin.py:190} INFO - [2026-07-31T16:10:18.672+0000] {dag.py:4180} INFO - Setting next_dagrun for example_python_decorator to None, run_after=None
[2026-07-31T16:10:18.688+0000] {processor.py:208} INFO - Processing /home/airflow/.local/lib/python3.12/site-packages/airflow/example_dags/example_python_decorator.py took 0.066 seconds
[2026-07-31T16:10:49.135+0000] {processor.py:186} INFO - Started process (PID=2920) to work on /home/airflow/.local/lib/python3.12/site-packages/airflow/example_dags/example_python_decorator.py
[2026-07-31T16:10:49.137+0000] {processor.py:914} INFO - Processing file /home/airflow/.local/lib/python3.12/site-packages/airflow/example_dags/example_python_decorator.py for tasks to queue
[2026-07-31T16:10:49.140+0000] {logging_mixin.py:190} INFO - [2026-07-31T16:10:49.140+0000] {dagbag.py:588} INFO - Filling up the DagBag from /home/airflow/.local/lib/python3.12/site-packages/airflow/example_dags/example_python_decorator.py
[2026-07-31T16:10:49.152+0000] {processor.py:925} INFO - DAG(s) 'example_python_decorator' retrieved from /home/airflow/.local/lib/python3.12/site-packages/airflow/example_dags/example_python_decorator.py
[2026-07-31T16:10:49.171+0000] {logging_mixin.py:190} INFO - [2026-07-31T16:10:49.171+0000] {dag.py:3239} INFO - Sync 1 DAGs
[2026-07-31T16:10:49.181+0000] {logging_mixin.py:190} INFO - [2026-07-31T16:10:49.181+0000] {dag.py:4180} INFO - Setting next_dagrun for example_python_decorator to None, run_after=None
[2026-07-31T16:10:49.194+0000] {processor.py:208} INFO - Processing /home/airflow/.local/lib/python3.12/site-packages/airflow/example_dags/example_python_decorator.py took 0.062 seconds
[2026-07-31T16:11:19.344+0000] {processor.py:186} INFO - Started process (PID=2983) to work on /home/airflow/.local/lib/python3.12/site-packages/airflow/example_dags/example_python_decorator.py
[2026-07-31T16:11:19.346+0000] {processor.py:914} INFO - Processing file /home/airflow/.local/lib/python3.12/site-packages/airflow/example_dags/example_python_decorator.py for tasks to queue
[2026-07-31T16:11:19.351+0000] {logging_mixin.py:190} INFO - [2026-07-31T16:11:19.351+0000] {dagbag.py:588} INFO - Filling up the DagBag from /home/airflow/.local/lib/python3.12/site-packages/airflow/example_dags/example_python_decorator.py
[2026-07-31T16:11:19.375+0000] {processor.py:925} INFO - DAG(s) 'example_python_decorator' retrieved from /home/airflow/.local/lib/python3.12/site-packages/airflow/example_dags/example_python_decorator.py
[2026-07-31T16:11:19.407+0000] {logging_mixin.py:190} INFO - [2026-07-31T16:11:19.406+0000] {dag.py:3239} INFO - Sync 1 DAGs
[2026-07-31T16:11:19.427+0000] {logging_mixin.py:190} INFO - [2026-07-31T16:11:19.427+0000] {dag.py:4180} INFO - Setting next_dagrun for example_python_decorator to None, run_after=None
[2026-07-31T16:11:19.456+0000] {processor.py:208} INFO - Processing /home/airflow/.local/lib/python3.12/site-packages/airflow/example_dags/example_python_decorator.py took 0.119 seconds
[2026-07-31T16:11:50.158+0000] {processor.py:186} INFO - Started process (PID=3046) to work on /home/airflow/.local/lib/python3.12/site-packages/airflow/example_dags/example_python_decorator.py
[2026-07-31T16:11:50.162+0000] {processor.py:914} INFO - Processing file /home/airflow/.local/lib/python3.12/site-packages/airflow/example_dags/example_python_decorator.py for tasks to queue
[2026-07-31T16:11:50.166+0000] {logging_mixin.py:190} INFO - [2026-07-31T16:11:50.166+0000] {dagbag.py:588} INFO - Filling up the DagBag from /home/airflow/.local/lib/python3.12/site-packages/airflow/example_dags/example_python_decorator.py
[2026-07-31T16:11:50.197+0000] {processor.py:925} INFO - DAG(s) 'example_python_decorator' retrieved from /home/airflow/.local/lib/python3.12/site-packages/airflow/example_dags/example_python_decorator.py
[2026-07-31T16:11:50.226+0000] {logging_mixin.py:190} INFO - [2026-07-31T16:11:50.226+0000] {dag.py:3239} INFO - Sync 1 DAGs
[2026-07-31T16:11:50.245+0000] {logging_mixin.py:190} INFO - [2026-07-31T16:11:50.245+0000] {dag.py:4180} INFO - Setting next_dagrun for example_python_decorator to None, run_after=None
[2026-07-31T16:11:50.269+0000] {processor.py:208} INFO - Processing /home/airflow/.local/lib/python3.12/site-packages/airflow/example_dags/example_python_decorator.py took 0.124 seconds
[2026-07-31T16:12:21.163+0000] {processor.py:186} INFO - Started process (PID=3109) to work on /home/airflow/.local/lib/python3.12/site-packages/airflow/example_dags/example_python_decorator.py
[2026-07-31T16:12:21.165+0000] {processor.py:914} INFO - Processing file /home/airflow/.local/lib/python3.12/site-packages/airflow/example_dags/example_python_decorator.py for tasks to queue
[2026-07-31T16:12:21.169+0000] {logging_mixin.py:190} INFO - [2026-07-31T16:12:21.169+0000] {dagbag.py:588} INFO - Filling up the DagBag from /home/airflow/.local/lib/python3.12/site-packages/airflow/example_dags/example_python_decorator.py
[2026-07-31T16:12:21.191+0000] {processor.py:925} INFO - DAG(s) 'example_python_decorator' retrieved from /home/airflow/.local/lib/python3.12/site-packages/airflow/example_dags/example_python_decorator.py
[2026-07-31T16:12:21.222+0000] {logging_mixin.py:190} INFO - [2026-07-31T16:12:21.221+0000] {dag.py:3239} INFO - Sync 1 DAGs
[2026-07-31T16:12:21.241+0000] {logging_mixin.py:190} INFO - [2026-07-31T16:12:21.241+0000] {dag.py:4180} INFO - Setting next_dagrun for example_python_decorator to None, run_after=None
[2026-07-31T16:12:21.264+0000] {processor.py:208} INFO - Processing /home/airflow/.local/lib/python3.12/site-packages/airflow/example_dags/example_python_decorator.py took 0.110 seconds
[2026-07-31T16:12:52.382+0000] {processor.py:186} INFO - Started process (PID=3172) to work on /home/airflow/.local/lib/python3.12/site-packages/airflow/example_dags/example_python_decorator.py
[2026-07-31T16:12:52.384+0000] {processor.py:914} INFO - Processing file /home/airflow/.local/lib/python3.12/site-packages/airflow/example_dags/example_python_decorator.py for tasks to queue
[2026-07-31T16:12:52.389+0000] {logging_mixin.py:190} INFO - [2026-07-31T16:12:52.388+0000] {dagbag.py:588} INFO - Filling up the DagBag from /home/airflow/.local/lib/python3.12/site-packages/airflow/example_dags/example_python_decorator.py
[2026-07-31T16:12:52.415+0000] {processor.py:925} INFO - DAG(s) 'example_python_decorator' retrieved from /home/airflow/.local/lib/python3.12/site-packages/airflow/example_dags/example_python_decorator.py
[2026-07-31T16:12:52.442+0000] {logging_mixin.py:190} INFO - [2026-07-31T16:12:52.442+0000] {dag.py:3239} INFO - Sync 1 DAGs
[2026-07-31T16:12:52.460+0000] {logging_mixin.py:190} INFO - [2026-07-31T16:12:52.459+0000] {dag.py:4180} INFO - Setting next_dagrun for example_python_decorator to None, run_after=None
[2026-07-31T16:12:52.492+0000] {processor.py:208} INFO - Processing /home/airflow/.local/lib/python3.12/site-packages/airflow/example_dags/example_python_decorator.py took 0.119 seconds
[2026-07-31T16:13:23.000+0000] {processor.py:186} INFO - Started process (PID=3237) to work on /home/airflow/.local/lib/python3.12/site-packages/airflow/example_dags/example_python_decorator.py
[2026-07-31T16:13:23.002+0000] {processor.py:914} INFO - Processing file /home/airflow/.local/lib/python3.12/site-packages/airflow/example_dags/example_python_decorator.py for tasks to queue
[2026-07-31T16:13:23.007+0000] {logging_mixin.py:190} INFO - [2026-07-31T16:13:23.007+0000] {dagbag.py:588} INFO - Filling up the DagBag from /home/airflow/.local/lib/python3.12/site-packages/airflow/example_dags/example_python_decorator.py
[2026-07-31T16:13:23.028+0000] {processor.py:925} INFO - DAG(s) 'example_python_decorator' retrieved from /home/airflow/.local/lib/python3.12/site-packages/airflow/example_dags/example_python_decorator.py
[2026-07-31T16:13:23.056+0000] {logging_mixin.py:190} INFO - [2026-07-31T16:13:23.056+0000] {dag.py:3239} INFO - Sync 1 DAGs
[2026-07-31T16:13:23.076+0000] {logging_mixin.py:190} INFO - [2026-07-31T16:13:23.075+0000] {dag.py:4180} INFO - Setting next_dagrun for example_python_decorator to None, run_after=None
[2026-07-31T16:13:23.104+0000] {processor.py:208} INFO - Processing /home/airflow/.local/lib/python3.12/site-packages/airflow/example_dags/example_python_decorator.py took 0.113 seconds
[2026-07-31T16:13:53.841+0000] {processor.py:186} INFO - Started process (PID=3300) to work on /home/airflow/.local/lib/python3.12/site-packages/airflow/example_dags/example_python_decorator.py
[2026-07-31T16:13:53.844+0000] {processor.py:914} INFO - Processing file /home/airflow/.local/lib/python3.12/site-packages/airflow/example_dags/example_python_decorator.py for tasks to queue
[2026-07-31T16:13:53.848+0000] {logging_mixin.py:190} INFO - [2026-07-31T16:13:53.848+0000] {dagbag.py:588} INFO - Filling up the DagBag from /home/airflow/.local/lib/python3.12/site-packages/airflow/example_dags/example_python_decorator.py
[2026-07-31T16:13:53.871+0000] {processor.py:925} INFO - DAG(s) 'example_python_decorator' retrieved from /home/airflow/.local/lib/python3.12/site-packages/airflow/example_dags/example_python_decorator.py
[2026-07-31T16:13:53.902+0000] {logging_mixin.py:190} INFO - [2026-07-31T16:13:53.902+0000] {dag.py:3239} INFO - Sync 1 DAGs
[2026-07-31T16:13:53.922+0000] {logging_mixin.py:190} INFO - [2026-07-31T16:13:53.922+0000] {dag.py:4180} INFO - Setting next_dagrun for example_python_decorator to None, run_after=None
[2026-07-31T16:13:53.948+0000] {processor.py:208} INFO - Processing /home/airflow/.local/lib/python3.12/site-packages/airflow/example_dags/example_python_decorator.py took 0.114 seconds
[2026-07-31T16:14:24.339+0000] {processor.py:186} INFO - Started process (PID=3362) to work on /home/airflow/.local/lib/python3.12/site-packages/airflow/example_dags/example_python_decorator.py
[2026-07-31T16:14:24.342+0000] {processor.py:914} INFO - Processing file /home/airflow/.local/lib/python3.12/site-packages/airflow/example_dags/example_python_decorator.py for tasks to queue
[2026-07-31T16:14:24.346+0000] {logging_mixin.py:190} INFO - [2026-07-31T16:14:24.346+0000] {dagbag.py:588} INFO - Filling up the DagBag from /home/airflow/.local/lib/python3.12/site-packages/airflow/example_dags/example_python_decorator.py
[2026-07-31T16:14:24.366+0000] {processor.py:925} INFO - DAG(s) 'example_python_decorator' retrieved from /home/airflow/.local/lib/python3.12/site-packages/airflow/example_dags/example_python_decorator.py
[2026-07-31T16:14:24.391+0000] {logging_mixin.py:190} INFO - [2026-07-31T16:14:24.391+0000] {dag.py:3239} INFO - Sync 1 DAGs
[2026-07-31T16:14:24.408+0000] {logging_mixin.py:190} INFO - [2026-07-31T16:14:24.407+0000] {dag.py:4180} INFO - Setting next_dagrun for example_python_decorator to None, run_after=None
[2026-07-31T16:14:24.455+0000] {processor.py:208} INFO - Processing /home/airflow/.local/lib/python3.12/site-packages/airflow/example_dags/example_python_decorator.py took 0.124 seconds
[2026-07-31T16:14:54.693+0000] {processor.py:186} INFO - Started process (PID=3425) to work on /home/airflow/.local/lib/python3.12/site-packages/airflow/example_dags/example_python_decorator.py
[2026-07-31T16:14:54.695+0000] {processor.py:914} INFO - Processing file /home/airflow/.local/lib/python3.12/site-packages/airflow/example_dags/example_python_decorator.py for tasks to queue
[2026-07-31T16:14:54.700+0000] {logging_mixin.py:190} INFO - [2026-07-31T16:14:54.699+0000] {dagbag.py:588} INFO - Filling up the DagBag from /home/airflow/.local/lib/python3.12/site-packages/airflow/example_dags/example_python_decorator.py
[2026-07-31T16:14:54.716+0000] {processor.py:925} INFO - DAG(s) 'example_python_decorator' retrieved from /home/airflow/.local/lib/python3.12/site-packages/airflow/example_dags/example_python_decorator.py
[2026-07-31T16:14:54.744+0000] {logging_mixin.py:190} INFO - [2026-07-31T16:14:54.744+0000] {dag.py:3239} INFO - Sync 1 DAGs
[2026-07-31T16:14:54.760+0000] {logging_mixin.py:190} INFO - [2026-07-31T16:14:54.760+0000] {dag.py:4180} INFO - Setting next_dagrun for example_python_decorator to None, run_after=None
[2026-07-31T16:14:54.784+0000] {processor.py:208} INFO - Processing /home/airflow/.local/lib/python3.12/site-packages/airflow/example_dags/example_python_decorator.py took 0.098 seconds
[2026-07-31T16:15:25.789+0000] {processor.py:186} INFO - Started process (PID=3487) to work on /home/airflow/.local/lib/python3.12/site-packages/airflow/example_dags/example_python_decorator.py
[2026-07-31T16:15:25.791+0000] {processor.py:914} INFO - Processing file /home/airflow/.local/lib/python3.12/site-packages/airflow/example_dags/example_python_decorator.py for tasks to queue
[2026-07-31T16:15:25.799+0000] {logging_mixin.py:190} INFO - [2026-07-31T16:15:25.799+0000] {dagbag.py:588} INFO - Filling up the DagBag from /home/airflow/.local/lib/python3.12/site-packages/airflow/example_dags/example_python_decorator.py
[2026-07-31T16:15:25.827+0000] {processor.py:925} INFO - DAG(s) 'example_python_decorator' retrieved from /home/airflow/.local/lib/python3.12/site-packages/airflow/example_dags/example_python_decorator.py
[2026-07-31T16:15:25.853+0000] {logging_mixin.py:190} INFO - [2026-07-31T16:15:25.853+0000] {dag.py:3239} INFO - Sync 1 DAGs
[2026-07-31T16:15:25.871+0000] {logging_mixin.py:190} INFO - [2026-07-31T16:15:25.871+0000] {dag.py:4180} INFO - Setting next_dagrun for example_python_decorator to None, run_after=None
[2026-07-31T16:15:25.897+0000] {processor.py:208} INFO - Processing /home/airflow/.local/lib/python3.12/site-packages/airflow/example_dags/example_python_decorator.py took 0.116 seconds
[2026-07-31T16:15:56.128+0000] {processor.py:186} INFO - Started process (PID=3550) to work on /home/airflow/.local/lib/python3.12/site-packages/airflow/example_dags/example_python_decorator.py
[2026-07-31T16:15:56.130+0000] {processor.py:914} INFO - Processing file /home/airflow/.local/lib/python3.12/site-packages/airflow/example_dags/example_python_decorator.py for tasks to queue
[2026-07-31T16:15:56.136+0000] {logging_mixin.py:190} INFO - [2026-07-31T16:15:56.135+0000] {dagbag.py:588} INFO - Filling up the DagBag from /home/airflow/.local/lib/python3.12/site-packages/airflow/example_dags/example_python_decorator.py
[2026-07-31T16:15:56.161+0000] {processor.py:925} INFO - DAG(s) 'example_python_decorator' retrieved from /home/airflow/.local/lib/python3.12/site-packages/airflow/example_dags/example_python_decorator.py
[2026-07-31T16:15:56.192+0000] {logging_mixin.py:190} INFO - [2026-07-31T16:15:56.192+0000] {dag.py:3239} INFO - Sync 1 DAGs
[2026-07-31T16:15:56.217+0000] {logging_mixin.py:190} INFO - [2026-07-31T16:15:56.216+0000] {dag.py:4180} INFO - Setting next_dagrun for example_python_decorator to None, run_after=None
[2026-07-31T16:15:56.251+0000] {processor.py:208} INFO - Processing /home/airflow/.local/lib/python3.12/site-packages/airflow/example_dags/example_python_decorator.py took 0.134 seconds
[2026-07-31T16:16:26.482+0000] {processor.py:186} INFO - Started process (PID=3612) to work on /home/airflow/.local/lib/python3.12/site-packages/airflow/example_dags/example_python_decorator.py
[2026-07-31T16:16:26.486+0000] {processor.py:914} INFO - Processing file /home/airflow/.local/lib/python3.12/site-packages/airflow/example_dags/example_python_decorator.py for tasks to queue
[2026-07-31T16:16:26.490+0000] {logging_mixin.py:190} INFO - [2026-07-31T16:16:26.490+0000] {dagbag.py:588} INFO - Filling up the DagBag from /home/airflow/.local/lib/python3.12/site-packages/airflow/example_dags/example_python_decorator.py
[2026-07-31T16:16:26.526+0000] {processor.py:925} INFO - DAG(s) 'example_python_decorator' retrieved from /home/airflow/.local/lib/python3.12/site-packages/airflow/example_dags/example_python_decorator.py
[2026-07-31T16:16:26.560+0000] {logging_mixin.py:190} INFO - [2026-07-31T16:16:26.560+0000] {dag.py:3239} INFO - Sync 1 DAGs
[2026-07-31T16:16:26.578+0000] {logging_mixin.py:190} INFO - [2026-07-31T16:16:26.578+0000] {dag.py:4180} INFO - Setting next_dagrun for example_python_decorator to None, run_after=None
[2026-07-31T16:16:26.607+0000] {processor.py:208} INFO - Processing /home/airflow/.local/lib/python3.12/site-packages/airflow/example_dags/example_python_decorator.py took 0.136 seconds
[2026-07-31T16:16:56.794+0000] {processor.py:186} INFO - Started process (PID=3675) to work on /home/airflow/.local/lib/python3.12/site-packages/airflow/example_dags/example_python_decorator.py
[2026-07-31T16:16:56.797+0000] {processor.py:914} INFO - Processing file /home/airflow/.local/lib/python3.12/site-packages/airflow/example_dags/example_python_decorator.py for tasks to queue
[2026-07-31T16:16:56.803+0000] {logging_mixin.py:190} INFO - [2026-07-31T16:16:56.802+0000] {dagbag.py:588} INFO - Filling up the DagBag from /home/airflow/.local/lib/python3.12/site-packages/airflow/example_dags/example_python_decorator.py
[2026-07-31T16:16:56.833+0000] {processor.py:925} INFO - DAG(s) 'example_python_decorator' retrieved from /home/airflow/.local/lib/python3.12/site-packages/airflow/example_dags/example_python_decorator.py
[2026-07-31T16:16:56.871+0000] {logging_mixin.py:190} INFO - [2026-07-31T16:16:56.870+0000] {dag.py:3239} INFO - Sync 1 DAGs
[2026-07-31T16:16:56.894+0000] {logging_mixin.py:190} INFO - [2026-07-31T16:16:56.894+0000] {dag.py:4180} INFO - Setting next_dagrun for example_python_decorator to None, run_after=None
[2026-07-31T16:16:56.928+0000] {processor.py:208} INFO - Processing /home/airflow/.local/lib/python3.12/site-packages/airflow/example_dags/example_python_decorator.py took 0.145 seconds
[2026-07-31T16:17:27.783+0000] {processor.py:186} INFO - Started process (PID=3738) to work on /home/airflow/.local/lib/python3.12/site-packages/airflow/example_dags/example_python_decorator.py
[2026-07-31T16:17:27.786+0000] {processor.py:914} INFO - Processing file /home/airflow/.local/lib/python3.12/site-packages/airflow/example_dags/example_python_decorator.py for tasks to queue
[2026-07-31T16:17:27.793+0000] {logging_mixin.py:190} INFO - [2026-07-31T16:17:27.792+0000] {dagbag.py:588} INFO - Filling up the DagBag from /home/airflow/.local/lib/python3.12/site-packages/airflow/example_dags/example_python_decorator.py
[2026-07-31T16:17:27.825+0000] {processor.py:925} INFO - DAG(s) 'example_python_decorator' retrieved from /home/airflow/.local/lib/python3.12/site-packages/airflow/example_dags/example_python_decorator.py
[2026-07-31T16:17:27.859+0000] {logging_mixin.py:190} INFO - [2026-07-31T16:17:27.858+0000] {dag.py:3239} INFO - Sync 1 DAGs
[2026-07-31T16:17:27.880+0000] {logging_mixin.py:190} INFO - [2026-07-31T16:17:27.880+0000] {dag.py:4180} INFO - Setting next_dagrun for example_python_decorator to None, run_after=None
[2026-07-31T16:17:27.911+0000] {processor.py:208} INFO - Processing /home/airflow/.local/lib/python3.12/site-packages/airflow/example_dags/example_python_decorator.py took 0.140 seconds
[2026-07-31T16:17:58.762+0000] {processor.py:186} INFO - Started process (PID=3801) to work on /home/airflow/.local/lib/python3.12/site-packages/airflow/example_dags/example_python_decorator.py
[2026-07-31T16:17:58.765+0000] {processor.py:914} INFO - Processing file /home/airflow/.local/lib/python3.12/site-packages/airflow/example_dags/example_python_decorator.py for tasks to queue
[2026-07-31T16:17:58.769+0000] {logging_mixin.py:190} INFO - [2026-07-31T16:17:58.768+0000] {dagbag.py:588} INFO - Filling up the DagBag from /home/airflow/.local/lib/python3.12/site-packages/airflow/example_dags/example_python_decorator.py
[2026-07-31T16:17:58.785+0000] {processor.py:925} INFO - DAG(s) 'example_python_decorator' retrieved from /home/airflow/.local/lib/python3.12/site-packages/airflow/example_dags/example_python_decorator.py
[2026-07-31T16:17:58.811+0000] {logging_mixin.py:190} INFO - [2026-07-31T16:17:58.811+0000] {dag.py:3239} INFO - Sync 1 DAGs
[2026-07-31T16:17:58.828+0000] {logging_mixin.py:190} INFO - [2026-07-31T16:17:58.828+0000] {dag.py:4180} INFO - Setting next_dagrun for example_python_decorator to None, run_after=None
[2026-07-31T16:17:58.854+0000] {processor.py:208} INFO - Processing /home/airflow/.local/lib/python3.12/site-packages/airflow/example_dags/example_python_decorator.py took 0.098 seconds
[2026-07-31T16:18:29.465+0000] {processor.py:186} INFO - Started process (PID=3864) to work on /home/airflow/.local/lib/python3.12/site-packages/airflow/example_dags/example_python_decorator.py
[2026-07-31T16:18:29.469+0000] {processor.py:914} INFO - Processing file /home/airflow/.local/lib/python3.12/site-packages/airflow/example_dags/example_python_decorator.py for tasks to queue
[2026-07-31T16:18:29.478+0000] {logging_mixin.py:190} INFO - [2026-07-31T16:18:29.477+0000] {dagbag.py:588} INFO - Filling up the DagBag from /home/airflow/.local/lib/python3.12/site-packages/airflow/example_dags/example_python_decorator.py
[2026-07-31T16:18:29.509+0000] {processor.py:925} INFO - DAG(s) 'example_python_decorator' retrieved from /home/airflow/.local/lib/python3.12/site-packages/airflow/example_dags/example_python_decorator.py
[2026-07-31T16:18:29.542+0000] {logging_mixin.py:190} INFO - [2026-07-31T16:18:29.541+0000] {dag.py:3239} INFO - Sync 1 DAGs
[2026-07-31T16:18:29.561+0000] {logging_mixin.py:190} INFO - [2026-07-31T16:18:29.561+0000] {dag.py:4180} INFO - Setting next_dagrun for example_python_decorator to None, run_after=None
[2026-07-31T16:18:29.827+0000] {processor.py:208} INFO - Processing /home/airflow/.local/lib/python3.12/site-packages/airflow/example_dags/example_python_decorator.py took 0.370 seconds
[2026-07-31T16:19:00.088+0000] {processor.py:186} INFO - Started process (PID=3927) to work on /home/airflow/.local/lib/python3.12/site-packages/airflow/example_dags/example_python_decorator.py
[2026-07-31T16:19:00.090+0000] {processor.py:914} INFO - Processing file /home/airflow/.local/lib/python3.12/site-packages/airflow/example_dags/example_python_decorator.py for tasks to queue
[2026-07-31T16:19:00.096+0000] {logging_mixin.py:190} INFO - [2026-07-31T16:19:00.095+0000] {dagbag.py:588} INFO - Filling up the DagBag from /home/airflow/.local/lib/python3.12/site-packages/airflow/example_dags/example_python_decorator.py
[2026-07-31T16:19:00.126+0000] {processor.py:925} INFO - DAG(s) 'example_python_decorator' retrieved from /home/airflow/.local/lib/python3.12/site-packages/airflow/example_dags/example_python_decorator.py
[2026-07-31T16:19:00.172+0000] {logging_mixin.py:190} INFO - [2026-07-31T16:19:00.172+0000] {dag.py:3239} INFO - Sync 1 DAGs
[2026-07-31T16:19:00.196+0000] {logging_mixin.py:190} INFO - [2026-07-31T16:19:00.195+0000] {dag.py:4180} INFO - Setting next_dagrun for example_python_decorator to None, run_after=None
[2026-07-31T16:19:00.228+0000] {processor.py:208} INFO - Processing /home/airflow/.local/lib/python3.12/site-packages/airflow/example_dags/example_python_decorator.py took 0.150 seconds
[2026-07-31T16:19:30.859+0000] {processor.py:186} INFO - Started process (PID=3989) to work on /home/airflow/.local/lib/python3.12/site-packages/airflow/example_dags/example_python_decorator.py
[2026-07-31T16:19:30.865+0000] {processor.py:914} INFO - Processing file /home/airflow/.local/lib/python3.12/site-packages/airflow/example_dags/example_python_decorator.py for tasks to queue
[2026-07-31T16:19:30.872+0000] {logging_mixin.py:190} INFO - [2026-07-31T16:19:30.871+0000] {dagbag.py:588} INFO - Filling up the DagBag from /home/airflow/.local/lib/python3.12/site-packages/airflow/example_dags/example_python_decorator.py
[2026-07-31T16:19:30.897+0000] {processor.py:925} INFO - DAG(s) 'example_python_decorator' retrieved from /home/airflow/.local/lib/python3.12/site-packages/airflow/example_dags/example_python_decorator.py
[2026-07-31T16:19:30.931+0000] {logging_mixin.py:190} INFO - [2026-07-31T16:19:30.931+0000] {dag.py:3239} INFO - Sync 1 DAGs
[2026-07-31T16:19:30.958+0000] {logging_mixin.py:190} INFO - [2026-07-31T16:19:30.958+0000] {dag.py:4180} INFO - Setting next_dagrun for example_python_decorator to None, run_after=None
[2026-07-31T16:19:31.000+0000] {processor.py:208} INFO - Processing /home/airflow/.local/lib/python3.12/site-packages/airflow/example_dags/example_python_decorator.py took 0.169 seconds
[2026-07-31T16:20:01.736+0000] {processor.py:186} INFO - Started process (PID=4054) to work on /home/airflow/.local/lib/python3.12/site-packages/airflow/example_dags/example_python_decorator.py
[2026-07-31T16:20:01.738+0000] {processor.py:914} INFO - Processing file /home/airflow/.local/lib/python3.12/site-packages/airflow/example_dags/example_python_decorator.py for tasks to queue
[2026-07-31T16:20:01.745+0000] {logging_mixin.py:190} INFO - [2026-07-31T16:20:01.744+0000] {dagbag.py:588} INFO - Filling up the DagBag from /home/airflow/.local/lib/python3.12/site-packages/airflow/example_dags/example_python_decorator.py
[2026-07-31T16:20:01.769+0000] {processor.py:925} INFO - DAG(s) 'example_python_decorator' retrieved from /home/airflow/.local/lib/python3.12/site-packages/airflow/example_dags/example_python_decorator.py
[2026-07-31T16:20:01.798+0000] {logging_mixin.py:190} INFO - [2026-07-31T16:20:01.798+0000] {dag.py:3239} INFO - Sync 1 DAGs
[2026-07-31T16:20:01.816+0000] {logging_mixin.py:190} INFO - [2026-07-31T16:20:01.816+0000] {dag.py:4180} INFO - Setting next_dagrun for example_python_decorator to None, run_after=None
[2026-07-31T16:20:01.844+0000] {processor.py:208} INFO - Processing /home/airflow/.local/lib/python3.12/site-packages/airflow/example_dags/example_python_decorator.py took 0.120 seconds
[2026-07-31T16:20:32.186+0000] {processor.py:186} INFO - Started process (PID=4117) to work on /home/airflow/.local/lib/python3.12/site-packages/airflow/example_dags/example_python_decorator.py
[2026-07-31T16:20:32.189+0000] {processor.py:914} INFO - Processing file /home/airflow/.local/lib/python3.12/site-packages/airflow/example_dags/example_python_decorator.py for tasks to queue
[2026-07-31T16:20:32.195+0000] {logging_mixin.py:190} INFO - [2026-07-31T16:20:32.195+0000] {dagbag.py:588} INFO - Filling up the DagBag from /home/airflow/.local/lib/python3.12/site-packages/airflow/example_dags/example_python_decorator.py
[2026-07-31T16:20:32.218+0000] {processor.py:925} INFO - DAG(s) 'example_python_decorator' retrieved from /home/airflow/.local/lib/python3.12/site-packages/airflow/example_dags/example_python_decorator.py
[2026-07-31T16:20:32.245+0000] {logging_mixin.py:190} INFO - [2026-07-31T16:20:32.244+0000] {dag.py:3239} INFO - Sync 1 DAGs
[2026-07-31T16:20:32.263+0000] {logging_mixin.py:190} INFO - [2026-07-31T16:20:32.262+0000] {dag.py:4180} INFO - Setting next_dagrun for example_python_decorator to None, run_after=None
[2026-07-31T16:20:32.286+0000] {processor.py:208} INFO - Processing /home/airflow/.local/lib/python3.12/site-packages/airflow/example_dags/example_python_decorator.py took 0.109 seconds
[2026-07-31T16:21:02.674+0000] {processor.py:186} INFO - Started process (PID=4180) to work on /home/airflow/.local/lib/python3.12/site-packages/airflow/example_dags/example_python_decorator.py
[2026-07-31T16:21:02.678+0000] {processor.py:914} INFO - Processing file /home/airflow/.local/lib/python3.12/site-packages/airflow/example_dags/example_python_decorator.py for tasks to queue
[2026-07-31T16:21:02.683+0000] {logging_mixin.py:190} INFO - [2026-07-31T16:21:02.682+0000] {dagbag.py:588} INFO - Filling up the DagBag from /home/airflow/.local/lib/python3.12/site-packages/airflow/example_dags/example_python_decorator.py
[2026-07-31T16:21:02.701+0000] {processor.py:925} INFO - DAG(s) 'example_python_decorator' retrieved from /home/airflow/.local/lib/python3.12/site-packages/airflow/example_dags/example_python_decorator.py
[2026-07-31T16:21:02.728+0000] {logging_mixin.py:190} INFO - [2026-07-31T16:21:02.728+0000] {dag.py:3239} INFO - Sync 1 DAGs
[2026-07-31T16:21:02.745+0000] {logging_mixin.py:190} INFO - [2026-07-31T16:21:02.745+0000] {dag.py:4180} INFO - Setting next_dagrun for example_python_decorator to None, run_after=None
[2026-07-31T16:21:02.770+0000] {processor.py:208} INFO - Processing /home/airflow/.local/lib/python3.12/site-packages/airflow/example_dags/example_python_decorator.py took 0.102 seconds
[2026-07-31T16:21:33.366+0000] {processor.py:186} INFO - Started process (PID=4243) to work on /home/airflow/.local/lib/python3.12/site-packages/airflow/example_dags/example_python_decorator.py
[2026-07-31T16:21:33.369+0000] {processor.py:914} INFO - Processing file /home/airflow/.local/lib/python3.12/site-packages/airflow/example_dags/example_python_decorator.py for tasks to queue
[2026-07-31T16:21:33.375+0000] {logging_mixin.py:190} INFO - [2026-07-31T16:21:33.374+0000] {dagbag.py:588} INFO - Filling up the DagBag from /home/airflow/.local/lib/python3.12/site-packages/airflow/example_dags/example_python_decorator.py
[2026-07-31T16:21:33.396+0000] {processor.py:925} INFO - DAG(s) 'example_python_decorator' retrieved from /home/airflow/.local/lib/python3.12/site-packages/airflow/example_dags/example_python_decorator.py
[2026-07-31T16:21:33.428+0000] {logging_mixin.py:190} INFO - [2026-07-31T16:21:33.428+0000] {dag.py:3239} INFO - Sync 1 DAGs
[2026-07-31T16:21:33.445+0000] {logging_mixin.py:190} INFO - [2026-07-31T16:21:33.445+0000] {dag.py:4180} INFO - Setting next_dagrun for example_python_decorator to None, run_after=None
[2026-07-31T16:21:33.474+0000] {processor.py:208} INFO - Processing /home/airflow/.local/lib/python3.12/site-packages/airflow/example_dags/example_python_decorator.py took 0.114 seconds
[2026-07-31T16:22:03.719+0000] {processor.py:186} INFO - Started process (PID=4306) to work on /home/airflow/.local/lib/python3.12/site-packages/airflow/example_dags/example_python_decorator.py
[2026-07-31T16:22:03.721+0000] {processor.py:914} INFO - Processing file /home/airflow/.local/lib/python3.12/site-packages/airflow/example_dags/example_python_decorator.py for tasks to queue
[2026-07-31T16:22:03.727+0000] {logging_mixin.py:190} INFO - [2026-07-31T16:22:03.727+0000] {dagbag.py:588} INFO - Filling up the DagBag from /home/airflow/.local/lib/python3.12/site-packages/airflow/example_dags/example_python_decorator.py
[2026-07-31T16:22:03.748+0000] {processor.py:925} INFO - DAG(s) 'example_python_decorator' retrieved from /home/airflow/.local/lib/python3.12/site-packages/airflow/example_dags/example_python_decorator.py
[2026-07-31T16:22:03.781+0000] {logging_mixin.py:190} INFO - [2026-07-31T16:22:03.780+0000] {dag.py:3239} INFO - Sync 1 DAGs
[2026-07-31T16:22:03.799+0000] {logging_mixin.py:190} INFO - [2026-07-31T16:22:03.799+0000] {dag.py:4180} INFO - Setting next_dagrun for example_python_decorator to None, run_after=None
[2026-07-31T16:22:03.824+0000] {processor.py:208} INFO - Processing /home/airflow/.local/lib/python3.12/site-packages/airflow/example_dags/example_python_decorator.py took 0.113 seconds
[2026-07-31T16:22:34.103+0000] {processor.py:186} INFO - Started process (PID=4369) to work on /home/airflow/.local/lib/python3.12/site-packages/airflow/example_dags/example_python_decorator.py
[2026-07-31T16:22:34.105+0000] {processor.py:914} INFO - Processing file /home/airflow/.local/lib/python3.12/site-packages/airflow/example_dags/example_python_decorator.py for tasks to queue
[2026-07-31T16:22:34.113+0000] {logging_mixin.py:190} INFO - [2026-07-31T16:22:34.112+0000] {dagbag.py:588} INFO - Filling up the DagBag from /home/airflow/.local/lib/python3.12/site-packages/airflow/example_dags/example_python_decorator.py
[2026-07-31T16:22:34.134+0000] {processor.py:925} INFO - DAG(s) 'example_python_decorator' retrieved from /home/airflow/.local/lib/python3.12/site-packages/airflow/example_dags/example_python_decorator.py
[2026-07-31T16:22:34.161+0000] {logging_mixin.py:190} INFO - [2026-07-31T16:22:34.161+0000] {dag.py:3239} INFO - Sync 1 DAGs
[2026-07-31T16:22:34.180+0000] {logging_mixin.py:190} INFO - [2026-07-31T16:22:34.180+0000] {dag.py:4180} INFO - Setting next_dagrun for example_python_decorator to None, run_after=None
[2026-07-31T16:22:34.203+0000] {processor.py:208} INFO - Processing /home/airflow/.local/lib/python3.12/site-packages/airflow/example_dags/example_python_decorator.py took 0.107 seconds
[2026-07-31T16:23:05.019+0000] {processor.py:186} INFO - Started process (PID=4432) to work on /home/airflow/.local/lib/python3.12/site-packages/airflow/example_dags/example_python_decorator.py
[2026-07-31T16:23:05.022+0000] {processor.py:914} INFO - Processing file /home/airflow/.local/lib/python3.12/site-packages/airflow/example_dags/example_python_decorator.py for tasks to queue
[2026-07-31T16:23:05.027+0000] {logging_mixin.py:190} INFO - [2026-07-31T16:23:05.026+0000] {dagbag.py:588} INFO - Filling up the DagBag from /home/airflow/.local/lib/python3.12/site-packages/airflow/example_dags/example_python_decorator.py
[2026-07-31T16:23:05.049+0000] {processor.py:925} INFO - DAG(s) 'example_python_decorator' retrieved from /home/airflow/.local/lib/python3.12/site-packages/airflow/example_dags/example_python_decorator.py
[2026-07-31T16:23:05.079+0000] {logging_mixin.py:190} INFO - [2026-07-31T16:23:05.079+0000] {dag.py:3239} INFO - Sync 1 DAGs
[2026-07-31T16:23:05.098+0000] {logging_mixin.py:190} INFO - [2026-07-31T16:23:05.098+0000] {dag.py:4180} INFO - Setting next_dagrun for example_python_decorator to None, run_after=None
[2026-07-31T16:23:05.125+0000] {processor.py:208} INFO - Processing /home/airflow/.local/lib/python3.12/site-packages/airflow/example_dags/example_python_decorator.py took 0.114 seconds
[2026-07-31T16:23:35.819+0000] {processor.py:186} INFO - Started process (PID=4495) to work on /home/airflow/.local/lib/python3.12/site-packages/airflow/example_dags/example_python_decorator.py
[2026-07-31T16:23:35.822+0000] {processor.py:914} INFO - Processing file /home/airflow/.local/lib/python3.12/site-packages/airflow/example_dags/example_python_decorator.py for tasks to queue
[2026-07-31T16:23:35.826+0000] {logging_mixin.py:190} INFO - [2026-07-31T16:23:35.826+0000] {dagbag.py:588} INFO - Filling up the DagBag from /home/airflow/.local/lib/python3.12/site-packages/airflow/example_dags/example_python_decorator.py
[2026-07-31T16:23:35.845+0000] {processor.py:925} INFO - DAG(s) 'example_python_decorator' retrieved from /home/airflow/.local/lib/python3.12/site-packages/airflow/example_dags/example_python_decorator.py
[2026-07-31T16:23:35.873+0000] {logging_mixin.py:190} INFO - [2026-07-31T16:23:35.873+0000] {dag.py:3239} INFO - Sync 1 DAGs
[2026-07-31T16:23:35.891+0000] {logging_mixin.py:190} INFO - [2026-07-31T16:23:35.890+0000] {dag.py:4180} INFO - Setting next_dagrun for example_python_decorator to None, run_after=None
[2026-07-31T16:23:35.915+0000] {processor.py:208} INFO - Processing /home/airflow/.local/lib/python3.12/site-packages/airflow/example_dags/example_python_decorator.py took 0.104 seconds
[2026-07-31T16:24:06.670+0000] {processor.py:186} INFO - Started process (PID=4558) to work on /home/airflow/.local/lib/python3.12/site-packages/airflow/example_dags/example_python_decorator.py
[2026-07-31T16:24:06.673+0000] {processor.py:914} INFO - Processing file /home/airflow/.local/lib/python3.12/site-packages/airflow/example_dags/example_python_decorator.py for tasks to queue
[2026-07-31T16:24:06.678+0000] {logging_mixin.py:190} INFO - [2026-07-31T16:24:06.677+0000] {dagbag.py:588} INFO - Filling up the DagBag from /home/airflow/.local/lib/python3.12/site-packages/airflow/example_dags/example_python_decorator.py
[2026-07-31T16:24:06.697+0000] {processor.py:925} INFO - DAG(s) 'example_python_decorator' retrieved from /home/airflow/.local/lib/python3.12/site-packages/airflow/example_dags/example_python_decorator.py
[2026-07-31T16:24:06.725+0000] {logging_mixin.py:190} INFO - [2026-07-31T16:24:06.725+0000] {dag.py:3239} INFO - Sync 1 DAGs
[2026-07-31T16:24:06.743+0000] {logging_mixin.py:190} INFO - [2026-07-31T16:24:06.743+0000] {dag.py:4180} INFO - Setting next_dagrun for example_python_decorator to None, run_after=None
[2026-07-31T16:24:06.770+0000] {processor.py:208} INFO - Processing /home/airflow/.local/lib/python3.12/site-packages/airflow/example_dags/example_python_decorator.py took 0.106 seconds
[2026-07-31T16:24:36.995+0000] {processor.py:186} INFO - Started process (PID=4621) to work on /home/airflow/.local/lib/python3.12/site-packages/airflow/example_dags/example_python_decorator.py
[2026-07-31T16:24:36.997+0000] {processor.py:914} INFO - Processing file /home/airflow/.local/lib/python3.12/site-packages/airflow/example_dags/example_python_decorator.py for tasks to queue
[2026-07-31T16:24:37.001+0000] {logging_mixin.py:190} INFO - [2026-07-31T16:24:37.000+0000] {dagbag.py:588} INFO - Filling up the DagBag from /home/airflow/.local/lib/python3.12/site-packages/airflow/example_dags/example_python_decorator.py
[2026-07-31T16:24:37.018+0000] {processor.py:925} INFO - DAG(s) 'example_python_decorator' retrieved from /home/airflow/.local/lib/python3.12/site-packages/airflow/example_dags/example_python_decorator.py
[2026-07-31T16:24:37.045+0000] {logging_mixin.py:190} INFO - [2026-07-31T16:24:37.045+0000] {dag.py:3239} INFO - Sync 1 DAGs
[2026-07-31T16:24:37.062+0000] {logging_mixin.py:190} INFO - [2026-07-31T16:24:37.061+0000] {dag.py:4180} INFO - Setting next_dagrun for example_python_decorator to None, run_after=None
[2026-07-31T16:24:37.087+0000] {processor.py:208} INFO - Processing /home/airflow/.local/lib/python3.12/site-packages/airflow/example_dags/example_python_decorator.py took 0.098 seconds
[2026-07-31T16:25:07.224+0000] {processor.py:186} INFO - Started process (PID=4684) to work on /home/airflow/.local/lib/python3.12/site-packages/airflow/example_dags/example_python_decorator.py
[2026-07-31T16:25:07.226+0000] {processor.py:914} INFO - Processing file /home/airflow/.local/lib/python3.12/site-packages/airflow/example_dags/example_python_decorator.py for tasks to queue
[2026-07-31T16:25:07.231+0000] {logging_mixin.py:190} INFO - [2026-07-31T16:25:07.230+0000] {dagbag.py:588} INFO - Filling up the DagBag from /home/airflow/.local/lib/python3.12/site-packages/airflow/example_dags/example_python_decorator.py
[2026-07-31T16:25:07.252+0000] {processor.py:925} INFO - DAG(s) 'example_python_decorator' retrieved from /home/airflow/.local/lib/python3.12/site-packages/airflow/example_dags/example_python_decorator.py
[2026-07-31T16:25:07.278+0000] {logging_mixin.py:190} INFO - [2026-07-31T16:25:07.278+0000] {dag.py:3239} INFO - Sync 1 DAGs
[2026-07-31T16:25:07.296+0000] {logging_mixin.py:190} INFO - [2026-07-31T16:25:07.295+0000] {dag.py:4180} INFO - Setting next_dagrun for example_python_decorator to None, run_after=None
[2026-07-31T16:25:07.319+0000] {processor.py:208} INFO - Processing /home/airflow/.local/lib/python3.12/site-packages/airflow/example_dags/example_python_decorator.py took 0.103 seconds
[2026-07-31T16:25:37.471+0000] {processor.py:186} INFO - Started process (PID=4748) to work on /home/airflow/.local/lib/python3.12/site-packages/airflow/example_dags/example_python_decorator.py
[2026-07-31T16:25:37.474+0000] {processor.py:914} INFO - Processing file /home/airflow/.local/lib/python3.12/site-packages/airflow/example_dags/example_python_decorator.py for tasks to queue
[2026-07-31T16:25:37.479+0000] {logging_mixin.py:190} INFO - [2026-07-31T16:25:37.478+0000] {dagbag.py:588} INFO - Filling up the DagBag from /home/airflow/.local/lib/python3.12/site-packages/airflow/example_dags/example_python_decorator.py
[2026-07-31T16:25:37.501+0000] {processor.py:925} INFO - DAG(s) 'example_python_decorator' retrieved from /home/airflow/.local/lib/python3.12/site-packages/airflow/example_dags/example_python_decorator.py
[2026-07-31T16:25:37.530+0000] {logging_mixin.py:190} INFO - [2026-07-31T16:25:37.530+0000] {dag.py:3239} INFO - Sync 1 DAGs
[2026-07-31T16:25:37.546+0000] {logging_mixin.py:190} INFO - [2026-07-31T16:25:37.546+0000] {dag.py:4180} INFO - Setting next_dagrun for example_python_decorator to None, run_after=None
[2026-07-31T16:25:37.566+0000] {processor.py:208} INFO - Processing /home/airflow/.local/lib/python3.12/site-packages/airflow/example_dags/example_python_decorator.py took 0.101 seconds
[2026-07-31T16:26:08.585+0000] {processor.py:186} INFO - Started process (PID=4811) to work on /home/airflow/.local/lib/python3.12/site-packages/airflow/example_dags/example_python_decorator.py
[2026-07-31T16:26:08.589+0000] {processor.py:914} INFO - Processing file /home/airflow/.local/lib/python3.12/site-packages/airflow/example_dags/example_python_decorator.py for tasks to queue
[2026-07-31T16:26:08.595+0000] {logging_mixin.py:190} INFO - [2026-07-31T16:26:08.594+0000] {dagbag.py:588} INFO - Filling up the DagBag from /home/airflow/.local/lib/python3.12/site-packages/airflow/example_dags/example_python_decorator.py
[2026-07-31T16:26:08.630+0000] {processor.py:925} INFO - DAG(s) 'example_python_decorator' retrieved from /home/airflow/.local/lib/python3.12/site-packages/airflow/example_dags/example_python_decorator.py
[2026-07-31T16:26:08.669+0000] {logging_mixin.py:190} INFO - [2026-07-31T16:26:08.669+0000] {dag.py:3239} INFO - Sync 1 DAGs
[2026-07-31T16:26:08.688+0000] {logging_mixin.py:190} INFO - [2026-07-31T16:26:08.688+0000] {dag.py:4180} INFO - Setting next_dagrun for example_python_decorator to None, run_after=None
[2026-07-31T16:26:08.716+0000] {processor.py:208} INFO - Processing /home/airflow/.local/lib/python3.12/site-packages/airflow/example_dags/example_python_decorator.py took 0.147 seconds
[2026-07-31T16:26:39.308+0000] {processor.py:186} INFO - Started process (PID=4874) to work on /home/airflow/.local/lib/python3.12/site-packages/airflow/example_dags/example_python_decorator.py
[2026-07-31T16:26:39.310+0000] {processor.py:914} INFO - Processing file /home/airflow/.local/lib/python3.12/site-packages/airflow/example_dags/example_python_decorator.py for tasks to queue
[2026-07-31T16:26:39.315+0000] {logging_mixin.py:190} INFO - [2026-07-31T16:26:39.314+0000] {dagbag.py:588} INFO - Filling up the DagBag from /home/airflow/.local/lib/python3.12/site-packages/airflow/example_dags/example_python_decorator.py
[2026-07-31T16:26:39.336+0000] {processor.py:925} INFO - DAG(s) 'example_python_decorator' retrieved from /home/airflow/.local/lib/python3.12/site-packages/airflow/example_dags/example_python_decorator.py
[2026-07-31T16:26:39.364+0000] {logging_mixin.py:190} INFO - [2026-07-31T16:26:39.364+0000] {dag.py:3239} INFO - Sync 1 DAGs
[2026-07-31T16:26:39.380+0000] {logging_mixin.py:190} INFO - [2026-07-31T16:26:39.379+0000] {dag.py:4180} INFO - Setting next_dagrun for example_python_decorator to None, run_after=None
[2026-07-31T16:26:39.403+0000] {processor.py:208} INFO - Processing /home/airflow/.local/lib/python3.12/site-packages/airflow/example_dags/example_python_decorator.py took 0.102 seconds
[2026-07-31T16:27:09.734+0000] {processor.py:186} INFO - Started process (PID=4937) to work on /home/airflow/.local/lib/python3.12/site-packages/airflow/example_dags/example_python_decorator.py
[2026-07-31T16:27:09.737+0000] {processor.py:914} INFO - Processing file /home/airflow/.local/lib/python3.12/site-packages/airflow/example_dags/example_python_decorator.py for tasks to queue
[2026-07-31T16:27:09.742+0000] {logging_mixin.py:190} INFO - [2026-07-31T16:27:09.742+0000] {dagbag.py:588} INFO - Filling up the DagBag from /home/airflow/.local/lib/python3.12/site-packages/airflow/example_dags/example_python_decorator.py
[2026-07-31T16:27:09.763+0000] {processor.py:925} INFO - DAG(s) 'example_python_decorator' retrieved from /home/airflow/.local/lib/python3.12/site-packages/airflow/example_dags/example_python_decorator.py
[2026-07-31T16:27:09.794+0000] {logging_mixin.py:190} INFO - [2026-07-31T16:27:09.794+0000] {dag.py:3239} INFO - Sync 1 DAGs
[2026-07-31T16:27:09.812+0000] {logging_mixin.py:190} INFO - [2026-07-31T16:27:09.811+0000] {dag.py:4180} INFO - Setting next_dagrun for example_python_decorator to None, run_after=None
[2026-07-31T16:27:09.835+0000] {processor.py:208} INFO - Processing /home/airflow/.local/lib/python3.12/site-packages/airflow/example_dags/example_python_decorator.py took 0.109 seconds
[2026-07-31T16:27:40.306+0000] {processor.py:186} INFO - Started process (PID=5000) to work on /home/airflow/.local/lib/python3.12/site-packages/airflow/example_dags/example_python_decorator.py
[2026-07-31T16:27:40.308+0000] {processor.py:914} INFO - Processing file /home/airflow/.local/lib/python3.12/site-packages/airflow/example_dags/example_python_decorator.py for tasks to queue
[2026-07-31T16:27:40.314+0000] {logging_mixin.py:190} INFO - [2026-07-31T16:27:40.313+0000] {dagbag.py:588} INFO - Filling up the DagBag from /home/airflow/.local/lib/python3.12/site-packages/airflow/example_dags/example_python_decorator.py
[2026-07-31T16:27:40.330+0000] {processor.py:925} INFO - DAG(s) 'example_python_decorator' retrieved from /home/airflow/.local/lib/python3.12/site-packages/airflow/example_dags/example_python_decorator.py
[2026-07-31T16:27:40.365+0000] {logging_mixin.py:190} INFO - [2026-07-31T16:27:40.365+0000] {dag.py:3239} INFO - Sync 1 DAGs
[2026-07-31T16:27:40.387+0000] {logging_mixin.py:190} INFO - [2026-07-31T16:27:40.387+0000] {dag.py:4180} INFO - Setting next_dagrun for example_python_decorator to None, run_after=None
[2026-07-31T16:27:40.416+0000] {processor.py:208} INFO - Processing /home/airflow/.local/lib/python3.12/site-packages/airflow/example_dags/example_python_decorator.py took 0.116 seconds
[2026-07-31T16:28:10.577+0000] {processor.py:186} INFO - Started process (PID=5063) to work on /home/airflow/.local/lib/python3.12/site-packages/airflow/example_dags/example_python_decorator.py
[2026-07-31T16:28:10.579+0000] {processor.py:914} INFO - Processing file /home/airflow/.local/lib/python3.12/site-packages/airflow/example_dags/example_python_decorator.py for tasks to queue
[2026-07-31T16:28:10.583+0000] {logging_mixin.py:190} INFO - [2026-07-31T16:28:10.583+0000] {dagbag.py:588} INFO - Filling up the DagBag from /home/airflow/.local/lib/python3.12/site-packages/airflow/example_dags/example_python_decorator.py
[2026-07-31T16:28:10.600+0000] {processor.py:925} INFO - DAG(s) 'example_python_decorator' retrieved from /home/airflow/.local/lib/python3.12/site-packages/airflow/example_dags/example_python_decorator.py
[2026-07-31T16:28:10.630+0000] {logging_mixin.py:190} INFO - [2026-07-31T16:28:10.630+0000] {dag.py:3239} INFO - Sync 1 DAGs
[2026-07-31T16:28:10.651+0000] {logging_mixin.py:190} INFO - [2026-07-31T16:28:10.651+0000] {dag.py:4180} INFO - Setting next_dagrun for example_python_decorator to None, run_after=None
[2026-07-31T16:28:10.678+0000] {processor.py:208} INFO - Processing /home/airflow/.local/lib/python3.12/site-packages/airflow/example_dags/example_python_decorator.py took 0.107 seconds
[2026-07-31T16:28:41.570+0000] {processor.py:186} INFO - Started process (PID=5126) to work on /home/airflow/.local/lib/python3.12/site-packages/airflow/example_dags/example_python_decorator.py
[2026-07-31T16:28:41.573+0000] {processor.py:914} INFO - Processing file /home/airflow/.local/lib/python3.12/site-packages/airflow/example_dags/example_python_decorator.py for tasks to queue
[2026-07-31T16:28:41.579+0000] {logging_mixin.py:190} INFO - [2026-07-31T16:28:41.579+0000] {dagbag.py:588} INFO - Filling up the DagBag from /home/airflow/.local/lib/python3.12/site-packages/airflow/example_dags/example_python_decorator.py
[2026-07-31T16:28:41.608+0000] {processor.py:925} INFO - DAG(s) 'example_python_decorator' retrieved from /home/airflow/.local/lib/python3.12/site-packages/airflow/example_dags/example_python_decorator.py
[2026-07-31T16:28:41.643+0000] {logging_mixin.py:190} INFO - [2026-07-31T16:28:41.643+0000] {dag.py:3239} INFO - Sync 1 DAGs
[2026-07-31T16:28:41.663+0000] {logging_mixin.py:190} INFO - [2026-07-31T16:28:41.662+0000] {dag.py:4180} INFO - Setting next_dagrun for example_python_decorator to None, run_after=None
[2026-07-31T16:28:41.691+0000] {processor.py:208} INFO - Processing /home/airflow/.local/lib/python3.12/site-packages/airflow/example_dags/example_python_decorator.py took 0.132 seconds
[2026-07-31T16:29:12.437+0000] {processor.py:186} INFO - Started process (PID=5188) to work on /home/airflow/.local/lib/python3.12/site-packages/airflow/example_dags/example_python_decorator.py
[2026-07-31T16:29:12.440+0000] {processor.py:914} INFO - Processing file /home/airflow/.local/lib/python3.12/site-packages/airflow/example_dags/example_python_decorator.py for tasks to queue
[2026-07-31T16:29:12.446+0000] {logging_mixin.py:190} INFO - [2026-07-31T16:29:12.445+0000] {dagbag.py:588} INFO - Filling up the DagBag from /home/airflow/.local/lib/python3.12/site-packages/airflow/example_dags/example_python_decorator.py
[2026-07-31T16:29:12.469+0000] {processor.py:925} INFO - DAG(s) 'example_python_decorator' retrieved from /home/airflow/.local/lib/python3.12/site-packages/airflow/example_dags/example_python_decorator.py
[2026-07-31T16:29:12.504+0000] {logging_mixin.py:190} INFO - [2026-07-31T16:29:12.504+0000] {dag.py:3239} INFO - Sync 1 DAGs
[2026-07-31T16:29:12.523+0000] {logging_mixin.py:190} INFO - [2026-07-31T16:29:12.522+0000] {dag.py:4180} INFO - Setting next_dagrun for example_python_decorator to None, run_after=None
[2026-07-31T16:29:12.553+0000] {processor.py:208} INFO - Processing /home/airflow/.local/lib/python3.12/site-packages/airflow/example_dags/example_python_decorator.py took 0.123 seconds
[2026-07-31T16:29:43.163+0000] {processor.py:186} INFO - Started process (PID=5252) to work on /home/airflow/.local/lib/python3.12/site-packages/airflow/example_dags/example_python_decorator.py
[2026-07-31T16:29:43.166+0000] {processor.py:914} INFO - Processing file /home/airflow/.local/lib/python3.12/site-packages/airflow/example_dags/example_python_decorator.py for tasks to queue
[2026-07-31T16:29:43.170+0000] {logging_mixin.py:190} INFO - [2026-07-31T16:29:43.169+0000] {dagbag.py:588} INFO - Filling up the DagBag from /home/airflow/.local/lib/python3.12/site-packages/airflow/example_dags/example_python_decorator.py
[2026-07-31T16:29:43.192+0000] {processor.py:925} INFO - DAG(s) 'example_python_decorator' retrieved from /home/airflow/.local/lib/python3.12/site-packages/airflow/example_dags/example_python_decorator.py
[2026-07-31T16:29:43.217+0000] {logging_mixin.py:190} INFO - [2026-07-31T16:29:43.217+0000] {dag.py:3239} INFO - Sync 1 DAGs
[2026-07-31T16:29:43.239+0000] {logging_mixin.py:190} INFO - [2026-07-31T16:29:43.239+0000] {dag.py:4180} INFO - Setting next_dagrun for example_python_decorator to None, run_after=None
[2026-07-31T16:29:43.263+0000] {processor.py:208} INFO - Processing /home/airflow/.local/lib/python3.12/site-packages/airflow/example_dags/example_python_decorator.py took 0.107 seconds
[2026-07-31T16:30:13.406+0000] {processor.py:186} INFO - Started process (PID=5315) to work on /home/airflow/.local/lib/python3.12/site-packages/airflow/example_dags/example_python_decorator.py
[2026-07-31T16:30:13.408+0000] {processor.py:914} INFO - Processing file /home/airflow/.local/lib/python3.12/site-packages/airflow/example_dags/example_python_decorator.py for tasks to queue
[2026-07-31T16:30:13.416+0000] {logging_mixin.py:190} INFO - [2026-07-31T16:30:13.415+0000] {dagbag.py:588} INFO - Filling up the DagBag from /home/airflow/.local/lib/python3.12/site-packages/airflow/example_dags/example_python_decorator.py
[2026-07-31T16:30:13.440+0000] {processor.py:925} INFO - DAG(s) 'example_python_decorator' retrieved from /home/airflow/.local/lib/python3.12/site-packages/airflow/example_dags/example_python_decorator.py
[2026-07-31T16:30:13.468+0000] {logging_mixin.py:190} INFO - [2026-07-31T16:30:13.467+0000] {dag.py:3239} INFO - Sync 1 DAGs
[2026-07-31T16:30:13.486+0000] {logging_mixin.py:190} INFO - [2026-07-31T16:30:13.486+0000] {dag.py:4180} INFO - Setting next_dagrun for example_python_decorator to None, run_after=None
[2026-07-31T16:30:13.510+0000] {processor.py:208} INFO - Processing /home/airflow/.local/lib/python3.12/site-packages/airflow/example_dags/example_python_decorator.py took 0.115 seconds
[2026-07-31T16:30:43.986+0000] {processor.py:186} INFO - Started process (PID=5378) to work on /home/airflow/.local/lib/python3.12/site-packages/airflow/example_dags/example_python_decorator.py
[2026-07-31T16:30:43.989+0000] {processor.py:914} INFO - Processing file /home/airflow/.local/lib/python3.12/site-packages/airflow/example_dags/example_python_decorator.py for tasks to queue
[2026-07-31T16:30:43.994+0000] {logging_mixin.py:190} INFO - [2026-07-31T16:30:43.993+0000] {dagbag.py:588} INFO - Filling up the DagBag from /home/airflow/.local/lib/python3.12/site-packages/airflow/example_dags/example_python_decorator.py
[2026-07-31T16:30:44.018+0000] {processor.py:925} INFO - DAG(s) 'example_python_decorator' retrieved from /home/airflow/.local/lib/python3.12/site-packages/airflow/example_dags/example_python_decorator.py
[2026-07-31T16:30:44.048+0000] {logging_mixin.py:190} INFO - [2026-07-31T16:30:44.048+0000] {dag.py:3239} INFO - Sync 1 DAGs
[2026-07-31T16:30:44.065+0000] {logging_mixin.py:190} INFO - [2026-07-31T16:30:44.065+0000] {dag.py:4180} INFO - Setting next_dagrun for example_python_decorator to None, run_after=None
[2026-07-31T16:30:44.092+0000] {processor.py:208} INFO - Processing /home/airflow/.local/lib/python3.12/site-packages/airflow/example_dags/example_python_decorator.py took 0.115 seconds
[2026-07-31T16:31:14.246+0000] {processor.py:186} INFO - Started process (PID=5441) to work on /home/airflow/.local/lib/python3.12/site-packages/airflow/example_dags/example_python_decorator.py
[2026-07-31T16:31:14.249+0000] {processor.py:914} INFO - Processing file /home/airflow/.local/lib/python3.12/site-packages/airflow/example_dags/example_python_decorator.py for tasks to queue
[2026-07-31T16:31:14.252+0000] {logging_mixin.py:190} INFO - [2026-07-31T16:31:14.252+0000] {dagbag.py:588} INFO - Filling up the DagBag from /home/airflow/.local/lib/python3.12/site-packages/airflow/example_dags/example_python_decorator.py
[2026-07-31T16:31:14.268+0000] {processor.py:925} INFO - DAG(s) 'example_python_decorator' retrieved from /home/airflow/.local/lib/python3.12/site-packages/airflow/example_dags/example_python_decorator.py
[2026-07-31T16:31:14.296+0000] {logging_mixin.py:190} INFO - [2026-07-31T16:31:14.296+0000] {dag.py:3239} INFO - Sync 1 DAGs
[2026-07-31T16:31:14.314+0000] {logging_mixin.py:190} INFO - [2026-07-31T16:31:14.314+0000] {dag.py:4180} INFO - Setting next_dagrun for example_python_decorator to None, run_after=None
[2026-07-31T16:31:14.340+0000] {processor.py:208} INFO - Processing /home/airflow/.local/lib/python3.12/site-packages/airflow/example_dags/example_python_decorator.py took 0.100 seconds
[2026-07-31T16:31:44.629+0000] {processor.py:186} INFO - Started process (PID=5504) to work on /home/airflow/.local/lib/python3.12/site-packages/airflow/example_dags/example_python_decorator.py
[2026-07-31T16:31:44.632+0000] {processor.py:914} INFO - Processing file /home/airflow/.local/lib/python3.12/site-packages/airflow/example_dags/example_python_decorator.py for tasks to queue
[2026-07-31T16:31:44.639+0000] {logging_mixin.py:190} INFO - [2026-07-31T16:31:44.638+0000] {dagbag.py:588} INFO - Filling up the DagBag from /home/airflow/.local/lib/python3.12/site-packages/airflow/example_dags/example_python_decorator.py
[2026-07-31T16:31:44.659+0000] {processor.py:925} INFO - DAG(s) 'example_python_decorator' retrieved from /home/airflow/.local/lib/python3.12/site-packages/airflow/example_dags/example_python_decorator.py
[2026-07-31T16:31:44.684+0000] {logging_mixin.py:190} INFO - [2026-07-31T16:31:44.683+0000] {dag.py:3239} INFO - Sync 1 DAGs
[2026-07-31T16:31:44.700+0000] {logging_mixin.py:190} INFO - [2026-07-31T16:31:44.700+0000] {dag.py:4180} INFO - Setting next_dagrun for example_python_decorator to None, run_after=None
[2026-07-31T16:31:44.727+0000] {processor.py:208} INFO - Processing /home/airflow/.local/lib/python3.12/site-packages/airflow/example_dags/example_python_decorator.py took 0.107 seconds
[2026-07-31T16:32:15.413+0000] {processor.py:186} INFO - Started process (PID=5567) to work on /home/airflow/.local/lib/python3.12/site-packages/airflow/example_dags/example_python_decorator.py
[2026-07-31T16:32:15.415+0000] {processor.py:914} INFO - Processing file /home/airflow/.local/lib/python3.12/site-packages/airflow/example_dags/example_python_decorator.py for tasks to queue
[2026-07-31T16:32:15.419+0000] {logging_mixin.py:190} INFO - [2026-07-31T16:32:15.419+0000] {dagbag.py:588} INFO - Filling up the DagBag from /home/airflow/.local/lib/python3.12/site-packages/airflow/example_dags/example_python_decorator.py
[2026-07-31T16:32:15.439+0000] {processor.py:925} INFO - DAG(s) 'example_python_decorator' retrieved from /home/airflow/.local/lib/python3.12/site-packages/airflow/example_dags/example_python_decorator.py
[2026-07-31T16:32:15.470+0000] {logging_mixin.py:190} INFO - [2026-07-31T16:32:15.470+0000] {dag.py:3239} INFO - Sync 1 DAGs
[2026-07-31T16:32:15.489+0000] {logging_mixin.py:190} INFO - [2026-07-31T16:32:15.489+0000] {dag.py:4180} INFO - Setting next_dagrun for example_python_decorator to None, run_after=None
[2026-07-31T16:32:15.516+0000] {processor.py:208} INFO - Processing /home/airflow/.local/lib/python3.12/site-packages/airflow/example_dags/example_python_decorator.py took 0.111 seconds
[2026-07-31T16:32:45.593+0000] {processor.py:186} INFO - Started process (PID=5629) to work on /home/airflow/.local/lib/python3.12/site-packages/airflow/example_dags/example_python_decorator.py
[2026-07-31T16:32:45.595+0000] {processor.py:914} INFO - Processing file /home/airflow/.local/lib/python3.12/site-packages/airflow/example_dags/example_python_decorator.py for tasks to queue
[2026-07-31T16:32:45.599+0000] {logging_mixin.py:190} INFO - [2026-07-31T16:32:45.599+0000] {dagbag.py:588} INFO - Filling up the DagBag from /home/airflow/.local/lib/python3.12/site-packages/airflow/example_dags/example_python_decorator.py
[2026-07-31T16:32:45.621+0000] {processor.py:925} INFO - DAG(s) 'example_python_decorator' retrieved from /home/airflow/.local/lib/python3.12/site-packages/airflow/example_dags/example_python_decorator.py
[2026-07-31T16:32:45.648+0000] {logging_mixin.py:190} INFO - [2026-07-31T16:32:45.648+0000] {dag.py:3239} INFO - Sync 1 DAGs
[2026-07-31T16:32:45.666+0000] {logging_mixin.py:190} INFO - [2026-07-31T16:32:45.665+0000] {dag.py:4180} INFO - Setting next_dagrun for example_python_decorator to None, run_after=None
[2026-07-31T16:32:45.688+0000] {processor.py:208} INFO - Processing /home/airflow/.local/lib/python3.12/site-packages/airflow/example_dags/example_python_decorator.py took 0.104 seconds
[2026-07-31T16:33:16.466+0000] {processor.py:186} INFO - Started process (PID=5692) to work on /home/airflow/.local/lib/python3.12/site-packages/airflow/example_dags/example_python_decorator.py
[2026-07-31T16:33:16.468+0000] {processor.py:914} INFO - Processing file /home/airflow/.local/lib/python3.12/site-packages/airflow/example_dags/example_python_decorator.py for tasks to queue
[2026-07-31T16:33:16.472+0000] {logging_mixin.py:190} INFO - [2026-07-31T16:33:16.471+0000] {dagbag.py:588} INFO - Filling up the DagBag from /home/airflow/.local/lib/python3.12/site-packages/airflow/example_dags/example_python_decorator.py
[2026-07-31T16:33:16.489+0000] {processor.py:925} INFO - DAG(s) 'example_python_decorator' retrieved from /home/airflow/.local/lib/python3.12/site-packages/airflow/example_dags/example_python_decorator.py
[2026-07-31T16:33:16.518+0000] {logging_mixin.py:190} INFO - [2026-07-31T16:33:16.518+0000] {dag.py:3239} INFO - Sync 1 DAGs
[2026-07-31T16:33:16.538+0000] {logging_mixin.py:190} INFO - [2026-07-31T16:33:16.538+0000] {dag.py:4180} INFO - Setting next_dagrun for example_python_decorator to None, run_after=None
[2026-07-31T16:33:16.563+0000] {processor.py:208} INFO - Processing /home/airflow/.local/lib/python3.12/site-packages/airflow/example_dags/example_python_decorator.py took 0.103 seconds
[2026-07-31T16:33:46.793+0000] {processor.py:186} INFO - Started process (PID=5755) to work on /home/airflow/.local/lib/python3.12/site-packages/airflow/example_dags/example_python_decorator.py
[2026-07-31T16:33:46.795+0000] {processor.py:914} INFO - Processing file /home/airflow/.local/lib/python3.12/site-packages/airflow/example_dags/example_python_decorator.py for tasks to queue
[2026-07-31T16:33:46.799+0000] {logging_mixin.py:190} INFO - [2026-07-31T16:33:46.798+0000] {dagbag.py:588} INFO - Filling up the DagBag from /home/airflow/.local/lib/python3.12/site-packages/airflow/example_dags/example_python_decorator.py
[2026-07-31T16:33:46.816+0000] {processor.py:925} INFO - DAG(s) 'example_python_decorator' retrieved from /home/airflow/.local/lib/python3.12/site-packages/airflow/example_dags/example_python_decorator.py
[2026-07-31T16:33:46.843+0000] {logging_mixin.py:190} INFO - [2026-07-31T16:33:46.843+0000] {dag.py:3239} INFO - Sync 1 DAGs
[2026-07-31T16:33:46.861+0000] {logging_mixin.py:190} INFO - [2026-07-31T16:33:46.861+0000] {dag.py:4180} INFO - Setting next_dagrun for example_python_decorator to None, run_after=None
[2026-07-31T16:33:46.888+0000] {processor.py:208} INFO - Processing /home/airflow/.local/lib/python3.12/site-packages/airflow/example_dags/example_python_decorator.py took 0.102 seconds
[2026-07-31T16:34:17.544+0000] {processor.py:186} INFO - Started process (PID=5818) to work on /home/airflow/.local/lib/python3.12/site-packages/airflow/example_dags/example_python_decorator.py
[2026-07-31T16:34:17.547+0000] {processor.py:914} INFO - Processing file /home/airflow/.local/lib/python3.12/site-packages/airflow/example_dags/example_python_decorator.py for tasks to queue
[2026-07-31T16:34:17.552+0000] {logging_mixin.py:190} INFO - [2026-07-31T16:34:17.551+0000] {dagbag.py:588} INFO - Filling up the DagBag from /home/airflow/.local/lib/python3.12/site-packages/airflow/example_dags/example_python_decorator.py
[2026-07-31T16:34:17.575+0000] {processor.py:925} INFO - DAG(s) 'example_python_decorator' retrieved from /home/airflow/.local/lib/python3.12/site-packages/airflow/example_dags/example_python_decorator.py
[2026-07-31T16:34:17.602+0000] {logging_mixin.py:190} INFO - [2026-07-31T16:34:17.602+0000] {dag.py:3239} INFO - Sync 1 DAGs
[2026-07-31T16:34:17.619+0000] {logging_mixin.py:190} INFO - [2026-07-31T16:34:17.619+0000] {dag.py:4180} INFO - Setting next_dagrun for example_python_decorator to None, run_after=None
[2026-07-31T16:34:17.642+0000] {processor.py:208} INFO - Processing /home/airflow/.local/lib/python3.12/site-packages/airflow/example_dags/example_python_decorator.py took 0.104 seconds
[2026-07-31T16:34:47.832+0000] {processor.py:186} INFO - Started process (PID=5881) to work on /home/airflow/.local/lib/python3.12/site-packages/airflow/example_dags/example_python_decorator.py
[2026-07-31T16:34:47.834+0000] {processor.py:914} INFO - Processing file /home/airflow/.local/lib/python3.12/site-packages/airflow/example_dags/example_python_decorator.py for tasks to queue
[2026-07-31T16:34:47.839+0000] {logging_mixin.py:190} INFO - [2026-07-31T16:34:47.839+0000] {dagbag.py:588} INFO - Filling up the DagBag from /home/airflow/.local/lib/python3.12/site-packages/airflow/example_dags/example_python_decorator.py
[2026-07-31T16:34:47.863+0000] {processor.py:925} INFO - DAG(s) 'example_python_decorator' retrieved from /home/airflow/.local/lib/python3.12/site-packages/airflow/example_dags/example_python_decorator.py
[2026-07-31T16:34:47.890+0000] {logging_mixin.py:190} INFO - [2026-07-31T16:34:47.890+0000] {dag.py:3239} INFO - Sync 1 DAGs
[2026-07-31T16:34:47.908+0000] {logging_mixin.py:190} INFO - [2026-07-31T16:34:47.908+0000] {dag.py:4180} INFO - Setting next_dagrun for example_python_decorator to None, run_after=None
[2026-07-31T16:34:47.935+0000] {processor.py:208} INFO - Processing /home/airflow/.local/lib/python3.12/site-packages/airflow/example_dags/example_python_decorator.py took 0.115 seconds
[2026-07-31T16:35:18.177+0000] {processor.py:186} INFO - Started process (PID=5944) to work on /home/airflow/.local/lib/python3.12/site-packages/airflow/example_dags/example_python_decorator.py
[2026-07-31T16:35:18.180+0000] {processor.py:914} INFO - Processing file /home/airflow/.local/lib/python3.12/site-packages/airflow/example_dags/example_python_decorator.py for tasks to queue
[2026-07-31T16:35:18.185+0000] {logging_mixin.py:190} INFO - [2026-07-31T16:35:18.184+0000] {dagbag.py:588} INFO - Filling up the DagBag from /home/airflow/.local/lib/python3.12/site-packages/airflow/example_dags/example_python_decorator.py
[2026-07-31T16:35:18.216+0000] {processor.py:925} INFO - DAG(s) 'example_python_decorator' retrieved from /home/airflow/.local/lib/python3.12/site-packages/airflow/example_dags/example_python_decorator.py
[2026-07-31T16:35:18.271+0000] {logging_mixin.py:190} INFO - [2026-07-31T16:35:18.271+0000] {dag.py:3239} INFO - Sync 1 DAGs
[2026-07-31T16:35:18.324+0000] {logging_mixin.py:190} INFO - [2026-07-31T16:35:18.323+0000] {dag.py:4180} INFO - Setting next_dagrun for example_python_decorator to None, run_after=None
[2026-07-31T16:35:18.359+0000] {processor.py:208} INFO - Processing /home/airflow/.local/lib/python3.12/site-packages/airflow/example_dags/example_python_decorator.py took 0.191 seconds
[2026-07-31T16:35:49.242+0000] {processor.py:186} INFO - Started process (PID=6007) to work on /home/airflow/.local/lib/python3.12/site-packages/airflow/example_dags/example_python_decorator.py
[2026-07-31T16:35:49.245+0000] {processor.py:914} INFO - Processing file /home/airflow/.local/lib/python3.12/site-packages/airflow/example_dags/example_python_decorator.py for tasks to queue
[2026-07-31T16:35:49.250+0000] {logging_mixin.py:190} INFO - [2026-07-31T16:35:49.249+0000] {dagbag.py:588} INFO - Filling up the DagBag from /home/airflow/.local/lib/python3.12/site-packages/airflow/example_dags/example_python_decorator.py
[2026-07-31T16:35:49.270+0000] {processor.py:925} INFO - DAG(s) 'example_python_decorator' retrieved from /home/airflow/.local/lib/python3.12/site-packages/airflow/example_dags/example_python_decorator.py
[2026-07-31T16:35:49.294+0000] {logging_mixin.py:190} INFO - [2026-07-31T16:35:49.294+0000] {dag.py:3239} INFO - Sync 1 DAGs
[2026-07-31T16:35:49.311+0000] {logging_mixin.py:190} INFO - [2026-07-31T16:35:49.311+0000] {dag.py:4180} INFO - Setting next_dagrun for example_python_decorator to None, run_after=None
[2026-07-31T16:35:49.335+0000] {processor.py:208} INFO - Processing /home/airflow/.local/lib/python3.12/site-packages/airflow/example_dags/example_python_decorator.py took 0.100 seconds
[2026-07-31T16:36:19.493+0000] {processor.py:186} INFO - Started process (PID=6070) to work on /home/airflow/.local/lib/python3.12/site-packages/airflow/example_dags/example_python_decorator.py
[2026-07-31T16:36:19.496+0000] {processor.py:914} INFO - Processing file /home/airflow/.local/lib/python3.12/site-packages/airflow/example_dags/example_python_decorator.py for tasks to queue
[2026-07-31T16:36:19.502+0000] {logging_mixin.py:190} INFO - [2026-07-31T16:36:19.502+0000] {dagbag.py:588} INFO - Filling up the DagBag from /home/airflow/.local/lib/python3.12/site-packages/airflow/example_dags/example_python_decorator.py
[2026-07-31T16:36:19.527+0000] {processor.py:925} INFO - DAG(s) 'example_python_decorator' retrieved from /home/airflow/.local/lib/python3.12/site-packages/airflow/example_dags/example_python_decorator.py
[2026-07-31T16:36:19.559+0000] {logging_mixin.py:190} INFO - [2026-07-31T16:36:19.558+0000] {dag.py:3239} INFO - Sync 1 DAGs
[2026-07-31T16:36:19.577+0000] {logging_mixin.py:190} INFO - [2026-07-31T16:36:19.577+0000] {dag.py:4180} INFO - Setting next_dagrun for example_python_decorator to None, run_after=None
[2026-07-31T16:36:19.602+0000] {processor.py:208} INFO - Processing /home/airflow/.local/lib/python3.12/site-packages/airflow/example_dags/example_python_decorator.py took 0.123 seconds
[2026-07-31T16:36:50.396+0000] {processor.py:186} INFO - Started process (PID=6132) to work on /home/airflow/.local/lib/python3.12/site-packages/airflow/example_dags/example_python_decorator.py
[2026-07-31T16:36:50.399+0000] {processor.py:914} INFO - Processing file /home/airflow/.local/lib/python3.12/site-packages/airflow/example_dags/example_python_decorator.py for tasks to queue
[2026-07-31T16:36:50.404+0000] {logging_mixin.py:190} INFO - [2026-07-31T16:36:50.403+0000] {dagbag.py:588} INFO - Filling up the DagBag from /home/airflow/.local/lib/python3.12/site-packages/airflow/example_dags/example_python_decorator.py
[2026-07-31T16:36:50.424+0000] {processor.py:925} INFO - DAG(s) 'example_python_decorator' retrieved from /home/airflow/.local/lib/python3.12/site-packages/airflow/example_dags/example_python_decorator.py
[2026-07-31T16:36:50.448+0000] {logging_mixin.py:190} INFO - [2026-07-31T16:36:50.447+0000] {dag.py:3239} INFO - Sync 1 DAGs
[2026-07-31T16:36:50.464+0000] {logging_mixin.py:190} INFO - [2026-07-31T16:36:50.463+0000] {dag.py:4180} INFO - Setting next_dagrun for example_python_decorator to None, run_after=None
[2026-07-31T16:36:50.489+0000] {processor.py:208} INFO - Processing /home/airflow/.local/lib/python3.12/site-packages/airflow/example_dags/example_python_decorator.py took 0.102 seconds
[2026-07-31T16:37:21.928+0000] {processor.py:186} INFO - Started process (PID=6195) to work on /home/airflow/.local/lib/python3.12/site-packages/airflow/example_dags/example_python_decorator.py
[2026-07-31T16:37:21.931+0000] {processor.py:914} INFO - Processing file /home/airflow/.local/lib/python3.12/site-packages/airflow/example_dags/example_python_decorator.py for tasks to queue
[2026-07-31T16:37:21.936+0000] {logging_mixin.py:190} INFO - [2026-07-31T16:37:21.935+0000] {dagbag.py:588} INFO - Filling up the DagBag from /home/airflow/.local/lib/python3.12/site-packages/airflow/example_dags/example_python_decorator.py
[2026-07-31T16:37:21.958+0000] {processor.py:925} INFO - DAG(s) 'example_python_decorator' retrieved from /home/airflow/.local/lib/python3.12/site-packages/airflow/example_dags/example_python_decorator.py
[2026-07-31T16:37:21.989+0000] {logging_mixin.py:190} INFO - [2026-07-31T16:37:21.989+0000] {dag.py:3239} INFO - Sync 1 DAGs
[2026-07-31T16:37:22.007+0000] {logging_mixin.py:190} INFO - [2026-07-31T16:37:22.007+0000] {dag.py:4180} INFO - Setting next_dagrun for example_python_decorator to None, run_after=None
[2026-07-31T16:37:22.035+0000] {processor.py:208} INFO - Processing /home/airflow/.local/lib/python3.12/site-packages/airflow/example_dags/example_python_decorator.py took 0.115 seconds
[2026-07-31T16:37:52.288+0000] {processor.py:186} INFO - Started process (PID=6251) to work on /home/airflow/.local/lib/python3.12/site-packages/airflow/example_dags/example_python_decorator.py
[2026-07-31T16:37:52.291+0000] {processor.py:914} INFO - Processing file /home/airflow/.local/lib/python3.12/site-packages/airflow/example_dags/example_python_decorator.py for tasks to queue
[2026-07-31T16:37:52.299+0000] {logging_mixin.py:190} INFO - [2026-07-31T16:37:52.299+0000] {dagbag.py:588} INFO - Filling up the DagBag from /home/airflow/.local/lib/python3.12/site-packages/airflow/example_dags/example_python_decorator.py
[2026-07-31T16:37:52.326+0000] {processor.py:925} INFO - DAG(s) 'example_python_decorator' retrieved from /home/airflow/.local/lib/python3.12/site-packages/airflow/example_dags/example_python_decorator.py
[2026-07-31T16:37:52.370+0000] {logging_mixin.py:190} INFO - [2026-07-31T16:37:52.369+0000] {dag.py:3239} INFO - Sync 1 DAGs
[2026-07-31T16:37:52.398+0000] {logging_mixin.py:190} INFO - [2026-07-31T16:37:52.397+0000] {dag.py:4180} INFO - Setting next_dagrun for example_python_decorator to None, run_after=None
[2026-07-31T16:37:52.432+0000] {processor.py:208} INFO - Processing /home/airflow/.local/lib/python3.12/site-packages/airflow/example_dags/example_python_decorator.py took 0.153 seconds
[2026-07-31T16:38:22.661+0000] {processor.py:186} INFO - Started process (PID=6320) to work on /home/airflow/.local/lib/python3.12/site-packages/airflow/example_dags/example_python_decorator.py
[2026-07-31T16:38:22.663+0000] {processor.py:914} INFO - Processing file /home/airflow/.local/lib/python3.12/site-packages/airflow/example_dags/example_python_decorator.py for tasks to queue
[2026-07-31T16:38:22.668+0000] {logging_mixin.py:190} INFO - [2026-07-31T16:38:22.668+0000] {dagbag.py:588} INFO - Filling up the DagBag from /home/airflow/.local/lib/python3.12/site-packages/airflow/example_dags/example_python_decorator.py
[2026-07-31T16:38:22.690+0000] {processor.py:925} INFO - DAG(s) 'example_python_decorator' retrieved from /home/airflow/.local/lib/python3.12/site-packages/airflow/example_dags/example_python_decorator.py
[2026-07-31T16:38:22.721+0000] {logging_mixin.py:190} INFO - [2026-07-31T16:38:22.721+0000] {dag.py:3239} INFO - Sync 1 DAGs
[2026-07-31T16:38:22.742+0000] {logging_mixin.py:190} INFO - [2026-07-31T16:38:22.742+0000] {dag.py:4180} INFO - Setting next_dagrun for example_python_decorator to None, run_after=None
[2026-07-31T16:38:22.774+0000] {processor.py:208} INFO - Processing /home/airflow/.local/lib/python3.12/site-packages/airflow/example_dags/example_python_decorator.py took 0.120 seconds
[2026-07-31T16:38:53.152+0000] {processor.py:186} INFO - Started process (PID=6383) to work on /home/airflow/.local/lib/python3.12/site-packages/airflow/example_dags/example_python_decorator.py
[2026-07-31T16:38:53.154+0000] {processor.py:914} INFO - Processing file /home/airflow/.local/lib/python3.12/site-packages/airflow/example_dags/example_python_decorator.py for tasks to queue
[2026-07-31T16:38:53.161+0000] {logging_mixin.py:190} INFO - [2026-07-31T16:38:53.160+0000] {dagbag.py:588} INFO - Filling up the DagBag from /home/airflow/.local/lib/python3.12/site-packages/airflow/example_dags/example_python_decorator.py
[2026-07-31T16:38:53.182+0000] {processor.py:925} INFO - DAG(s) 'example_python_decorator' retrieved from /home/airflow/.local/lib/python3.12/site-packages/airflow/example_dags/example_python_decorator.py
[2026-07-31T16:38:53.213+0000] {logging_mixin.py:190} INFO - [2026-07-31T16:38:53.213+0000] {dag.py:3239} INFO - Sync 1 DAGs
[2026-07-31T16:38:53.233+0000] {logging_mixin.py:190} INFO - [2026-07-31T16:38:53.232+0000] {dag.py:4180} INFO - Setting next_dagrun for example_python_decorator to None, run_after=None
[2026-07-31T16:38:53.257+0000] {processor.py:208} INFO - Processing /home/airflow/.local/lib/python3.12/site-packages/airflow/example_dags/example_python_decorator.py took 0.114 seconds
[2026-07-31T16:39:23.381+0000] {processor.py:186} INFO - Started process (PID=6446) to work on /home/airflow/.local/lib/python3.12/site-packages/airflow/example_dags/example_python_decorator.py
[2026-07-31T16:39:23.382+0000] {processor.py:914} INFO - Processing file /home/airflow/.local/lib/python3.12/site-packages/airflow/example_dags/example_python_decorator.py for tasks to queue
[2026-07-31T16:39:23.390+0000] {logging_mixin.py:190} INFO - [2026-07-31T16:39:23.389+0000] {dagbag.py:588} INFO - Filling up the DagBag from /home/airflow/.local/lib/python3.12/site-packages/airflow/example_dags/example_python_decorator.py
[2026-07-31T16:39:23.411+0000] {processor.py:925} INFO - DAG(s) 'example_python_decorator' retrieved from /home/airflow/.local/lib/python3.12/site-packages/airflow/example_dags/example_python_decorator.py
[2026-07-31T16:39:23.442+0000] {logging_mixin.py:190} INFO - [2026-07-31T16:39:23.442+0000] {dag.py:3239} INFO - Sync 1 DAGs
[2026-07-31T16:39:23.461+0000] {logging_mixin.py:190} INFO - [2026-07-31T16:39:23.460+0000] {dag.py:4180} INFO - Setting next_dagrun for example_python_decorator to None, run_after=None
[2026-07-31T16:39:23.486+0000] {processor.py:208} INFO - Processing /home/airflow/.local/lib/python3.12/site-packages/airflow/example_dags/example_python_decorator.py took 0.111 seconds
[2026-07-31T16:39:53.839+0000] {processor.py:186} INFO - Started process (PID=6509) to work on /home/airflow/.local/lib/python3.12/site-packages/airflow/example_dags/example_python_decorator.py
[2026-07-31T16:39:53.841+0000] {processor.py:914} INFO - Processing file /home/airflow/.local/lib/python3.12/site-packages/airflow/example_dags/example_python_decorator.py for tasks to queue
[2026-07-31T16:39:53.846+0000] {logging_mixin.py:190} INFO - [2026-07-31T16:39:53.846+0000] {dagbag.py:588} INFO - Filling up the DagBag from /home/airflow/.local/lib/python3.12/site-packages/airflow/example_dags/example_python_decorator.py
[2026-07-31T16:39:53.868+0000] {processor.py:925} INFO - DAG(s) 'example_python_decorator' retrieved from /home/airflow/.local/lib/python3.12/site-packages/airflow/example_dags/example_python_decorator.py
[2026-07-31T16:39:53.898+0000] {logging_mixin.py:190} INFO - [2026-07-31T16:39:53.897+0000] {dag.py:3239} INFO - Sync 1 DAGs
[2026-07-31T16:39:53.914+0000] {logging_mixin.py:190} INFO - [2026-07-31T16:39:53.914+0000] {dag.py:4180} INFO - Setting next_dagrun for example_python_decorator to None, run_after=None
[2026-07-31T16:39:53.941+0000] {processor.py:208} INFO - Processing /home/airflow/.local/lib/python3.12/site-packages/airflow/example_dags/example_python_decorator.py took 0.108 seconds
[2026-07-31T16:40:24.394+0000] {processor.py:186} INFO - Started process (PID=6572) to work on /home/airflow/.local/lib/python3.12/site-packages/airflow/example_dags/example_python_decorator.py
[2026-07-31T16:40:24.396+0000] {processor.py:914} INFO - Processing file /home/airflow/.local/lib/python3.12/site-packages/airflow/example_dags/example_python_decorator.py for tasks to queue
[2026-07-31T16:40:24.400+0000] {logging_mixin.py:190} INFO - [2026-07-31T16:40:24.400+0000] {dagbag.py:588} INFO - Filling up the DagBag from /home/airflow/.local/lib/python3.12/site-packages/airflow/example_dags/example_python_decorator.py
[2026-07-31T16:40:24.417+0000] {processor.py:925} INFO - DAG(s) 'example_python_decorator' retrieved from /home/airflow/.local/lib/python3.12/site-packages/airflow/example_dags/example_python_decorator.py
[2026-07-31T16:40:24.443+0000] {logging_mixin.py:190} INFO - [2026-07-31T16:40:24.443+0000] {dag.py:3239} INFO - Sync 1 DAGs
[2026-07-31T16:40:24.461+0000] {logging_mixin.py:190} INFO - [2026-07-31T16:40:24.461+0000] {dag.py:4180} INFO - Setting next_dagrun for example_python_decorator to None, run_after=None
[2026-07-31T16:40:24.486+0000] {processor.py:208} INFO - Processing /home/airflow/.local/lib/python3.12/site-packages/airflow/example_dags/example_python_decorator.py took 0.098 seconds
[2026-07-31T16:40:54.871+0000] {processor.py:186} INFO - Started process (PID=6635) to work on /home/airflow/.local/lib/python3.12/site-packages/airflow/example_dags/example_python_decorator.py
[2026-07-31T16:40:54.873+0000] {processor.py:914} INFO - Processing file /home/airflow/.local/lib/python3.12/site-packages/airflow/example_dags/example_python_decorator.py for tasks to queue
[2026-07-31T16:40:54.882+0000] {logging_mixin.py:190} INFO - [2026-07-31T16:40:54.881+0000] {dagbag.py:588} INFO - Filling up the DagBag from /home/airflow/.local/lib/python3.12/site-packages/airflow/example_dags/example_python_decorator.py
[2026-07-31T16:40:54.918+0000] {processor.py:925} INFO - DAG(s) 'example_python_decorator' retrieved from /home/airflow/.local/lib/python3.12/site-packages/airflow/example_dags/example_python_decorator.py
[2026-07-31T16:40:54.950+0000] {logging_mixin.py:190} INFO - [2026-07-31T16:40:54.949+0000] {dag.py:3239} INFO - Sync 1 DAGs
[2026-07-31T16:40:54.970+0000] {logging_mixin.py:190} INFO - [2026-07-31T16:40:54.969+0000] {dag.py:4180} INFO - Setting next_dagrun for example_python_decorator to None, run_after=None
[2026-07-31T16:40:55.000+0000] {processor.py:208} INFO - Processing /home/airflow/.local/lib/python3.12/site-packages/airflow/example_dags/example_python_decorator.py took 0.136 seconds
[2026-07-31T16:41:25.764+0000] {processor.py:186} INFO - Started process (PID=6698) to work on /home/airflow/.local/lib/python3.12/site-packages/airflow/example_dags/example_python_decorator.py
[2026-07-31T16:41:25.766+0000] {processor.py:914} INFO - Processing file /home/airflow/.local/lib/python3.12/site-packages/airflow/example_dags/example_python_decorator.py for tasks to queue
[2026-07-31T16:41:25.771+0000] {logging_mixin.py:190} INFO - [2026-07-31T16:41:25.770+0000] {dagbag.py:588} INFO - Filling up the DagBag from /home/airflow/.local/lib/python3.12/site-packages/airflow/example_dags/example_python_decorator.py
[2026-07-31T16:41:25.790+0000] {processor.py:925} INFO - DAG(s) 'example_python_decorator' retrieved from /home/airflow/.local/lib/python3.12/site-packages/airflow/example_dags/example_python_decorator.py
[2026-07-31T16:41:25.821+0000] {logging_mixin.py:190} INFO - [2026-07-31T16:41:25.821+0000] {dag.py:3239} INFO - Sync 1 DAGs
[2026-07-31T16:41:25.840+0000] {logging_mixin.py:190} INFO - [2026-07-31T16:41:25.839+0000] {dag.py:4180} INFO - Setting next_dagrun for example_python_decorator to None, run_after=None
[2026-07-31T16:41:25.864+0000] {processor.py:208} INFO - Processing /home/airflow/.local/lib/python3.12/site-packages/airflow/example_dags/example_python_decorator.py took 0.108 seconds
[2026-07-31T16:41:56.086+0000] {processor.py:186} INFO - Started process (PID=6761) to work on /home/airflow/.local/lib/python3.12/site-packages/airflow/example_dags/example_python_decorator.py
[2026-07-31T16:41:56.092+0000] {processor.py:914} INFO - Processing file /home/airflow/.local/lib/python3.12/site-packages/airflow/example_dags/example_python_decorator.py for tasks to queue
[2026-07-31T16:41:56.101+0000] {logging_mixin.py:190} INFO - [2026-07-31T16:41:56.100+0000] {dagbag.py:588} INFO - Filling up the DagBag from /home/airflow/.local/lib/python3.12/site-packages/airflow/example_dags/example_python_decorator.py
[2026-07-31T16:41:56.134+0000] {processor.py:925} INFO - DAG(s) 'example_python_decorator' retrieved from /home/airflow/.local/lib/python3.12/site-packages/airflow/example_dags/example_python_decorator.py
[2026-07-31T16:41:56.170+0000] {logging_mixin.py:190} INFO - [2026-07-31T16:41:56.169+0000] {dag.py:3239} INFO - Sync 1 DAGs
[2026-07-31T16:41:56.187+0000] {logging_mixin.py:190} INFO - [2026-07-31T16:41:56.186+0000] {dag.py:4180} INFO - Setting next_dagrun for example_python_decorator to None, run_after=None
[2026-07-31T16:41:56.214+0000] {processor.py:208} INFO - Processing /home/airflow/.local/lib/python3.12/site-packages/airflow/example_dags/example_python_decorator.py took 0.149 seconds
[2026-07-31T16:42:27.167+0000] {processor.py:186} INFO - Started process (PID=6824) to work on /home/airflow/.local/lib/python3.12/site-packages/airflow/example_dags/example_python_decorator.py
[2026-07-31T16:42:27.169+0000] {processor.py:914} INFO - Processing file /home/airflow/.local/lib/python3.12/site-packages/airflow/example_dags/example_python_decorator.py for tasks to queue
[2026-07-31T16:42:27.174+0000] {logging_mixin.py:190} INFO - [2026-07-31T16:42:27.173+0000] {dagbag.py:588} INFO - Filling up the DagBag from /home/airflow/.local/lib/python3.12/site-packages/airflow/example_dags/example_python_decorator.py
[2026-07-31T16:42:27.195+0000] {processor.py:925} INFO - DAG(s) 'example_python_decorator' retrieved from /home/airflow/.local/lib/python3.12/site-packages/airflow/example_dags/example_python_decorator.py
[2026-07-31T16:42:27.230+0000] {logging_mixin.py:190} INFO - [2026-07-31T16:42:27.229+0000] {dag.py:3239} INFO - Sync 1 DAGs
[2026-07-31T16:42:27.245+0000] {logging_mixin.py:190} INFO - [2026-07-31T16:42:27.245+0000] {dag.py:4180} INFO - Setting next_dagrun for example_python_decorator to None, run_after=None
[2026-07-31T16:42:27.269+0000] {processor.py:208} INFO - Processing /home/airflow/.local/lib/python3.12/site-packages/airflow/example_dags/example_python_decorator.py took 0.110 seconds
[2026-07-31T16:42:57.553+0000] {processor.py:186} INFO - Started process (PID=6888) to work on /home/airflow/.local/lib/python3.12/site-packages/airflow/example_dags/example_python_decorator.py
[2026-07-31T16:42:57.555+0000] {processor.py:914} INFO - Processing file /home/airflow/.local/lib/python3.12/site-packages/airflow/example_dags/example_python_decorator.py for tasks to queue
[2026-07-31T16:42:57.560+0000] {logging_mixin.py:190} INFO - [2026-07-31T16:42:57.559+0000] {dagbag.py:588} INFO - Filling up the DagBag from /home/airflow/.local/lib/python3.12/site-packages/airflow/example_dags/example_python_decorator.py
[2026-07-31T16:42:57.581+0000] {processor.py:925} INFO - DAG(s) 'example_python_decorator' retrieved from /home/airflow/.local/lib/python3.12/site-packages/airflow/example_dags/example_python_decorator.py
[2026-07-31T16:42:57.612+0000] {logging_mixin.py:190} INFO - [2026-07-31T16:42:57.612+0000] {dag.py:3239} INFO - Sync 1 DAGs
[2026-07-31T16:42:57.630+0000] {logging_mixin.py:190} INFO - [2026-07-31T16:42:57.630+0000] {dag.py:4180} INFO - Setting next_dagrun for example_python_decorator to None, run_after=None
[2026-07-31T16:42:57.656+0000] {processor.py:208} INFO - Processing /home/airflow/.local/lib/python3.12/site-packages/airflow/example_dags/example_python_decorator.py took 0.111 seconds
[2026-07-31T16:43:27.745+0000] {processor.py:186} INFO - Started process (PID=6951) to work on /home/airflow/.local/lib/python3.12/site-packages/airflow/example_dags/example_python_decorator.py
[2026-07-31T16:43:27.747+0000] {processor.py:914} INFO - Processing file /home/airflow/.local/lib/python3.12/site-packages/airflow/example_dags/example_python_decorator.py for tasks to queue
[2026-07-31T16:43:27.752+0000] {logging_mixin.py:190} INFO - [2026-07-31T16:43:27.752+0000] {dagbag.py:588} INFO - Filling up the DagBag from /home/airflow/.local/lib/python3.12/site-packages/airflow/example_dags/example_python_decorator.py
[2026-07-31T16:43:27.771+0000] {processor.py:925} INFO - DAG(s) 'example_python_decorator' retrieved from /home/airflow/.local/lib/python3.12/site-packages/airflow/example_dags/example_python_decorator.py
[2026-07-31T16:43:27.797+0000] {logging_mixin.py:190} INFO - [2026-07-31T16:43:27.797+0000] {dag.py:3239} INFO - Sync 1 DAGs
[2026-07-31T16:43:27.814+0000] {logging_mixin.py:190} INFO - [2026-07-31T16:43:27.814+0000] {dag.py:4180} INFO - Setting next_dagrun for example_python_decorator to None, run_after=None
[2026-07-31T16:43:27.836+0000] {processor.py:208} INFO - Processing /home/airflow/.local/lib/python3.12/site-packages/airflow/example_dags/example_python_decorator.py took 0.097 seconds
[2026-07-31T16:43:58.271+0000] {processor.py:186} INFO - Started process (PID=7015) to work on /home/airflow/.local/lib/python3.12/site-packages/airflow/example_dags/example_python_decorator.py
[2026-07-31T16:43:58.274+0000] {processor.py:914} INFO - Processing file /home/airflow/.local/lib/python3.12/site-packages/airflow/example_dags/example_python_decorator.py for tasks to queue
[2026-07-31T16:43:58.281+0000] {logging_mixin.py:190} INFO - [2026-07-31T16:43:58.280+0000] {dagbag.py:588} INFO - Filling up the DagBag from /home/airflow/.local/lib/python3.12/site-packages/airflow/example_dags/example_python_decorator.py
[2026-07-31T16:43:58.299+0000] {processor.py:925} INFO - DAG(s) 'example_python_decorator' retrieved from /home/airflow/.local/lib/python3.12/site-packages/airflow/example_dags/example_python_decorator.py
[2026-07-31T16:43:58.332+0000] {logging_mixin.py:190} INFO - [2026-07-31T16:43:58.332+0000] {dag.py:3239} INFO - Sync 1 DAGs
[2026-07-31T16:43:58.352+0000] {logging_mixin.py:190} INFO - [2026-07-31T16:43:58.352+0000] {dag.py:4180} INFO - Setting next_dagrun for example_python_decorator to None, run_after=None
[2026-07-31T16:43:58.376+0000] {processor.py:208} INFO - Processing /home/airflow/.local/lib/python3.12/site-packages/airflow/example_dags/example_python_decorator.py took 0.120 seconds
[2026-07-31T16:44:28.944+0000] {processor.py:186} INFO - Started process (PID=7078) to work on /home/airflow/.local/lib/python3.12/site-packages/airflow/example_dags/example_python_decorator.py
[2026-07-31T16:44:28.950+0000] {processor.py:914} INFO - Processing file /home/airflow/.local/lib/python3.12/site-packages/airflow/example_dags/example_python_decorator.py for tasks to queue
[2026-07-31T16:44:28.964+0000] {logging_mixin.py:190} INFO - [2026-07-31T16:44:28.963+0000] {dagbag.py:588} INFO - Filling up the DagBag from /home/airflow/.local/lib/python3.12/site-packages/airflow/example_dags/example_python_decorator.py
[2026-07-31T16:44:29.002+0000] {processor.py:925} INFO - DAG(s) 'example_python_decorator' retrieved from /home/airflow/.local/lib/python3.12/site-packages/airflow/example_dags/example_python_decorator.py
[2026-07-31T16:44:29.054+0000] {logging_mixin.py:190} INFO - [2026-07-31T16:44:29.053+0000] {dag.py:3239} INFO - Sync 1 DAGs
[2026-07-31T16:44:29.086+0000] {logging_mixin.py:190} INFO - [2026-07-31T16:44:29.086+0000] {dag.py:4180} INFO - Setting next_dagrun for example_python_decorator to None, run_after=None
[2026-07-31T16:44:29.129+0000] {processor.py:208} INFO - Processing /home/airflow/.local/lib/python3.12/site-packages/airflow/example_dags/example_python_decorator.py took 0.221 seconds
[2026-07-31T16:44:59.191+0000] {processor.py:186} INFO - Started process (PID=7141) to work on /home/airflow/.local/lib/python3.12/site-packages/airflow/example_dags/example_python_decorator.py
[2026-07-31T16:44:59.193+0000] {processor.py:914} INFO - Processing file /home/airflow/.local/lib/python3.12/site-packages/airflow/example_dags/example_python_decorator.py for tasks to queue
[2026-07-31T16:44:59.197+0000] {logging_mixin.py:190} INFO - [2026-07-31T16:44:59.197+0000] {dagbag.py:588} INFO - Filling up the DagBag from /home/airflow/.local/lib/python3.12/site-packages/airflow/example_dags/example_python_decorator.py
[2026-07-31T16:44:59.233+0000] {processor.py:925} INFO - DAG(s) 'example_python_decorator' retrieved from /home/airflow/.local/lib/python3.12/site-packages/airflow/example_dags/example_python_decorator.py
[2026-07-31T16:44:59.302+0000] {logging_mixin.py:190} INFO - [2026-07-31T16:44:59.302+0000] {dag.py:3239} INFO - Sync 1 DAGs
[2026-07-31T16:44:59.338+0000] {logging_mixin.py:190} INFO - [2026-07-31T16:44:59.337+0000] {dag.py:4180} INFO - Setting next_dagrun for example_python_decorator to None, run_after=None
[2026-07-31T16:44:59.369+0000] {processor.py:208} INFO - Processing /home/airflow/.local/lib/python3.12/site-packages/airflow/example_dags/example_python_decorator.py took 0.185 seconds
[2026-07-31T16:45:29.869+0000] {processor.py:186} INFO - Started process (PID=7204) to work on /home/airflow/.local/lib/python3.12/site-packages/airflow/example_dags/example_python_decorator.py
[2026-07-31T16:45:29.875+0000] {processor.py:914} INFO - Processing file /home/airflow/.local/lib/python3.12/site-packages/airflow/example_dags/example_python_decorator.py for tasks to queue
[2026-07-31T16:45:29.885+0000] {logging_mixin.py:190} INFO - [2026-07-31T16:45:29.883+0000] {dagbag.py:588} INFO - Filling up the DagBag from /home/airflow/.local/lib/python3.12/site-packages/airflow/example_dags/example_python_decorator.py
[2026-07-31T16:45:29.920+0000] {processor.py:925} INFO - DAG(s) 'example_python_decorator' retrieved from /home/airflow/.local/lib/python3.12/site-packages/airflow/example_dags/example_python_decorator.py
[2026-07-31T16:45:29.973+0000] {logging_mixin.py:190} INFO - [2026-07-31T16:45:29.972+0000] {dag.py:3239} INFO - Sync 1 DAGs
[2026-07-31T16:45:30.005+0000] {logging_mixin.py:190} INFO - [2026-07-31T16:45:30.004+0000] {dag.py:4180} INFO - Setting next_dagrun for example_python_decorator to None, run_after=None
[2026-07-31T16:45:30.045+0000] {processor.py:208} INFO - Processing /home/airflow/.local/lib/python3.12/site-packages/airflow/example_dags/example_python_decorator.py took 0.197 seconds
[2026-07-31T16:46:00.197+0000] {processor.py:186} INFO - Started process (PID=7267) to work on /home/airflow/.local/lib/python3.12/site-packages/airflow/example_dags/example_python_decorator.py
[2026-07-31T16:46:00.200+0000] {processor.py:914} INFO - Processing file /home/airflow/.local/lib/python3.12/site-packages/airflow/example_dags/example_python_decorator.py for tasks to queue
[2026-07-31T16:46:00.204+0000] {logging_mixin.py:190} INFO - [2026-07-31T16:46:00.204+0000] {dagbag.py:588} INFO - Filling up the DagBag from /home/airflow/.local/lib/python3.12/site-packages/airflow/example_dags/example_python_decorator.py
[2026-07-31T16:46:00.220+0000] {processor.py:925} INFO - DAG(s) 'example_python_decorator' retrieved from /home/airflow/.local/lib/python3.12/site-packages/airflow/example_dags/example_python_decorator.py
[2026-07-31T16:46:00.246+0000] {logging_mixin.py:190} INFO - [2026-07-31T16:46:00.246+0000] {dag.py:3239} INFO - Sync 1 DAGs
[2026-07-31T16:46:00.261+0000] {logging_mixin.py:190} INFO - [2026-07-31T16:46:00.261+0000] {dag.py:4180} INFO - Setting next_dagrun for example_python_decorator to None, run_after=None
[2026-07-31T16:46:00.282+0000] {processor.py:208} INFO - Processing /home/airflow/.local/lib/python3.12/site-packages/airflow/example_dags/example_python_decorator.py took 0.092 seconds
[2026-07-31T16:46:30.587+0000] {processor.py:186} INFO - Started process (PID=7330) to work on /home/airflow/.local/lib/python3.12/site-packages/airflow/example_dags/example_python_decorator.py
[2026-07-31T16:46:30.591+0000] {processor.py:914} INFO - Processing file /home/airflow/.local/lib/python3.12/site-packages/airflow/example_dags/example_python_decorator.py for tasks to queue
[2026-07-31T16:46:30.596+0000] {logging_mixin.py:190} INFO - [2026-07-31T16:46:30.596+0000] {dagbag.py:588} INFO - Filling up the DagBag from /home/airflow/.local/lib/python3.12/site-packages/airflow/example_dags/example_python_decorator.py
[2026-07-31T16:46:30.621+0000] {processor.py:925} INFO - DAG(s) 'example_python_decorator' retrieved from /home/airflow/.local/lib/python3.12/site-packages/airflow/example_dags/example_python_decorator.py
[2026-07-31T16:46:30.659+0000] {logging_mixin.py:190} INFO - [2026-07-31T16:46:30.659+0000] {dag.py:3239} INFO - Sync 1 DAGs
[2026-07-31T16:46:30.681+0000] {logging_mixin.py:190} INFO - [2026-07-31T16:46:30.681+0000] {dag.py:4180} INFO - Setting next_dagrun for example_python_decorator to None, run_after=None
[2026-07-31T16:46:30.713+0000] {processor.py:208} INFO - Processing /home/airflow/.local/lib/python3.12/site-packages/airflow/example_dags/example_python_decorator.py took 0.135 seconds
[2026-07-31T16:47:01.082+0000] {processor.py:186} INFO - Started process (PID=7393) to work on /home/airflow/.local/lib/python3.12/site-packages/airflow/example_dags/example_python_decorator.py
[2026-07-31T16:47:01.089+0000] {processor.py:914} INFO - Processing file /home/airflow/.local/lib/python3.12/site-packages/airflow/example_dags/example_python_decorator.py for tasks to queue
[2026-07-31T16:47:01.105+0000] {logging_mixin.py:190} INFO - [2026-07-31T16:47:01.105+0000] {dagbag.py:588} INFO - Filling up the DagBag from /home/airflow/.local/lib/python3.12/site-packages/airflow/example_dags/example_python_decorator.py
[2026-07-31T16:47:01.133+0000] {processor.py:925} INFO - DAG(s) 'example_python_decorator' retrieved from /home/airflow/.local/lib/python3.12/site-packages/airflow/example_dags/example_python_decorator.py
[2026-07-31T16:47:01.169+0000] {logging_mixin.py:190} INFO - [2026-07-31T16:47:01.168+0000] {dag.py:3239} INFO - Sync 1 DAGs
[2026-07-31T16:47:01.189+0000] {logging_mixin.py:190} INFO - [2026-07-31T16:47:01.188+0000] {dag.py:4180} INFO - Setting next_dagrun for example_python_decorator to None, run_after=None
[2026-07-31T16:47:01.221+0000] {processor.py:208} INFO - Processing /home/airflow/.local/lib/python3.12/site-packages/airflow/example_dags/example_python_decorator.py took 0.171 seconds
[2026-07-31T16:47:31.496+0000] {processor.py:186} INFO - Started process (PID=7456) to work on /home/airflow/.local/lib/python3.12/site-packages/airflow/example_dags/example_python_decorator.py
[2026-07-31T16:47:31.499+0000] {processor.py:914} INFO - Processing file /home/airflow/.local/lib/python3.12/site-packages/airflow/example_dags/example_python_decorator.py for tasks to queue
[2026-07-31T16:47:31.504+0000] {logging_mixin.py:190} INFO - [2026-07-31T16:47:31.503+0000] {dagbag.py:588} INFO - Filling up the DagBag from /home/airflow/.local/lib/python3.12/site-packages/airflow/example_dags/example_python_decorator.py
[2026-07-31T16:47:31.524+0000] {processor.py:925} INFO - DAG(s) 'example_python_decorator' retrieved from /home/airflow/.local/lib/python3.12/site-packages/airflow/example_dags/example_python_decorator.py
[2026-07-31T16:47:31.559+0000] {logging_mixin.py:190} INFO - [2026-07-31T16:47:31.559+0000] {dag.py:3239} INFO - Sync 1 DAGs
[2026-07-31T16:47:31.580+0000] {logging_mixin.py:190} INFO - [2026-07-31T16:47:31.579+0000] {dag.py:4180} INFO - Setting next_dagrun for example_python_decorator to None, run_after=None
[2026-07-31T16:47:31.609+0000] {processor.py:208} INFO - Processing /home/airflow/.local/lib/python3.12/site-packages/airflow/example_dags/example_python_decorator.py took 0.121 seconds
[2026-07-31T16:48:01.800+0000] {processor.py:186} INFO - Started process (PID=7518) to work on /home/airflow/.local/lib/python3.12/site-packages/airflow/example_dags/example_python_decorator.py
[2026-07-31T16:48:01.804+0000] {processor.py:914} INFO - Processing file /home/airflow/.local/lib/python3.12/site-packages/airflow/example_dags/example_python_decorator.py for tasks to queue
[2026-07-31T16:48:01.810+0000] {logging_mixin.py:190} INFO - [2026-07-31T16:48:01.809+0000] {dagbag.py:588} INFO - Filling up the DagBag from /home/airflow/.local/lib/python3.12/site-packages/airflow/example_dags/example_python_decorator.py
[2026-07-31T16:48:01.834+0000] {processor.py:925} INFO - DAG(s) 'example_python_decorator' retrieved from /home/airflow/.local/lib/python3.12/site-packages/airflow/example_dags/example_python_decorator.py
[2026-07-31T16:48:01.869+0000] {logging_mixin.py:190} INFO - [2026-07-31T16:48:01.868+0000] {dag.py:3239} INFO - Sync 1 DAGs
[2026-07-31T16:48:01.892+0000] {logging_mixin.py:190} INFO - [2026-07-31T16:48:01.891+0000] {dag.py:4180} INFO - Setting next_dagrun for example_python_decorator to None, run_after=None
[2026-07-31T16:48:01.925+0000] {processor.py:208} INFO - Processing /home/airflow/.local/lib/python3.12/site-packages/airflow/example_dags/example_python_decorator.py took 0.139 seconds
[2026-07-31T16:48:32.399+0000] {processor.py:186} INFO - Started process (PID=7582) to work on /home/airflow/.local/lib/python3.12/site-packages/airflow/example_dags/example_python_decorator.py
[2026-07-31T16:48:32.403+0000] {processor.py:914} INFO - Processing file /home/airflow/.local/lib/python3.12/site-packages/airflow/example_dags/example_python_decorator.py for tasks to queue
[2026-07-31T16:48:32.411+0000] {logging_mixin.py:190} INFO - [2026-07-31T16:48:32.410+0000] {dagbag.py:588} INFO - Filling up the DagBag from /home/airflow/.local/lib/python3.12/site-packages/airflow/example_dags/example_python_decorator.py
[2026-07-31T16:48:32.458+0000] {processor.py:925} INFO - DAG(s) 'example_python_decorator' retrieved from /home/airflow/.local/lib/python3.12/site-packages/airflow/example_dags/example_python_decorator.py
[2026-07-31T16:48:32.513+0000] {logging_mixin.py:190} INFO - [2026-07-31T16:48:32.512+0000] {dag.py:3239} INFO - Sync 1 DAGs
[2026-07-31T16:48:32.547+0000] {logging_mixin.py:190} INFO - [2026-07-31T16:48:32.546+0000] {dag.py:4180} INFO - Setting next_dagrun for example_python_decorator to None, run_after=None
[2026-07-31T16:48:32.596+0000] {processor.py:208} INFO - Processing /home/airflow/.local/lib/python3.12/site-packages/airflow/example_dags/example_python_decorator.py took 0.209 seconds
[2026-07-31T16:49:03.110+0000] {processor.py:186} INFO - Started process (PID=7645) to work on /home/airflow/.local/lib/python3.12/site-packages/airflow/example_dags/example_python_decorator.py
[2026-07-31T16:49:03.113+0000] {processor.py:914} INFO - Processing file /home/airflow/.local/lib/python3.12/site-packages/airflow/example_dags/example_python_decorator.py for tasks to queue
[2026-07-31T16:49:03.117+0000] {logging_mixin.py:190} INFO - [2026-07-31T16:49:03.116+0000] {dagbag.py:588} INFO - Filling up the DagBag from /home/airflow/.local/lib/python3.12/site-packages/airflow/example_dags/example_python_decorator.py
[2026-07-31T16:49:03.136+0000] {processor.py:925} INFO - DAG(s) 'example_python_decorator' retrieved from /home/airflow/.local/lib/python3.12/site-packages/airflow/example_dags/example_python_decorator.py
[2026-07-31T16:49:03.193+0000] {logging_mixin.py:190} INFO - [2026-07-31T16:49:03.193+0000] {dag.py:3239} INFO - Sync 1 DAGs
[2026-07-31T16:49:03.218+0000] {logging_mixin.py:190} INFO - [2026-07-31T16:49:03.217+0000] {dag.py:4180} INFO - Setting next_dagrun for example_python_decorator to None, run_after=None
[2026-07-31T16:49:03.253+0000] {processor.py:208} INFO - Processing /home/airflow/.local/lib/python3.12/site-packages/airflow/example_dags/example_python_decorator.py took 0.152 seconds
[2026-07-31T16:49:33.375+0000] {processor.py:186} INFO - Started process (PID=7708) to work on /home/airflow/.local/lib/python3.12/site-packages/airflow/example_dags/example_python_decorator.py
[2026-07-31T16:49:33.379+0000] {processor.py:914} INFO - Processing file /home/airflow/.local/lib/python3.12/site-packages/airflow/example_dags/example_python_decorator.py for tasks to queue
[2026-07-31T16:49:33.385+0000] {logging_mixin.py:190} INFO - [2026-07-31T16:49:33.384+0000] {dagbag.py:588} INFO - Filling up the DagBag from /home/airflow/.local/lib/python3.12/site-packages/airflow/example_dags/example_python_decorator.py
[2026-07-31T16:49:33.403+0000] {processor.py:925} INFO - DAG(s) 'example_python_decorator' retrieved from /home/airflow/.local/lib/python3.12/site-packages/airflow/example_dags/example_python_decorator.py
[2026-07-31T16:49:33.441+0000] {logging_mixin.py:190} INFO - [2026-07-31T16:49:33.441+0000] {dag.py:3239} INFO - Sync 1 DAGs
[2026-07-31T16:49:33.464+0000] {logging_mixin.py:190} INFO - [2026-07-31T16:49:33.464+0000] {dag.py:4180} INFO - Setting next_dagrun for example_python_decorator to None, run_after=None
[2026-07-31T16:49:33.492+0000] {processor.py:208} INFO - Processing /home/airflow/.local/lib/python3.12/site-packages/airflow/example_dags/example_python_decorator.py took 0.128 seconds
[2026-07-31T16:50:04.320+0000] {processor.py:186} INFO - Started process (PID=7771) to work on /home/airflow/.local/lib/python3.12/site-packages/airflow/example_dags/example_python_decorator.py
[2026-07-31T16:50:04.327+0000] {processor.py:914} INFO - Processing file /home/airflow/.local/lib/python3.12/site-packages/airflow/example_dags/example_python_decorator.py for tasks to queue
[2026-07-31T16:50:04.342+0000] {logging_mixin.py:190} INFO - [2026-07-31T16:50:04.341+0000] {dagbag.py:588} INFO - Filling up the DagBag from /home/airflow/.local/lib/python3.12/site-packages/airflow/example_dags/example_python_decorator.py
[2026-07-31T16:50:04.397+0000] {processor.py:925} INFO - DAG(s) 'example_python_decorator' retrieved from /home/airflow/.local/lib/python3.12/site-packages/airflow/example_dags/example_python_decorator.py
[2026-07-31T16:50:04.450+0000] {logging_mixin.py:190} INFO - [2026-07-31T16:50:04.449+0000] {dag.py:3239} INFO - Sync 1 DAGs
[2026-07-31T16:50:04.484+0000] {logging_mixin.py:190} INFO - [2026-07-31T16:50:04.484+0000] {dag.py:4180} INFO - Setting next_dagrun for example_python_decorator to None, run_after=None
[2026-07-31T16:50:04.525+0000] {processor.py:208} INFO - Processing /home/airflow/.local/lib/python3.12/site-packages/airflow/example_dags/example_python_decorator.py took 0.234 seconds
[2026-07-31T16:50:34.993+0000] {processor.py:186} INFO - Started process (PID=7834) to work on /home/airflow/.local/lib/python3.12/site-packages/airflow/example_dags/example_python_decorator.py
[2026-07-31T16:50:34.996+0000] {processor.py:914} INFO - Processing file /home/airflow/.local/lib/python3.12/site-packages/airflow/example_dags/example_python_decorator.py for tasks to queue
[2026-07-31T16:50:35.004+0000] {logging_mixin.py:190} INFO - [2026-07-31T16:50:35.003+0000] {dagbag.py:588} INFO - Filling up the DagBag from /home/airflow/.local/lib/python3.12/site-packages/airflow/example_dags/example_python_decorator.py
[2026-07-31T16:50:35.040+0000] {processor.py:925} INFO - DAG(s) 'example_python_decorator' retrieved from /home/airflow/.local/lib/python3.12/site-packages/airflow/example_dags/example_python_decorator.py
[2026-07-31T16:50:35.100+0000] {logging_mixin.py:190} INFO - [2026-07-31T16:50:35.100+0000] {dag.py:3239} INFO - Sync 1 DAGs
[2026-07-31T16:50:35.127+0000] {logging_mixin.py:190} INFO - [2026-07-31T16:50:35.127+0000] {dag.py:4180} INFO - Setting next_dagrun for example_python_decorator to None, run_after=None
[2026-07-31T16:50:35.165+0000] {processor.py:208} INFO - Processing /home/airflow/.local/lib/python3.12/site-packages/airflow/example_dags/example_python_decorator.py took 0.187 seconds
[2026-07-31T16:51:05.582+0000] {processor.py:186} INFO - Started process (PID=7897) to work on /home/airflow/.local/lib/python3.12/site-packages/airflow/example_dags/example_python_decorator.py
[2026-07-31T16:51:05.586+0000] {processor.py:914} INFO - Processing file /home/airflow/.local/lib/python3.12/site-packages/airflow/example_dags/example_python_decorator.py for tasks to queue
[2026-07-31T16:51:05.599+0000] {logging_mixin.py:190} INFO - [2026-07-31T16:51:05.598+0000] {dagbag.py:588} INFO - Filling up the DagBag from /home/airflow/.local/lib/python3.12/site-packages/airflow/example_dags/example_python_decorator.py
[2026-07-31T16:51:05.653+0000] {processor.py:925} INFO - DAG(s) 'example_python_decorator' retrieved from /home/airflow/.local/lib/python3.12/site-packages/airflow/example_dags/example_python_decorator.py
[2026-07-31T16:51:05.697+0000] {logging_mixin.py:190} INFO - [2026-07-31T16:51:05.696+0000] {dag.py:3239} INFO - Sync 1 DAGs
[2026-07-31T16:51:05.722+0000] {logging_mixin.py:190} INFO - [2026-07-31T16:51:05.722+0000] {dag.py:4180} INFO - Setting next_dagrun for example_python_decorator to None, run_after=None
[2026-07-31T16:51:05.756+0000] {processor.py:208} INFO - Processing /home/airflow/.local/lib/python3.12/site-packages/airflow/example_dags/example_python_decorator.py took 0.199 seconds
[2026-07-31T16:51:36.034+0000] {processor.py:186} INFO - Started process (PID=7960) to work on /home/airflow/.local/lib/python3.12/site-packages/airflow/example_dags/example_python_decorator.py
[2026-07-31T16:51:36.038+0000] {processor.py:914} INFO - Processing file /home/airflow/.local/lib/python3.12/site-packages/airflow/example_dags/example_python_decorator.py for tasks to queue
[2026-07-31T16:51:36.044+0000] {logging_mixin.py:190} INFO - [2026-07-31T16:51:36.043+0000] {dagbag.py:588} INFO - Filling up the DagBag from /home/airflow/.local/lib/python3.12/site-packages/airflow/example_dags/example_python_decorator.py
[2026-07-31T16:51:36.081+0000] {processor.py:925} INFO - DAG(s) 'example_python_decorator' retrieved from /home/airflow/.local/lib/python3.12/site-packages/airflow/example_dags/example_python_decorator.py
[2026-07-31T16:51:36.119+0000] {logging_mixin.py:190} INFO - [2026-07-31T16:51:36.118+0000] {dag.py:3239} INFO - Sync 1 DAGs
[2026-07-31T16:51:36.142+0000] {logging_mixin.py:190} INFO - [2026-07-31T16:51:36.142+0000] {dag.py:4180} INFO - Setting next_dagrun for example_python_decorator to None, run_after=None
[2026-07-31T16:51:36.174+0000] {processor.py:208} INFO - Processing /home/airflow/.local/lib/python3.12/site-packages/airflow/example_dags/example_python_decorator.py took 0.154 seconds
[2026-07-31T16:52:06.689+0000] {processor.py:186} INFO - Started process (PID=8023) to work on /home/airflow/.local/lib/python3.12/site-packages/airflow/example_dags/example_python_decorator.py
[2026-07-31T16:52:06.694+0000] {processor.py:914} INFO - Processing file /home/airflow/.local/lib/python3.12/site-packages/airflow/example_dags/example_python_decorator.py for tasks to queue
[2026-07-31T16:52:06.699+0000] {logging_mixin.py:190} INFO - [2026-07-31T16:52:06.699+0000] {dagbag.py:588} INFO - Filling up the DagBag from /home/airflow/.local/lib/python3.12/site-packages/airflow/example_dags/example_python_decorator.py
[2026-07-31T16:52:06.731+0000] {processor.py:925} INFO - DAG(s) 'example_python_decorator' retrieved from /home/airflow/.local/lib/python3.12/site-packages/airflow/example_dags/example_python_decorator.py
[2026-07-31T16:52:06.770+0000] {logging_mixin.py:190} INFO - [2026-07-31T16:52:06.770+0000] {dag.py:3239} INFO - Sync 1 DAGs
[2026-07-31T16:52:06.794+0000] {logging_mixin.py:190} INFO - [2026-07-31T16:52:06.794+0000] {dag.py:4180} INFO - Setting next_dagrun for example_python_decorator to None, run_after=None
[2026-07-31T16:52:06.831+0000] {processor.py:208} INFO - Processing /home/airflow/.local/lib/python3.12/site-packages/airflow/example_dags/example_python_decorator.py took 0.155 seconds
[2026-07-31T16:52:37.239+0000] {processor.py:186} INFO - Started process (PID=8086) to work on /home/airflow/.local/lib/python3.12/site-packages/airflow/example_dags/example_python_decorator.py
[2026-07-31T16:52:37.243+0000] {processor.py:914} INFO - Processing file /home/airflow/.local/lib/python3.12/site-packages/airflow/example_dags/example_python_decorator.py for tasks to queue
[2026-07-31T16:52:37.248+0000] {logging_mixin.py:190} INFO - [2026-07-31T16:52:37.248+0000] {dagbag.py:588} INFO - Filling up the DagBag from /home/airflow/.local/lib/python3.12/site-packages/airflow/example_dags/example_python_decorator.py
[2026-07-31T16:52:37.271+0000] {processor.py:925} INFO - DAG(s) 'example_python_decorator' retrieved from /home/airflow/.local/lib/python3.12/site-packages/airflow/example_dags/example_python_decorator.py
[2026-07-31T16:52:37.310+0000] {logging_mixin.py:190} INFO - [2026-07-31T16:52:37.310+0000] {dag.py:3239} INFO - Sync 1 DAGs
[2026-07-31T16:52:37.335+0000] {logging_mixin.py:190} INFO - [2026-07-31T16:52:37.335+0000] {dag.py:4180} INFO - Setting next_dagrun for example_python_decorator to None, run_after=None
[2026-07-31T16:52:37.365+0000] {processor.py:208} INFO - Processing /home/airflow/.local/lib/python3.12/site-packages/airflow/example_dags/example_python_decorator.py took 0.137 seconds
[2026-07-31T16:53:08.033+0000] {processor.py:186} INFO - Started process (PID=8149) to work on /home/airflow/.local/lib/python3.12/site-packages/airflow/example_dags/example_python_decorator.py
[2026-07-31T16:53:08.036+0000] {processor.py:914} INFO - Processing file /home/airflow/.local/lib/python3.12/site-packages/airflow/example_dags/example_python_decorator.py for tasks to queue
[2026-07-31T16:53:08.042+0000] {logging_mixin.py:190} INFO - [2026-07-31T16:53:08.042+0000] {dagbag.py:588} INFO - Filling up the DagBag from /home/airflow/.local/lib/python3.12/site-packages/airflow/example_dags/example_python_decorator.py
[2026-07-31T16:53:08.064+0000] {processor.py:925} INFO - DAG(s) 'example_python_decorator' retrieved from /home/airflow/.local/lib/python3.12/site-packages/airflow/example_dags/example_python_decorator.py
[2026-07-31T16:53:08.100+0000] {logging_mixin.py:190} INFO - [2026-07-31T16:53:08.100+0000] {dag.py:3239} INFO - Sync 1 DAGs
[2026-07-31T16:53:08.124+0000] {logging_mixin.py:190} INFO - [2026-07-31T16:53:08.124+0000] {dag.py:4180} INFO - Setting next_dagrun for example_python_decorator to None, run_after=None
[2026-07-31T16:53:08.158+0000] {processor.py:208} INFO - Processing /home/airflow/.local/lib/python3.12/site-packages/airflow/example_dags/example_python_decorator.py took 0.133 seconds
[2026-07-31T16:53:38.456+0000] {processor.py:186} INFO - Started process (PID=8212) to work on /home/airflow/.local/lib/python3.12/site-packages/airflow/example_dags/example_python_decorator.py
[2026-07-31T16:53:38.459+0000] {processor.py:914} INFO - Processing file /home/airflow/.local/lib/python3.12/site-packages/airflow/example_dags/example_python_decorator.py for tasks to queue
[2026-07-31T16:53:38.464+0000] {logging_mixin.py:190} INFO - [2026-07-31T16:53:38.463+0000] {dagbag.py:588} INFO - Filling up the DagBag from /home/airflow/.local/lib/python3.12/site-packages/airflow/example_dags/example_python_decorator.py
[2026-07-31T16:53:38.488+0000] {processor.py:925} INFO - DAG(s) 'example_python_decorator' retrieved from /home/airflow/.local/lib/python3.12/site-packages/airflow/example_dags/example_python_decorator.py
[2026-07-31T16:53:38.520+0000] {logging_mixin.py:190} INFO - [2026-07-31T16:53:38.520+0000] {dag.py:3239} INFO - Sync 1 DAGs
[2026-07-31T16:53:38.544+0000] {logging_mixin.py:190} INFO - [2026-07-31T16:53:38.544+0000] {dag.py:4180} INFO - Setting next_dagrun for example_python_decorator to None, run_after=None
[2026-07-31T16:53:38.577+0000] {processor.py:208} INFO - Processing /home/airflow/.local/lib/python3.12/site-packages/airflow/example_dags/example_python_decorator.py took 0.130 seconds
[2026-07-31T16:54:08.845+0000] {processor.py:186} INFO - Started process (PID=8275) to work on /home/airflow/.local/lib/python3.12/site-packages/airflow/example_dags/example_python_decorator.py
[2026-07-31T16:54:08.847+0000] {processor.py:914} INFO - Processing file /home/airflow/.local/lib/python3.12/site-packages/airflow/example_dags/example_python_decorator.py for tasks to queue
[2026-07-31T16:54:08.850+0000] {logging_mixin.py:190} INFO - [2026-07-31T16:54:08.850+0000] {dagbag.py:588} INFO - Filling up the DagBag from /home/airflow/.local/lib/python3.12/site-packages/airflow/example_dags/example_python_decorator.py
[2026-07-31T16:54:08.867+0000] {processor.py:925} INFO - DAG(s) 'example_python_decorator' retrieved from /home/airflow/.local/lib/python3.12/site-packages/airflow/example_dags/example_python_decorator.py
[2026-07-31T16:54:08.896+0000] {logging_mixin.py:190} INFO - [2026-07-31T16:54:08.895+0000] {dag.py:3239} INFO - Sync 1 DAGs
[2026-07-31T16:54:08.911+0000] {logging_mixin.py:190} INFO - [2026-07-31T16:54:08.911+0000] {dag.py:4180} INFO - Setting next_dagrun for example_python_decorator to None, run_after=None
[2026-07-31T16:54:08.934+0000] {processor.py:208} INFO - Processing /home/airflow/.local/lib/python3.12/site-packages/airflow/example_dags/example_python_decorator.py took 0.095 seconds
[2026-07-31T16:54:40.133+0000] {processor.py:186} INFO - Started process (PID=8337) to work on /home/airflow/.local/lib/python3.12/site-packages/airflow/example_dags/example_python_decorator.py
[2026-07-31T16:54:40.136+0000] {processor.py:914} INFO - Processing file /home/airflow/.local/lib/python3.12/site-packages/airflow/example_dags/example_python_decorator.py for tasks to queue
[2026-07-31T16:54:40.144+0000] {logging_mixin.py:190} INFO - [2026-07-31T16:54:40.143+0000] {dagbag.py:588} INFO - Filling up the DagBag from /home/airflow/.local/lib/python3.12/site-packages/airflow/example_dags/example_python_decorator.py
[2026-07-31T16:54:40.177+0000] {processor.py:925} INFO - DAG(s) 'example_python_decorator' retrieved from /home/airflow/.local/lib/python3.12/site-packages/airflow/example_dags/example_python_decorator.py
[2026-07-31T16:54:40.237+0000] {logging_mixin.py:190} INFO - [2026-07-31T16:54:40.236+0000] {dag.py:3239} INFO - Sync 1 DAGs
[2026-07-31T16:54:40.272+0000] {logging_mixin.py:190} INFO - [2026-07-31T16:54:40.271+0000] {dag.py:4180} INFO - Setting next_dagrun for example_python_decorator to None, run_after=None
[2026-07-31T16:54:40.320+0000] {processor.py:208} INFO - Processing /home/airflow/.local/lib/python3.12/site-packages/airflow/example_dags/example_python_decorator.py took 0.206 seconds
[2026-07-31T16:55:10.789+0000] {processor.py:186} INFO - Started process (PID=8399) to work on /home/airflow/.local/lib/python3.12/site-packages/airflow/example_dags/example_python_decorator.py
[2026-07-31T16:55:10.792+0000] {processor.py:914} INFO - Processing file /home/airflow/.local/lib/python3.12/site-packages/airflow/example_dags/example_python_decorator.py for tasks to queue
[2026-07-31T16:55:10.800+0000] {logging_mixin.py:190} INFO - [2026-07-31T16:55:10.799+0000] {dagbag.py:588} INFO - Filling up the DagBag from /home/airflow/.local/lib/python3.12/site-packages/airflow/example_dags/example_python_decorator.py
[2026-07-31T16:55:10.836+0000] {processor.py:925} INFO - DAG(s) 'example_python_decorator' retrieved from /home/airflow/.local/lib/python3.12/site-packages/airflow/example_dags/example_python_decorator.py
[2026-07-31T16:55:10.886+0000] {logging_mixin.py:190} INFO - [2026-07-31T16:55:10.885+0000] {dag.py:3239} INFO - Sync 1 DAGs
[2026-07-31T16:55:10.911+0000] {logging_mixin.py:190} INFO - [2026-07-31T16:55:10.911+0000] {dag.py:4180} INFO - Setting next_dagrun for example_python_decorator to None, run_after=None
[2026-07-31T16:55:10.947+0000] {processor.py:208} INFO - Processing /home/airflow/.local/lib/python3.12/site-packages/airflow/example_dags/example_python_decorator.py took 0.168 seconds
[2026-07-31T16:55:41.133+0000] {processor.py:186} INFO - Started process (PID=8462) to work on /home/airflow/.local/lib/python3.12/site-packages/airflow/example_dags/example_python_decorator.py
[2026-07-31T16:55:41.135+0000] {processor.py:914} INFO - Processing file /home/airflow/.local/lib/python3.12/site-packages/airflow/example_dags/example_python_decorator.py for tasks to queue
[2026-07-31T16:55:41.139+0000] {logging_mixin.py:190} INFO - [2026-07-31T16:55:41.139+0000] {dagbag.py:588} INFO - Filling up the DagBag from /home/airflow/.local/lib/python3.12/site-packages/airflow/example_dags/example_python_decorator.py
[2026-07-31T16:55:41.154+0000] {processor.py:925} INFO - DAG(s) 'example_python_decorator' retrieved from /home/airflow/.local/lib/python3.12/site-packages/airflow/example_dags/example_python_decorator.py
[2026-07-31T16:55:41.180+0000] {logging_mixin.py:190} INFO - [2026-07-31T16:55:41.179+0000] {dag.py:3239} INFO - Sync 1 DAGs
[2026-07-31T16:55:41.194+0000] {logging_mixin.py:190} INFO - [2026-07-31T16:55:41.194+0000] {dag.py:4180} INFO - Setting next_dagrun for example_python_decorator to None, run_after=None
[2026-07-31T16:55:41.221+0000] {processor.py:208} INFO - Processing /home/airflow/.local/lib/python3.12/site-packages/airflow/example_dags/example_python_decorator.py took 0.094 seconds
[2026-07-31T16:56:12.176+0000] {processor.py:186} INFO - Started process (PID=8524) to work on /home/airflow/.local/lib/python3.12/site-packages/airflow/example_dags/example_python_decorator.py
[2026-07-31T16:56:12.180+0000] {processor.py:914} INFO - Processing file /home/airflow/.local/lib/python3.12/site-packages/airflow/example_dags/example_python_decorator.py for tasks to queue
[2026-07-31T16:56:12.185+0000] {logging_mixin.py:190} INFO - [2026-07-31T16:56:12.184+0000] {dagbag.py:588} INFO - Filling up the DagBag from /home/airflow/.local/lib/python3.12/site-packages/airflow/example_dags/example_python_decorator.py
[2026-07-31T16:56:12.206+0000] {processor.py:925} INFO - DAG(s) 'example_python_decorator' retrieved from /home/airflow/.local/lib/python3.12/site-packages/airflow/example_dags/example_python_decorator.py
[2026-07-31T16:56:12.244+0000] {logging_mixin.py:190} INFO - [2026-07-31T16:56:12.244+0000] {dag.py:3239} INFO - Sync 1 DAGs
[2026-07-31T16:56:12.266+0000] {logging_mixin.py:190} INFO - [2026-07-31T16:56:12.266+0000] {dag.py:4180} INFO - Setting next_dagrun for example_python_decorator to None, run_after=None
[2026-07-31T16:56:12.306+0000] {processor.py:208} INFO - Processing /home/airflow/.local/lib/python3.12/site-packages/airflow/example_dags/example_python_decorator.py took 0.138 seconds
[2026-07-31T16:56:42.496+0000] {processor.py:186} INFO - Started process (PID=8587) to work on /home/airflow/.local/lib/python3.12/site-packages/airflow/example_dags/example_python_decorator.py
[2026-07-31T16:56:42.498+0000] {processor.py:914} INFO - Processing file /home/airflow/.local/lib/python3.12/site-packages/airflow/example_dags/example_python_decorator.py for tasks to queue
[2026-07-31T16:56:42.502+0000] {logging_mixin.py:190} INFO - [2026-07-31T16:56:42.501+0000] {dagbag.py:588} INFO - Filling up the DagBag from /home/airflow/.local/lib/python3.12/site-packages/airflow/example_dags/example_python_decorator.py
[2026-07-31T16:56:42.519+0000] {processor.py:925} INFO - DAG(s) 'example_python_decorator' retrieved from /home/airflow/.local/lib/python3.12/site-packages/airflow/example_dags/example_python_decorator.py
[2026-07-31T16:56:42.543+0000] {logging_mixin.py:190} INFO - [2026-07-31T16:56:42.543+0000] {dag.py:3239} INFO - Sync 1 DAGs
[2026-07-31T16:56:42.560+0000] {logging_mixin.py:190} INFO - [2026-07-31T16:56:42.559+0000] {dag.py:4180} INFO - Setting next_dagrun for example_python_decorator to None, run_after=None
[2026-07-31T16:56:42.586+0000] {processor.py:208} INFO - Processing /home/airflow/.local/lib/python3.12/site-packages/airflow/example_dags/example_python_decorator.py took 0.096 seconds
[2026-07-31T16:57:12.978+0000] {processor.py:186} INFO - Started process (PID=8650) to work on /home/airflow/.local/lib/python3.12/site-packages/airflow/example_dags/example_python_decorator.py
[2026-07-31T16:57:12.979+0000] {processor.py:914} INFO - Processing file /home/airflow/.local/lib/python3.12/site-packages/airflow/example_dags/example_python_decorator.py for tasks to queue
[2026-07-31T16:57:12.983+0000] {logging_mixin.py:190} INFO - [2026-07-31T16:57:12.983+0000] {dagbag.py:588} INFO - Filling up the DagBag from /home/airflow/.local/lib/python3.12/site-packages/airflow/example_dags/example_python_decorator.py
[2026-07-31T16:57:13.000+0000] {processor.py:925} INFO - DAG(s) 'example_python_decorator' retrieved from /home/airflow/.local/lib/python3.12/site-packages/airflow/example_dags/example_python_decorator.py
[2026-07-31T16:57:13.028+0000] {logging_mixin.py:190} INFO - [2026-07-31T16:57:13.027+0000] {dag.py:3239} INFO - Sync 1 DAGs
[2026-07-31T16:57:13.044+0000] {logging_mixin.py:190} INFO - [2026-07-31T16:57:13.044+0000] {dag.py:4180} INFO - Setting next_dagrun for example_python_decorator to None, run_after=None
[2026-07-31T16:57:13.068+0000] {processor.py:208} INFO - Processing /home/airflow/.local/lib/python3.12/site-packages/airflow/example_dags/example_python_decorator.py took 0.096 seconds
[2026-07-31T16:57:43.426+0000] {processor.py:186} INFO - Started process (PID=8713) to work on /home/airflow/.local/lib/python3.12/site-packages/airflow/example_dags/example_python_decorator.py
[2026-07-31T16:57:43.428+0000] {processor.py:914} INFO - Processing file /home/airflow/.local/lib/python3.12/site-packages/airflow/example_dags/example_python_decorator.py for tasks to queue
[2026-07-31T16:57:43.433+0000] {logging_mixin.py:190} INFO - [2026-07-31T16:57:43.432+0000] {dagbag.py:588} INFO - Filling up the DagBag from /home/airflow/.local/lib/python3.12/site-packages/airflow/example_dags/example_python_decorator.py
[2026-07-31T16:57:43.454+0000] {processor.py:925} INFO - DAG(s) 'example_python_decorator' retrieved from /home/airflow/.local/lib/python3.12/site-packages/airflow/example_dags/example_python_decorator.py
[2026-07-31T16:57:43.484+0000] {logging_mixin.py:190} INFO - [2026-07-31T16:57:43.484+0000] {dag.py:3239} INFO - Sync 1 DAGs
[2026-07-31T16:57:43.505+0000] {logging_mixin.py:190} INFO - [2026-07-31T16:57:43.505+0000] {dag.py:4180} INFO - Setting next_dagrun for example_python_decorator to None, run_after=None
[2026-07-31T16:57:43.532+0000] {processor.py:208} INFO - Processing /home/airflow/.local/lib/python3.12/site-packages/airflow/example_dags/example_python_decorator.py took 0.116 seconds
[2026-07-31T16:58:14.082+0000] {processor.py:186} INFO - Started process (PID=8776) to work on /home/airflow/.local/lib/python3.12/site-packages/airflow/example_dags/example_python_decorator.py
[2026-07-31T16:58:14.084+0000] {processor.py:914} INFO - Processing file /home/airflow/.local/lib/python3.12/site-packages/airflow/example_dags/example_python_decorator.py for tasks to queue
[2026-07-31T16:58:14.089+0000] {logging_mixin.py:190} INFO - [2026-07-31T16:58:14.089+0000] {dagbag.py:588} INFO - Filling up the DagBag from /home/airflow/.local/lib/python3.12/site-packages/airflow/example_dags/example_python_decorator.py
[2026-07-31T16:58:14.113+0000] {processor.py:925} INFO - DAG(s) 'example_python_decorator' retrieved from /home/airflow/.local/lib/python3.12/site-packages/airflow/example_dags/example_python_decorator.py
[2026-07-31T16:58:14.141+0000] {logging_mixin.py:190} INFO - [2026-07-31T16:58:14.141+0000] {dag.py:3239} INFO - Sync 1 DAGs
[2026-07-31T16:58:14.158+0000] {logging_mixin.py:190} INFO - [2026-07-31T16:58:14.158+0000] {dag.py:4180} INFO - Setting next_dagrun for example_python_decorator to None, run_after=None
[2026-07-31T16:58:14.184+0000] {processor.py:208} INFO - Processing /home/airflow/.local/lib/python3.12/site-packages/airflow/example_dags/example_python_decorator.py took 0.109 seconds
[2026-07-31T16:58:44.514+0000] {processor.py:186} INFO - Started process (PID=8839) to work on /home/airflow/.local/lib/python3.12/site-packages/airflow/example_dags/example_python_decorator.py
[2026-07-31T16:58:44.517+0000] {processor.py:914} INFO - Processing file /home/airflow/.local/lib/python3.12/site-packages/airflow/example_dags/example_python_decorator.py for tasks to queue
[2026-07-31T16:58:44.521+0000] {logging_mixin.py:190} INFO - [2026-07-31T16:58:44.521+0000] {dagbag.py:588} INFO - Filling up the DagBag from /home/airflow/.local/lib/python3.12/site-packages/airflow/example_dags/example_python_decorator.py
[2026-07-31T16:58:44.541+0000] {processor.py:925} INFO - DAG(s) 'example_python_decorator' retrieved from /home/airflow/.local/lib/python3.12/site-packages/airflow/example_dags/example_python_decorator.py
[2026-07-31T16:58:44.572+0000] {logging_mixin.py:190} INFO - [2026-07-31T16:58:44.571+0000] {dag.py:3239} INFO - Sync 1 DAGs
[2026-07-31T16:58:44.590+0000] {logging_mixin.py:190} INFO - [2026-07-31T16:58:44.589+0000] {dag.py:4180} INFO - Setting next_dagrun for example_python_decorator to None, run_after=None
[2026-07-31T16:58:44.615+0000] {processor.py:208} INFO - Processing /home/airflow/.local/lib/python3.12/site-packages/airflow/example_dags/example_python_decorator.py took 0.108 seconds
[2026-07-31T16:59:15.382+0000] {processor.py:186} INFO - Started process (PID=8902) to work on /home/airflow/.local/lib/python3.12/site-packages/airflow/example_dags/example_python_decorator.py
[2026-07-31T16:59:15.385+0000] {processor.py:914} INFO - Processing file /home/airflow/.local/lib/python3.12/site-packages/airflow/example_dags/example_python_decorator.py for tasks to queue
[2026-07-31T16:59:15.392+0000] {logging_mixin.py:190} INFO - [2026-07-31T16:59:15.391+0000] {dagbag.py:588} INFO - Filling up the DagBag from /home/airflow/.local/lib/python3.12/site-packages/airflow/example_dags/example_python_decorator.py
[2026-07-31T16:59:15.413+0000] {processor.py:925} INFO - DAG(s) 'example_python_decorator' retrieved from /home/airflow/.local/lib/python3.12/site-packages/airflow/example_dags/example_python_decorator.py
[2026-07-31T16:59:15.453+0000] {logging_mixin.py:190} INFO - [2026-07-31T16:59:15.453+0000] {dag.py:3239} INFO - Sync 1 DAGs
[2026-07-31T16:59:15.484+0000] {logging_mixin.py:190} INFO - [2026-07-31T16:59:15.484+0000] {dag.py:4180} INFO - Setting next_dagrun for example_python_decorator to None, run_after=None
[2026-07-31T16:59:15.526+0000] {processor.py:208} INFO - Processing /home/airflow/.local/lib/python3.12/site-packages/airflow/example_dags/example_python_decorator.py took 0.154 seconds
[2026-07-31T16:59:45.878+0000] {processor.py:186} INFO - Started process (PID=8964) to work on /home/airflow/.local/lib/python3.12/site-packages/airflow/example_dags/example_python_decorator.py
[2026-07-31T16:59:45.882+0000] {processor.py:914} INFO - Processing file /home/airflow/.local/lib/python3.12/site-packages/airflow/example_dags/example_python_decorator.py for tasks to queue
[2026-07-31T16:59:45.889+0000] {logging_mixin.py:190} INFO - [2026-07-31T16:59:45.888+0000] {dagbag.py:588} INFO - Filling up the DagBag from /home/airflow/.local/lib/python3.12/site-packages/airflow/example_dags/example_python_decorator.py
[2026-07-31T16:59:45.925+0000] {processor.py:925} INFO - DAG(s) 'example_python_decorator' retrieved from /home/airflow/.local/lib/python3.12/site-packages/airflow/example_dags/example_python_decorator.py
[2026-07-31T16:59:45.992+0000] {logging_mixin.py:190} INFO - [2026-07-31T16:59:45.992+0000] {dag.py:3239} INFO - Sync 1 DAGs
[2026-07-31T16:59:46.020+0000] {logging_mixin.py:190} INFO - [2026-07-31T16:59:46.019+0000] {dag.py:4180} INFO - Setting next_dagrun for example_python_decorator to None, run_after=None
[2026-07-31T16:59:46.051+0000] {processor.py:208} INFO - Processing /home/airflow/.local/lib/python3.12/site-packages/airflow/example_dags/example_python_decorator.py took 0.192 seconds
[2026-07-31T17:00:16.664+0000] {processor.py:186} INFO - Started process (PID=9027) to work on /home/airflow/.local/lib/python3.12/site-packages/airflow/example_dags/example_python_decorator.py
[2026-07-31T17:00:16.672+0000] {processor.py:914} INFO - Processing file /home/airflow/.local/lib/python3.12/site-packages/airflow/example_dags/example_python_decorator.py for tasks to queue
[2026-07-31T17:00:16.686+0000] {logging_mixin.py:190} INFO - [2026-07-31T17:00:16.685+0000] {dagbag.py:588} INFO - Filling up the DagBag from /home/airflow/.local/lib/python3.12/site-packages/airflow/example_dags/example_python_decorator.py
[2026-07-31T17:00:16.760+0000] {processor.py:925} INFO - DAG(s) 'example_python_decorator' retrieved from /home/airflow/.local/lib/python3.12/site-packages/airflow/example_dags/example_python_decorator.py
[2026-07-31T17:00:16.803+0000] {logging_mixin.py:190} INFO - [2026-07-31T17:00:16.803+0000] {dag.py:3239} INFO - Sync 1 DAGs
[2026-07-31T17:00:16.824+0000] {logging_mixin.py:190} INFO - [2026-07-31T17:00:16.824+0000] {dag.py:4180} INFO - Setting next_dagrun for example_python_decorator to None, run_after=None
[2026-07-31T17:00:16.863+0000] {processor.py:208} INFO - Processing /home/airflow/.local/lib/python3.12/site-packages/airflow/example_dags/example_python_decorator.py took 0.232 seconds
[2026-07-31T17:00:47.108+0000] {processor.py:186} INFO - Started process (PID=9090) to work on /home/airflow/.local/lib/python3.12/site-packages/airflow/example_dags/example_python_decorator.py
[2026-07-31T17:00:47.111+0000] {processor.py:914} INFO - Processing file /home/airflow/.local/lib/python3.12/site-packages/airflow/example_dags/example_python_decorator.py for tasks to queue
[2026-07-31T17:00:47.119+0000] {logging_mixin.py:190} INFO - [2026-07-31T17:00:47.119+0000] {dagbag.py:588} INFO - Filling up the DagBag from /home/airflow/.local/lib/python3.12/site-packages/airflow/example_dags/example_python_decorator.py
[2026-07-31T17:00:47.158+0000] {processor.py:925} INFO - DAG(s) 'example_python_decorator' retrieved from /home/airflow/.local/lib/python3.12/site-packages/airflow/example_dags/example_python_decorator.py
[2026-07-31T17:00:47.197+0000] {logging_mixin.py:190} INFO - [2026-07-31T17:00:47.197+0000] {dag.py:3239} INFO - Sync 1 DAGs
[2026-07-31T17:00:47.225+0000] {logging_mixin.py:190} INFO - [2026-07-31T17:00:47.225+0000] {dag.py:4180} INFO - Setting next_dagrun for example_python_decorator to None, run_after=None
[2026-07-31T17:00:47.261+0000] {processor.py:208} INFO - Processing /home/airflow/.local/lib/python3.12/site-packages/airflow/example_dags/example_python_decorator.py took 0.169 seconds
[2026-07-31T17:01:18.248+0000] {processor.py:186} INFO - Started process (PID=9153) to work on /home/airflow/.local/lib/python3.12/site-packages/airflow/example_dags/example_python_decorator.py
[2026-07-31T17:01:18.252+0000] {processor.py:914} INFO - Processing file /home/airflow/.local/lib/python3.12/site-packages/airflow/example_dags/example_python_decorator.py for tasks to queue
[2026-07-31T17:01:18.260+0000] {logging_mixin.py:190} INFO - [2026-07-31T17:01:18.257+0000] {dagbag.py:588} INFO - Filling up the DagBag from /home/airflow/.local/lib/python3.12/site-packages/airflow/example_dags/example_python_decorator.py
[2026-07-31T17:01:18.297+0000] {processor.py:925} INFO - DAG(s) 'example_python_decorator' retrieved from /home/airflow/.local/lib/python3.12/site-packages/airflow/example_dags/example_python_decorator.py
[2026-07-31T17:01:18.366+0000] {logging_mixin.py:190} INFO - [2026-07-31T17:01:18.366+0000] {dag.py:3239} INFO - Sync 1 DAGs
[2026-07-31T17:01:18.386+0000] {logging_mixin.py:190} INFO - [2026-07-31T17:01:18.385+0000] {dag.py:4180} INFO - Setting next_dagrun for example_python_decorator to None, run_after=None
[2026-07-31T17:01:18.417+0000] {processor.py:208} INFO - Processing /home/airflow/.local/lib/python3.12/site-packages/airflow/example_dags/example_python_decorator.py took 0.187 seconds
[2026-07-31T17:01:48.546+0000] {processor.py:186} INFO - Started process (PID=9216) to work on /home/airflow/.local/lib/python3.12/site-packages/airflow/example_dags/example_python_decorator.py
[2026-07-31T17:01:48.548+0000] {processor.py:914} INFO - Processing file /home/airflow/.local/lib/python3.12/site-packages/airflow/example_dags/example_python_decorator.py for tasks to queue
[2026-07-31T17:01:48.552+0000] {logging_mixin.py:190} INFO - [2026-07-31T17:01:48.551+0000] {dagbag.py:588} INFO - Filling up the DagBag from /home/airflow/.local/lib/python3.12/site-packages/airflow/example_dags/example_python_decorator.py
[2026-07-31T17:01:48.567+0000] {processor.py:925} INFO - DAG(s) 'example_python_decorator' retrieved from /home/airflow/.local/lib/python3.12/site-packages/airflow/example_dags/example_python_decorator.py
[2026-07-31T17:01:48.594+0000] {logging_mixin.py:190} INFO - [2026-07-31T17:01:48.593+0000] {dag.py:3239} INFO - Sync 1 DAGs
[2026-07-31T17:01:48.610+0000] {logging_mixin.py:190} INFO - [2026-07-31T17:01:48.610+0000] {dag.py:4180} INFO - Setting next_dagrun for example_python_decorator to None, run_after=None
[2026-07-31T17:01:48.636+0000] {processor.py:208} INFO - Processing /home/airflow/.local/lib/python3.12/site-packages/airflow/example_dags/example_python_decorator.py took 0.096 seconds
[2026-07-31T17:02:18.987+0000] {processor.py:186} INFO - Started process (PID=9279) to work on /home/airflow/.local/lib/python3.12/site-packages/airflow/example_dags/example_python_decorator.py
[2026-07-31T17:02:18.991+0000] {processor.py:914} INFO - Processing file /home/airflow/.local/lib/python3.12/site-packages/airflow/example_dags/example_python_decorator.py for tasks to queue
[2026-07-31T17:02:19.000+0000] {logging_mixin.py:190} INFO - [2026-07-31T17:02:18.999+0000] {dagbag.py:588} INFO - Filling up the DagBag from /home/airflow/.local/lib/python3.12/site-packages/airflow/example_dags/example_python_decorator.py
[2026-07-31T17:02:19.028+0000] {processor.py:925} INFO - DAG(s) 'example_python_decorator' retrieved from /home/airflow/.local/lib/python3.12/site-packages/airflow/example_dags/example_python_decorator.py
[2026-07-31T17:02:19.068+0000] {logging_mixin.py:190} INFO - [2026-07-31T17:02:19.067+0000] {dag.py:3239} INFO - Sync 1 DAGs
[2026-07-31T17:02:19.084+0000] {logging_mixin.py:190} INFO - [2026-07-31T17:02:19.084+0000] {dag.py:4180} INFO - Setting next_dagrun for example_python_decorator to None, run_after=None
[2026-07-31T17:02:19.115+0000] {processor.py:208} INFO - Processing /home/airflow/.local/lib/python3.12/site-packages/airflow/example_dags/example_python_decorator.py took 0.150 seconds
[2026-07-31T17:02:49.392+0000] {processor.py:186} INFO - Started process (PID=9342) to work on /home/airflow/.local/lib/python3.12/site-packages/airflow/example_dags/example_python_decorator.py
[2026-07-31T17:02:49.396+0000] {processor.py:914} INFO - Processing file /home/airflow/.local/lib/python3.12/site-packages/airflow/example_dags/example_python_decorator.py for tasks to queue
[2026-07-31T17:02:49.404+0000] {logging_mixin.py:190} INFO - [2026-07-31T17:02:49.404+0000] {dagbag.py:588} INFO - Filling up the DagBag from /home/airflow/.local/lib/python3.12/site-packages/airflow/example_dags/example_python_decorator.py
[2026-07-31T17:02:49.438+0000] {processor.py:925} INFO - DAG(s) 'example_python_decorator' retrieved from /home/airflow/.local/lib/python3.12/site-packages/airflow/example_dags/example_python_decorator.py
[2026-07-31T17:02:49.480+0000] {logging_mixin.py:190} INFO - [2026-07-31T17:02:49.480+0000] {dag.py:3239} INFO - Sync 1 DAGs
[2026-07-31T17:02:49.499+0000] {logging_mixin.py:190} INFO - [2026-07-31T17:02:49.498+0000] {dag.py:4180} INFO - Setting next_dagrun for example_python_decorator to None, run_after=None
[2026-07-31T17:02:49.524+0000] {processor.py:208} INFO - Processing /home/airflow/.local/lib/python3.12/site-packages/airflow/example_dags/example_python_decorator.py took 0.144 seconds
[2026-07-31T17:03:19.636+0000] {processor.py:186} INFO - Started process (PID=9405) to work on /home/airflow/.local/lib/python3.12/site-packages/airflow/example_dags/example_python_decorator.py
[2026-07-31T17:03:19.639+0000] {processor.py:914} INFO - Processing file /home/airflow/.local/lib/python3.12/site-packages/airflow/example_dags/example_python_decorator.py for tasks to queue
[2026-07-31T17:03:19.643+0000] {logging_mixin.py:190} INFO - [2026-07-31T17:03:19.643+0000] {dagbag.py:588} INFO - Filling up the DagBag from /home/airflow/.local/lib/python3.12/site-packages/airflow/example_dags/example_python_decorator.py
[2026-07-31T17:03:19.661+0000] {processor.py:925} INFO - DAG(s) 'example_python_decorator' retrieved from /home/airflow/.local/lib/python3.12/site-packages/airflow/example_dags/example_python_decorator.py
[2026-07-31T17:03:19.688+0000] {logging_mixin.py:190} INFO - [2026-07-31T17:03:19.688+0000] {dag.py:3239} INFO - Sync 1 DAGs
[2026-07-31T17:03:19.703+0000] {logging_mixin.py:190} INFO - [2026-07-31T17:03:19.703+0000] {dag.py:4180} INFO - Setting next_dagrun for example_python_decorator to None, run_after=None
[2026-07-31T17:03:19.730+0000] {processor.py:208} INFO - Processing /home/airflow/.local/lib/python3.12/site-packages/airflow/example_dags/example_python_decorator.py took 0.102 seconds
[2026-07-31T17:03:49.862+0000] {processor.py:186} INFO - Started process (PID=9469) to work on /home/airflow/.local/lib/python3.12/site-packages/airflow/example_dags/example_python_decorator.py
[2026-07-31T17:03:49.864+0000] {processor.py:914} INFO - Processing file /home/airflow/.local/lib/python3.12/site-packages/airflow/example_dags/example_python_decorator.py for tasks to queue
[2026-07-31T17:03:49.868+0000] {logging_mixin.py:190} INFO - [2026-07-31T17:03:49.868+0000] {dagbag.py:588} INFO - Filling up the DagBag from /home/airflow/.local/lib/python3.12/site-packages/airflow/example_dags/example_python_decorator.py
[2026-07-31T17:03:49.884+0000] {processor.py:925} INFO - DAG(s) 'example_python_decorator' retrieved from /home/airflow/.local/lib/python3.12/site-packages/airflow/example_dags/example_python_decorator.py
[2026-07-31T17:03:49.911+0000] {logging_mixin.py:190} INFO - [2026-07-31T17:03:49.910+0000] {dag.py:3239} INFO - Sync 1 DAGs
[2026-07-31T17:03:49.930+0000] {logging_mixin.py:190} INFO - [2026-07-31T17:03:49.930+0000] {dag.py:4180} INFO - Setting next_dagrun for example_python_decorator to None, run_after=None
[2026-07-31T17:03:49.957+0000] {processor.py:208} INFO - Processing /home/airflow/.local/lib/python3.12/site-packages/airflow/example_dags/example_python_decorator.py took 0.102 seconds
[2026-07-31T17:04:20.407+0000] {processor.py:186} INFO - Started process (PID=9532) to work on /home/airflow/.local/lib/python3.12/site-packages/airflow/example_dags/example_python_decorator.py
[2026-07-31T17:04:20.412+0000] {processor.py:914} INFO - Processing file /home/airflow/.local/lib/python3.12/site-packages/airflow/example_dags/example_python_decorator.py for tasks to queue
[2026-07-31T17:04:20.420+0000] {logging_mixin.py:190} INFO - [2026-07-31T17:04:20.419+0000] {dagbag.py:588} INFO - Filling up the DagBag from /home/airflow/.local/lib/python3.12/site-packages/airflow/example_dags/example_python_decorator.py
[2026-07-31T17:04:20.451+0000] {processor.py:925} INFO - DAG(s) 'example_python_decorator' retrieved from /home/airflow/.local/lib/python3.12/site-packages/airflow/example_dags/example_python_decorator.py
[2026-07-31T17:04:20.557+0000] {logging_mixin.py:190} INFO - [2026-07-31T17:04:20.556+0000] {dag.py:3239} INFO - Sync 1 DAGs
[2026-07-31T17:04:20.606+0000] {logging_mixin.py:190} INFO - [2026-07-31T17:04:20.606+0000] {dag.py:4180} INFO - Setting next_dagrun for example_python_decorator to None, run_after=None
[2026-07-31T17:04:20.644+0000] {processor.py:208} INFO - Processing /home/airflow/.local/lib/python3.12/site-packages/airflow/example_dags/example_python_decorator.py took 0.248 seconds
[2026-07-31T17:04:51.105+0000] {processor.py:186} INFO - Started process (PID=9595) to work on /home/airflow/.local/lib/python3.12/site-packages/airflow/example_dags/example_python_decorator.py
[2026-07-31T17:04:51.108+0000] {processor.py:914} INFO - Processing file /home/airflow/.local/lib/python3.12/site-packages/airflow/example_dags/example_python_decorator.py for tasks to queue
[2026-07-31T17:04:51.114+0000] {logging_mixin.py:190} INFO - [2026-07-31T17:04:51.113+0000] {dagbag.py:588} INFO - Filling up the DagBag from /home/airflow/.local/lib/python3.12/site-packages/airflow/example_dags/example_python_decorator.py
[2026-07-31T17:04:51.141+0000] {processor.py:925} INFO - DAG(s) 'example_python_decorator' retrieved from /home/airflow/.local/lib/python3.12/site-packages/airflow/example_dags/example_python_decorator.py
[2026-07-31T17:04:51.185+0000] {logging_mixin.py:190} INFO - [2026-07-31T17:04:51.184+0000] {dag.py:3239} INFO - Sync 1 DAGs
[2026-07-31T17:04:51.220+0000] {logging_mixin.py:190} INFO - [2026-07-31T17:04:51.220+0000] {dag.py:4180} INFO - Setting next_dagrun for example_python_decorator to None, run_after=None
[2026-07-31T17:04:51.260+0000] {processor.py:208} INFO - Processing /home/airflow/.local/lib/python3.12/site-packages/airflow/example_dags/example_python_decorator.py took 0.166 seconds
[2026-07-31T17:05:21.460+0000] {processor.py:186} INFO - Started process (PID=9658) to work on /home/airflow/.local/lib/python3.12/site-packages/airflow/example_dags/example_python_decorator.py
[2026-07-31T17:05:21.462+0000] {processor.py:914} INFO - Processing file /home/airflow/.local/lib/python3.12/site-packages/airflow/example_dags/example_python_decorator.py for tasks to queue
[2026-07-31T17:05:21.465+0000] {logging_mixin.py:190} INFO - [2026-07-31T17:05:21.464+0000] {dagbag.py:588} INFO - Filling up the DagBag from /home/airflow/.local/lib/python3.12/site-packages/airflow/example_dags/example_python_decorator.py
[2026-07-31T17:05:21.480+0000] {processor.py:925} INFO - DAG(s) 'example_python_decorator' retrieved from /home/airflow/.local/lib/python3.12/site-packages/airflow/example_dags/example_python_decorator.py
[2026-07-31T17:05:21.500+0000] {logging_mixin.py:190} INFO - [2026-07-31T17:05:21.500+0000] {dag.py:3239} INFO - Sync 1 DAGs
[2026-07-31T17:05:21.520+0000] {logging_mixin.py:190} INFO - [2026-07-31T17:05:21.519+0000] {dag.py:4180} INFO - Setting next_dagrun for example_python_decorator to None, run_after=None
[2026-07-31T17:05:21.538+0000] {processor.py:208} INFO - Processing /home/airflow/.local/lib/python3.12/site-packages/airflow/example_dags/example_python_decorator.py took 0.083 seconds
[2026-07-31T17:05:52.545+0000] {processor.py:186} INFO - Started process (PID=9721) to work on /home/airflow/.local/lib/python3.12/site-packages/airflow/example_dags/example_python_decorator.py
[2026-07-31T17:05:52.554+0000] {processor.py:914} INFO - Processing file /home/airflow/.local/lib/python3.12/site-packages/airflow/example_dags/example_python_decorator.py for tasks to queue
[2026-07-31T17:05:52.579+0000] {logging_mixin.py:190} INFO - [2026-07-31T17:05:52.576+0000] {dagbag.py:588} INFO - Filling up the DagBag from /home/airflow/.local/lib/python3.12/site-packages/airflow/example_dags/example_python_decorator.py
[2026-07-31T17:05:52.652+0000] {processor.py:925} INFO - DAG(s) 'example_python_decorator' retrieved from /home/airflow/.local/lib/python3.12/site-packages/airflow/example_dags/example_python_decorator.py
[2026-07-31T17:05:52.712+0000] {logging_mixin.py:190} INFO - [2026-07-31T17:05:52.712+0000] {dag.py:3239} INFO - Sync 1 DAGs
[2026-07-31T17:05:52.739+0000] {logging_mixin.py:190} INFO - [2026-07-31T17:05:52.739+0000] {dag.py:4180} INFO - Setting next_dagrun for example_python_decorator to None, run_after=None
[2026-07-31T17:05:52.777+0000] {processor.py:208} INFO - Processing /home/airflow/.local/lib/python3.12/site-packages/airflow/example_dags/example_python_decorator.py took 0.263 seconds
[2026-07-31T17:06:23.066+0000] {processor.py:186} INFO - Started process (PID=9784) to work on /home/airflow/.local/lib/python3.12/site-packages/airflow/example_dags/example_python_decorator.py
[2026-07-31T17:06:23.069+0000] {processor.py:914} INFO - Processing file /home/airflow/.local/lib/python3.12/site-packages/airflow/example_dags/example_python_decorator.py for tasks to queue
[2026-07-31T17:06:23.075+0000] {logging_mixin.py:190} INFO - [2026-07-31T17:06:23.074+0000] {dagbag.py:588} INFO - Filling up the DagBag from /home/airflow/.local/lib/python3.12/site-packages/airflow/example_dags/example_python_decorator.py
[2026-07-31T17:06:23.106+0000] {processor.py:925} INFO - DAG(s) 'example_python_decorator' retrieved from /home/airflow/.local/lib/python3.12/site-packages/airflow/example_dags/example_python_decorator.py
[2026-07-31T17:06:23.140+0000] {logging_mixin.py:190} INFO - [2026-07-31T17:06:23.140+0000] {dag.py:3239} INFO - Sync 1 DAGs
[2026-07-31T17:06:23.159+0000] {logging_mixin.py:190} INFO - [2026-07-31T17:06:23.159+0000] {dag.py:4180} INFO - Setting next_dagrun for example_python_decorator to None, run_after=None
[2026-07-31T17:06:23.185+0000] {processor.py:208} INFO - Processing /home/airflow/.local/lib/python3.12/site-packages/airflow/example_dags/example_python_decorator.py took 0.131 seconds
[2026-07-31T17:06:53.807+0000] {processor.py:186} INFO - Started process (PID=9847) to work on /home/airflow/.local/lib/python3.12/site-packages/airflow/example_dags/example_python_decorator.py
[2026-07-31T17:06:53.810+0000] {processor.py:914} INFO - Processing file /home/airflow/.local/lib/python3.12/site-packages/airflow/example_dags/example_python_decorator.py for tasks to queue
[2026-07-31T17:06:53.815+0000] {logging_mixin.py:190} INFO - [2026-07-31T17:06:53.815+0000] {dagbag.py:588} INFO - Filling up the DagBag from /home/airflow/.local/lib/python3.12/site-packages/airflow/example_dags/example_python_decorator.py
[2026-07-31T17:06:53.834+0000] {processor.py:925} INFO - DAG(s) 'example_python_decorator' retrieved from /home/airflow/.local/lib/python3.12/site-packages/airflow/example_dags/example_python_decorator.py
[2026-07-31T17:06:53.863+0000] {logging_mixin.py:190} INFO - [2026-07-31T17:06:53.863+0000] {dag.py:3239} INFO - Sync 1 DAGs
[2026-07-31T17:06:53.880+0000] {logging_mixin.py:190} INFO - [2026-07-31T17:06:53.880+0000] {dag.py:4180} INFO - Setting next_dagrun for example_python_decorator to None, run_after=None
[2026-07-31T17:06:53.909+0000] {processor.py:208} INFO - Processing /home/airflow/.local/lib/python3.12/site-packages/airflow/example_dags/example_python_decorator.py took 0.108 seconds
[2026-07-31T17:07:24.234+0000] {processor.py:186} INFO - Started process (PID=9909) to work on /home/airflow/.local/lib/python3.12/site-packages/airflow/example_dags/example_python_decorator.py
[2026-07-31T17:07:24.237+0000] {processor.py:914} INFO - Processing file /home/airflow/.local/lib/python3.12/site-packages/airflow/example_dags/example_python_decorator.py for tasks to queue
[2026-07-31T17:07:24.244+0000] {logging_mixin.py:190} INFO - [2026-07-31T17:07:24.243+0000] {dagbag.py:588} INFO - Filling up the DagBag from /home/airflow/.local/lib/python3.12/site-packages/airflow/example_dags/example_python_decorator.py
[2026-07-31T17:07:24.268+0000] {processor.py:925} INFO - DAG(s) 'example_python_decorator' retrieved from /home/airflow/.local/lib/python3.12/site-packages/airflow/example_dags/example_python_decorator.py
[2026-07-31T17:07:24.306+0000] {logging_mixin.py:190} INFO - [2026-07-31T17:07:24.306+0000] {dag.py:3239} INFO - Sync 1 DAGs
[2026-07-31T17:07:24.327+0000] {logging_mixin.py:190} INFO - [2026-07-31T17:07:24.326+0000] {dag.py:4180} INFO - Setting next_dagrun for example_python_decorator to None, run_after=None
[2026-07-31T17:07:24.354+0000] {processor.py:208} INFO - Processing /home/airflow/.local/lib/python3.12/site-packages/airflow/example_dags/example_python_decorator.py took 0.127 seconds
[2026-07-31T17:07:54.823+0000] {processor.py:186} INFO - Started process (PID=9974) to work on /home/airflow/.local/lib/python3.12/site-packages/airflow/example_dags/example_python_decorator.py
[2026-07-31T17:07:54.830+0000] {processor.py:914} INFO - Processing file /home/airflow/.local/lib/python3.12/site-packages/airflow/example_dags/example_python_decorator.py for tasks to queue
[2026-07-31T17:07:54.836+0000] {logging_mixin.py:190} INFO - [2026-07-31T17:07:54.835+0000] {dagbag.py:588} INFO - Filling up the DagBag from /home/airflow/.local/lib/python3.12/site-packages/airflow/example_dags/example_python_decorator.py
[2026-07-31T17:07:54.861+0000] {processor.py:925} INFO - DAG(s) 'example_python_decorator' retrieved from /home/airflow/.local/lib/python3.12/site-packages/airflow/example_dags/example_python_decorator.py
[2026-07-31T17:07:54.923+0000] {logging_mixin.py:190} INFO - [2026-07-31T17:07:54.922+0000] {dag.py:3239} INFO - Sync 1 DAGs
[2026-07-31T17:07:54.950+0000] {logging_mixin.py:190} INFO - [2026-07-31T17:07:54.950+0000] {dag.py:4180} INFO - Setting next_dagrun for example_python_decorator to None, run_after=None
[2026-07-31T17:07:54.991+0000] {processor.py:208} INFO - Processing /home/airflow/.local/lib/python3.12/site-packages/airflow/example_dags/example_python_decorator.py took 0.204 seconds
[2026-07-31T17:08:25.276+0000] {processor.py:186} INFO - Started process (PID=10039) to work on /home/airflow/.local/lib/python3.12/site-packages/airflow/example_dags/example_python_decorator.py
[2026-07-31T17:08:25.278+0000] {processor.py:914} INFO - Processing file /home/airflow/.local/lib/python3.12/site-packages/airflow/example_dags/example_python_decorator.py for tasks to queue
[2026-07-31T17:08:25.282+0000] {logging_mixin.py:190} INFO - [2026-07-31T17:08:25.281+0000] {dagbag.py:588} INFO - Filling up the DagBag from /home/airflow/.local/lib/python3.12/site-packages/airflow/example_dags/example_python_decorator.py
[2026-07-31T17:08:25.302+0000] {processor.py:925} INFO - DAG(s) 'example_python_decorator' retrieved from /home/airflow/.local/lib/python3.12/site-packages/airflow/example_dags/example_python_decorator.py
[2026-07-31T17:08:25.330+0000] {logging_mixin.py:190} INFO - [2026-07-31T17:08:25.329+0000] {dag.py:3239} INFO - Sync 1 DAGs
[2026-07-31T17:08:25.346+0000] {logging_mixin.py:190} INFO - [2026-07-31T17:08:25.346+0000] {dag.py:4180} INFO - Setting next_dagrun for example_python_decorator to None, run_after=None
[2026-07-31T17:08:25.373+0000] {processor.py:208} INFO - Processing /home/airflow/.local/lib/python3.12/site-packages/airflow/example_dags/example_python_decorator.py took 0.102 seconds
[2026-07-31T17:08:56.170+0000] {processor.py:186} INFO - Started process (PID=10105) to work on /home/airflow/.local/lib/python3.12/site-packages/airflow/example_dags/example_python_decorator.py
[2026-07-31T17:08:56.172+0000] {processor.py:914} INFO - Processing file /home/airflow/.local/lib/python3.12/site-packages/airflow/example_dags/example_python_decorator.py for tasks to queue
[2026-07-31T17:08:56.179+0000] {logging_mixin.py:190} INFO - [2026-07-31T17:08:56.178+0000] {dagbag.py:588} INFO - Filling up the DagBag from /home/airflow/.local/lib/python3.12/site-packages/airflow/example_dags/example_python_decorator.py
[2026-07-31T17:08:56.208+0000] {processor.py:925} INFO - DAG(s) 'example_python_decorator' retrieved from /home/airflow/.local/lib/python3.12/site-packages/airflow/example_dags/example_python_decorator.py
[2026-07-31T17:08:56.266+0000] {logging_mixin.py:190} INFO - [2026-07-31T17:08:56.265+0000] {dag.py:3239} INFO - Sync 1 DAGs
[2026-07-31T17:08:56.308+0000] {logging_mixin.py:190} INFO - [2026-07-31T17:08:56.308+0000] {dag.py:4180} INFO - Setting next_dagrun for example_python_decorator to None, run_after=None
[2026-07-31T17:08:56.355+0000] {processor.py:208} INFO - Processing /home/airflow/.local/lib/python3.12/site-packages/airflow/example_dags/example_python_decorator.py took 0.193 seconds
[2026-07-31T17:09:27.042+0000] {processor.py:186} INFO - Started process (PID=10170) to work on /home/airflow/.local/lib/python3.12/site-packages/airflow/example_dags/example_python_decorator.py
[2026-07-31T17:09:27.045+0000] {processor.py:914} INFO - Processing file /home/airflow/.local/lib/python3.12/site-packages/airflow/example_dags/example_python_decorator.py for tasks to queue
[2026-07-31T17:09:27.051+0000] {logging_mixin.py:190} INFO - [2026-07-31T17:09:27.050+0000] {dagbag.py:588} INFO - Filling up the DagBag from /home/airflow/.local/lib/python3.12/site-packages/airflow/example_dags/example_python_decorator.py
[2026-07-31T17:09:27.078+0000] {processor.py:925} INFO - DAG(s) 'example_python_decorator' retrieved from /home/airflow/.local/lib/python3.12/site-packages/airflow/example_dags/example_python_decorator.py
[2026-07-31T17:09:27.117+0000] {logging_mixin.py:190} INFO - [2026-07-31T17:09:27.116+0000] {dag.py:3239} INFO - Sync 1 DAGs
[2026-07-31T17:09:27.140+0000] {logging_mixin.py:190} INFO - [2026-07-31T17:09:27.139+0000] {dag.py:4180} INFO - Setting next_dagrun for example_python_decorator to None, run_after=None
[2026-07-31T17:09:27.175+0000] {processor.py:208} INFO - Processing /home/airflow/.local/lib/python3.12/site-packages/airflow/example_dags/example_python_decorator.py took 0.141 seconds
[2026-07-31T17:09:57.816+0000] {processor.py:186} INFO - Started process (PID=10234) to work on /home/airflow/.local/lib/python3.12/site-packages/airflow/example_dags/example_python_decorator.py
[2026-07-31T17:09:57.818+0000] {processor.py:914} INFO - Processing file /home/airflow/.local/lib/python3.12/site-packages/airflow/example_dags/example_python_decorator.py for tasks to queue
[2026-07-31T17:09:57.824+0000] {logging_mixin.py:190} INFO - [2026-07-31T17:09:57.824+0000] {dagbag.py:588} INFO - Filling up the DagBag from /home/airflow/.local/lib/python3.12/site-packages/airflow/example_dags/example_python_decorator.py
[2026-07-31T17:09:57.845+0000] {processor.py:925} INFO - DAG(s) 'example_python_decorator' retrieved from /home/airflow/.local/lib/python3.12/site-packages/airflow/example_dags/example_python_decorator.py
[2026-07-31T17:09:57.879+0000] {logging_mixin.py:190} INFO - [2026-07-31T17:09:57.879+0000] {dag.py:3239} INFO - Sync 1 DAGs
[2026-07-31T17:09:57.902+0000] {logging_mixin.py:190} INFO - [2026-07-31T17:09:57.902+0000] {dag.py:4180} INFO - Setting next_dagrun for example_python_decorator to None, run_after=None
[2026-07-31T17:09:57.934+0000] {processor.py:208} INFO - Processing /home/airflow/.local/lib/python3.12/site-packages/airflow/example_dags/example_python_decorator.py took 0.124 seconds
[2026-07-31T17:10:28.428+0000] {processor.py:186} INFO - Started process (PID=10299) to work on /home/airflow/.local/lib/python3.12/site-packages/airflow/example_dags/example_python_decorator.py
[2026-07-31T17:10:28.430+0000] {processor.py:914} INFO - Processing file /home/airflow/.local/lib/python3.12/site-packages/airflow/example_dags/example_python_decorator.py for tasks to queue
[2026-07-31T17:10:28.434+0000] {logging_mixin.py:190} INFO - [2026-07-31T17:10:28.433+0000] {dagbag.py:588} INFO - Filling up the DagBag from /home/airflow/.local/lib/python3.12/site-packages/airflow/example_dags/example_python_decorator.py
[2026-07-31T17:10:28.453+0000] {processor.py:925} INFO - DAG(s) 'example_python_decorator' retrieved from /home/airflow/.local/lib/python3.12/site-packages/airflow/example_dags/example_python_decorator.py
[2026-07-31T17:10:28.495+0000] {logging_mixin.py:190} INFO - [2026-07-31T17:10:28.495+0000] {dag.py:3239} INFO - Sync 1 DAGs
[2026-07-31T17:10:28.517+0000] {logging_mixin.py:190} INFO - [2026-07-31T17:10:28.516+0000] {dag.py:4180} INFO - Setting next_dagrun for example_python_decorator to None, run_after=None
[2026-07-31T17:10:28.567+0000] {processor.py:208} INFO - Processing /home/airflow/.local/lib/python3.12/site-packages/airflow/example_dags/example_python_decorator.py took 0.148 seconds
[2026-07-31T17:10:59.286+0000] {processor.py:186} INFO - Started process (PID=10364) to work on /home/airflow/.local/lib/python3.12/site-packages/airflow/example_dags/example_python_decorator.py
[2026-07-31T17:10:59.288+0000] {processor.py:914} INFO - Processing file /home/airflow/.local/lib/python3.12/site-packages/airflow/example_dags/example_python_decorator.py for tasks to queue
[2026-07-31T17:10:59.296+0000] {logging_mixin.py:190} INFO - [2026-07-31T17:10:59.295+0000] {dagbag.py:588} INFO - Filling up the DagBag from /home/airflow/.local/lib/python3.12/site-packages/airflow/example_dags/example_python_decorator.py
[2026-07-31T17:10:59.320+0000] {processor.py:925} INFO - DAG(s) 'example_python_decorator' retrieved from /home/airflow/.local/lib/python3.12/site-packages/airflow/example_dags/example_python_decorator.py
[2026-07-31T17:10:59.369+0000] {logging_mixin.py:190} INFO - [2026-07-31T17:10:59.368+0000] {dag.py:3239} INFO - Sync 1 DAGs
[2026-07-31T17:10:59.401+0000] {logging_mixin.py:190} INFO - [2026-07-31T17:10:59.401+0000] {dag.py:4180} INFO - Setting next_dagrun for example_python_decorator to None, run_after=None
[2026-07-31T17:10:59.440+0000] {processor.py:208} INFO - Processing /home/airflow/.local/lib/python3.12/site-packages/airflow/example_dags/example_python_decorator.py took 0.161 seconds
[2026-07-31T17:11:29.722+0000] {processor.py:186} INFO - Started process (PID=10428) to work on /home/airflow/.local/lib/python3.12/site-packages/airflow/example_dags/example_python_decorator.py
[2026-07-31T17:11:29.724+0000] {processor.py:914} INFO - Processing file /home/airflow/.local/lib/python3.12/site-packages/airflow/example_dags/example_python_decorator.py for tasks to queue
[2026-07-31T17:11:29.728+0000] {logging_mixin.py:190} INFO - [2026-07-31T17:11:29.728+0000] {dagbag.py:588} INFO - Filling up the DagBag from /home/airflow/.local/lib/python3.12/site-packages/airflow/example_dags/example_python_decorator.py
[2026-07-31T17:11:29.771+0000] {processor.py:925} INFO - DAG(s) 'example_python_decorator' retrieved from /home/airflow/.local/lib/python3.12/site-packages/airflow/example_dags/example_python_decorator.py
[2026-07-31T17:11:29.813+0000] {logging_mixin.py:190} INFO - [2026-07-31T17:11:29.812+0000] {dag.py:3239} INFO - Sync 1 DAGs
[2026-07-31T17:11:29.837+0000] {logging_mixin.py:190} INFO - [2026-07-31T17:11:29.837+0000] {dag.py:4180} INFO - Setting next_dagrun for example_python_decorator to None, run_after=None
[2026-07-31T17:11:29.864+0000] {processor.py:208} INFO - Processing /home/airflow/.local/lib/python3.12/site-packages/airflow/example_dags/example_python_decorator.py took 0.151 seconds
[2026-07-31T17:12:00.017+0000] {processor.py:186} INFO - Started process (PID=10499) to work on /home/airflow/.local/lib/python3.12/site-packages/airflow/example_dags/example_python_decorator.py
[2026-07-31T17:12:00.024+0000] {processor.py:914} INFO - Processing file /home/airflow/.local/lib/python3.12/site-packages/airflow/example_dags/example_python_decorator.py for tasks to queue
[2026-07-31T17:12:00.038+0000] {logging_mixin.py:190} INFO - [2026-07-31T17:12:00.037+0000] {dagbag.py:588} INFO - Filling up the DagBag from /home/airflow/.local/lib/python3.12/site-packages/airflow/example_dags/example_python_decorator.py
[2026-07-31T17:12:00.069+0000] {processor.py:925} INFO - DAG(s) 'example_python_decorator' retrieved from /home/airflow/.local/lib/python3.12/site-packages/airflow/example_dags/example_python_decorator.py
[2026-07-31T17:12:00.106+0000] {logging_mixin.py:190} INFO - [2026-07-31T17:12:00.105+0000] {dag.py:3239} INFO - Sync 1 DAGs
[2026-07-31T17:12:00.124+0000] {logging_mixin.py:190} INFO - [2026-07-31T17:12:00.124+0000] {dag.py:4180} INFO - Setting next_dagrun for example_python_decorator to None, run_after=None
[2026-07-31T17:12:00.149+0000] {processor.py:208} INFO - Processing /home/airflow/.local/lib/python3.12/site-packages/airflow/example_dags/example_python_decorator.py took 0.153 seconds
[2026-07-31T17:12:30.643+0000] {processor.py:186} INFO - Started process (PID=10564) to work on /home/airflow/.local/lib/python3.12/site-packages/airflow/example_dags/example_python_decorator.py
[2026-07-31T17:12:30.649+0000] {processor.py:914} INFO - Processing file /home/airflow/.local/lib/python3.12/site-packages/airflow/example_dags/example_python_decorator.py for tasks to queue
[2026-07-31T17:12:30.665+0000] {logging_mixin.py:190} INFO - [2026-07-31T17:12:30.663+0000] {dagbag.py:588} INFO - Filling up the DagBag from /home/airflow/.local/lib/python3.12/site-packages/airflow/example_dags/example_python_decorator.py
[2026-07-31T17:12:30.688+0000] {processor.py:925} INFO - DAG(s) 'example_python_decorator' retrieved from /home/airflow/.local/lib/python3.12/site-packages/airflow/example_dags/example_python_decorator.py
[2026-07-31T17:12:30.717+0000] {logging_mixin.py:190} INFO - [2026-07-31T17:12:30.717+0000] {dag.py:3239} INFO - Sync 1 DAGs
[2026-07-31T17:12:30.741+0000] {logging_mixin.py:190} INFO - [2026-07-31T17:12:30.740+0000] {dag.py:4180} INFO - Setting next_dagrun for example_python_decorator to None, run_after=None
[2026-07-31T17:12:30.770+0000] {processor.py:208} INFO - Processing /home/airflow/.local/lib/python3.12/site-packages/airflow/example_dags/example_python_decorator.py took 0.149 seconds
[2026-07-31T17:13:00.880+0000] {processor.py:186} INFO - Started process (PID=10629) to work on /home/airflow/.local/lib/python3.12/site-packages/airflow/example_dags/example_python_decorator.py
[2026-07-31T17:13:00.883+0000] {processor.py:914} INFO - Processing file /home/airflow/.local/lib/python3.12/site-packages/airflow/example_dags/example_python_decorator.py for tasks to queue
[2026-07-31T17:13:00.891+0000] {logging_mixin.py:190} INFO - [2026-07-31T17:13:00.889+0000] {dagbag.py:588} INFO - Filling up the DagBag from /home/airflow/.local/lib/python3.12/site-packages/airflow/example_dags/example_python_decorator.py
[2026-07-31T17:13:00.927+0000] {processor.py:925} INFO - DAG(s) 'example_python_decorator' retrieved from /home/airflow/.local/lib/python3.12/site-packages/airflow/example_dags/example_python_decorator.py
[2026-07-31T17:13:00.983+0000] {logging_mixin.py:190} INFO - [2026-07-31T17:13:00.983+0000] {dag.py:3239} INFO - Sync 1 DAGs
[2026-07-31T17:13:01.005+0000] {logging_mixin.py:190} INFO - [2026-07-31T17:13:01.005+0000] {dag.py:4180} INFO - Setting next_dagrun for example_python_decorator to None, run_after=None
[2026-07-31T17:13:01.037+0000] {processor.py:208} INFO - Processing /home/airflow/.local/lib/python3.12/site-packages/airflow/example_dags/example_python_decorator.py took 0.174 seconds
[2026-07-31T17:13:31.636+0000] {processor.py:186} INFO - Started process (PID=10694) to work on /home/airflow/.local/lib/python3.12/site-packages/airflow/example_dags/example_python_decorator.py
[2026-07-31T17:13:31.638+0000] {processor.py:914} INFO - Processing file /home/airflow/.local/lib/python3.12/site-packages/airflow/example_dags/example_python_decorator.py for tasks to queue
[2026-07-31T17:13:31.644+0000] {logging_mixin.py:190} INFO - [2026-07-31T17:13:31.643+0000] {dagbag.py:588} INFO - Filling up the DagBag from /home/airflow/.local/lib/python3.12/site-packages/airflow/example_dags/example_python_decorator.py
[2026-07-31T17:13:31.671+0000] {processor.py:925} INFO - DAG(s) 'example_python_decorator' retrieved from /home/airflow/.local/lib/python3.12/site-packages/airflow/example_dags/example_python_decorator.py
[2026-07-31T17:13:31.726+0000] {logging_mixin.py:190} INFO - [2026-07-31T17:13:31.726+0000] {dag.py:3239} INFO - Sync 1 DAGs
[2026-07-31T17:13:31.761+0000] {logging_mixin.py:190} INFO - [2026-07-31T17:13:31.761+0000] {dag.py:4180} INFO - Setting next_dagrun for example_python_decorator to None, run_after=None
[2026-07-31T17:13:31.813+0000] {processor.py:208} INFO - Processing /home/airflow/.local/lib/python3.12/site-packages/airflow/example_dags/example_python_decorator.py took 0.188 seconds
[2026-07-31T17:14:02.488+0000] {processor.py:186} INFO - Started process (PID=10759) to work on /home/airflow/.local/lib/python3.12/site-packages/airflow/example_dags/example_python_decorator.py
[2026-07-31T17:14:02.491+0000] {processor.py:914} INFO - Processing file /home/airflow/.local/lib/python3.12/site-packages/airflow/example_dags/example_python_decorator.py for tasks to queue
[2026-07-31T17:14:02.497+0000] {logging_mixin.py:190} INFO - [2026-07-31T17:14:02.496+0000] {dagbag.py:588} INFO - Filling up the DagBag from /home/airflow/.local/lib/python3.12/site-packages/airflow/example_dags/example_python_decorator.py
[2026-07-31T17:14:02.523+0000] {processor.py:925} INFO - DAG(s) 'example_python_decorator' retrieved from /home/airflow/.local/lib/python3.12/site-packages/airflow/example_dags/example_python_decorator.py
[2026-07-31T17:14:02.555+0000] {logging_mixin.py:190} INFO - [2026-07-31T17:14:02.555+0000] {dag.py:3239} INFO - Sync 1 DAGs
[2026-07-31T17:14:02.575+0000] {logging_mixin.py:190} INFO - [2026-07-31T17:14:02.575+0000] {dag.py:4180} INFO - Setting next_dagrun for example_python_decorator to None, run_after=None
[2026-07-31T17:14:02.605+0000] {processor.py:208} INFO - Processing /home/airflow/.local/lib/python3.12/site-packages/airflow/example_dags/example_python_decorator.py took 0.129 seconds
[2026-07-31T17:14:32.821+0000] {processor.py:186} INFO - Started process (PID=10824) to work on /home/airflow/.local/lib/python3.12/site-packages/airflow/example_dags/example_python_decorator.py
[2026-07-31T17:14:32.823+0000] {processor.py:914} INFO - Processing file /home/airflow/.local/lib/python3.12/site-packages/airflow/example_dags/example_python_decorator.py for tasks to queue
[2026-07-31T17:14:32.829+0000] {logging_mixin.py:190} INFO - [2026-07-31T17:14:32.828+0000] {dagbag.py:588} INFO - Filling up the DagBag from /home/airflow/.local/lib/python3.12/site-packages/airflow/example_dags/example_python_decorator.py
[2026-07-31T17:14:32.857+0000] {processor.py:925} INFO - DAG(s) 'example_python_decorator' retrieved from /home/airflow/.local/lib/python3.12/site-packages/airflow/example_dags/example_python_decorator.py
[2026-07-31T17:14:32.923+0000] {logging_mixin.py:190} INFO - [2026-07-31T17:14:32.922+0000] {dag.py:3239} INFO - Sync 1 DAGs
[2026-07-31T17:14:32.969+0000] {logging_mixin.py:190} INFO - [2026-07-31T17:14:32.969+0000] {dag.py:4180} INFO - Setting next_dagrun for example_python_decorator to None, run_after=None
[2026-07-31T17:14:33.020+0000] {processor.py:208} INFO - Processing /home/airflow/.local/lib/python3.12/site-packages/airflow/example_dags/example_python_decorator.py took 0.210 seconds
[2026-07-31T17:15:03.594+0000] {processor.py:186} INFO - Started process (PID=10888) to work on /home/airflow/.local/lib/python3.12/site-packages/airflow/example_dags/example_python_decorator.py
[2026-07-31T17:15:03.596+0000] {processor.py:914} INFO - Processing file /home/airflow/.local/lib/python3.12/site-packages/airflow/example_dags/example_python_decorator.py for tasks to queue
[2026-07-31T17:15:03.603+0000] {logging_mixin.py:190} INFO - [2026-07-31T17:15:03.602+0000] {dagbag.py:588} INFO - Filling up the DagBag from /home/airflow/.local/lib/python3.12/site-packages/airflow/example_dags/example_python_decorator.py
[2026-07-31T17:15:03.628+0000] {processor.py:925} INFO - DAG(s) 'example_python_decorator' retrieved from /home/airflow/.local/lib/python3.12/site-packages/airflow/example_dags/example_python_decorator.py
[2026-07-31T17:15:03.666+0000] {logging_mixin.py:190} INFO - [2026-07-31T17:15:03.666+0000] {dag.py:3239} INFO - Sync 1 DAGs
[2026-07-31T17:15:03.685+0000] {logging_mixin.py:190} INFO - [2026-07-31T17:15:03.685+0000] {dag.py:4180} INFO - Setting next_dagrun for example_python_decorator to None, run_after=None
[2026-07-31T17:15:03.712+0000] {processor.py:208} INFO - Processing /home/airflow/.local/lib/python3.12/site-packages/airflow/example_dags/example_python_decorator.py took 0.130 seconds
[2026-07-31T17:15:34.189+0000] {processor.py:186} INFO - Started process (PID=10953) to work on /home/airflow/.local/lib/python3.12/site-packages/airflow/example_dags/example_python_decorator.py
[2026-07-31T17:15:34.192+0000] {processor.py:914} INFO - Processing file /home/airflow/.local/lib/python3.12/site-packages/airflow/example_dags/example_python_decorator.py for tasks to queue
[2026-07-31T17:15:34.197+0000] {logging_mixin.py:190} INFO - [2026-07-31T17:15:34.197+0000] {dagbag.py:588} INFO - Filling up the DagBag from /home/airflow/.local/lib/python3.12/site-packages/airflow/example_dags/example_python_decorator.py
[2026-07-31T17:15:34.224+0000] {processor.py:925} INFO - DAG(s) 'example_python_decorator' retrieved from /home/airflow/.local/lib/python3.12/site-packages/airflow/example_dags/example_python_decorator.py
[2026-07-31T17:15:34.266+0000] {logging_mixin.py:190} INFO - [2026-07-31T17:15:34.265+0000] {dag.py:3239} INFO - Sync 1 DAGs
[2026-07-31T17:15:34.308+0000] {logging_mixin.py:190} INFO - [2026-07-31T17:15:34.308+0000] {dag.py:4180} INFO - Setting next_dagrun for example_python_decorator to None, run_after=None
[2026-07-31T17:15:34.373+0000] {processor.py:208} INFO - Processing /home/airflow/.local/lib/python3.12/site-packages/airflow/example_dags/example_python_decorator.py took 0.199 seconds
[2026-07-31T17:16:05.192+0000] {processor.py:186} INFO - Started process (PID=11018) to work on /home/airflow/.local/lib/python3.12/site-packages/airflow/example_dags/example_python_decorator.py
[2026-07-31T17:16:05.195+0000] {processor.py:914} INFO - Processing file /home/airflow/.local/lib/python3.12/site-packages/airflow/example_dags/example_python_decorator.py for tasks to queue
[2026-07-31T17:16:05.201+0000] {logging_mixin.py:190} INFO - [2026-07-31T17:16:05.201+0000] {dagbag.py:588} INFO - Filling up the DagBag from /home/airflow/.local/lib/python3.12/site-packages/airflow/example_dags/example_python_decorator.py
[2026-07-31T17:16:05.226+0000] {processor.py:925} INFO - DAG(s) 'example_python_decorator' retrieved from /home/airflow/.local/lib/python3.12/site-packages/airflow/example_dags/example_python_decorator.py
[2026-07-31T17:16:05.259+0000] {logging_mixin.py:190} INFO - [2026-07-31T17:16:05.259+0000] {dag.py:3239} INFO - Sync 1 DAGs
[2026-07-31T17:16:05.287+0000] {logging_mixin.py:190} INFO - [2026-07-31T17:16:05.286+0000] {dag.py:4180} INFO - Setting next_dagrun for example_python_decorator to None, run_after=None
[2026-07-31T17:16:05.326+0000] {processor.py:208} INFO - Processing /home/airflow/.local/lib/python3.12/site-packages/airflow/example_dags/example_python_decorator.py took 0.144 seconds
[2026-07-31T17:16:36.010+0000] {processor.py:186} INFO - Started process (PID=11083) to work on /home/airflow/.local/lib/python3.12/site-packages/airflow/example_dags/example_python_decorator.py
[2026-07-31T17:16:36.013+0000] {processor.py:914} INFO - Processing file /home/airflow/.local/lib/python3.12/site-packages/airflow/example_dags/example_python_decorator.py for tasks to queue
[2026-07-31T17:16:36.016+0000] {logging_mixin.py:190} INFO - [2026-07-31T17:16:36.016+0000] {dagbag.py:588} INFO - Filling up the DagBag from /home/airflow/.local/lib/python3.12/site-packages/airflow/example_dags/example_python_decorator.py
[2026-07-31T17:16:36.033+0000] {processor.py:925} INFO - DAG(s) 'example_python_decorator' retrieved from /home/airflow/.local/lib/python3.12/site-packages/airflow/example_dags/example_python_decorator.py
[2026-07-31T17:16:36.066+0000] {logging_mixin.py:190} INFO - [2026-07-31T17:16:36.065+0000] {dag.py:3239} INFO - Sync 1 DAGs
[2026-07-31T17:16:36.090+0000] {logging_mixin.py:190} INFO - [2026-07-31T17:16:36.090+0000] {dag.py:4180} INFO - Setting next_dagrun for example_python_decorator to None, run_after=None
[2026-07-31T17:16:36.124+0000] {processor.py:208} INFO - Processing /home/airflow/.local/lib/python3.12/site-packages/airflow/example_dags/example_python_decorator.py took 0.119 seconds
[2026-07-31T17:17:06.566+0000] {processor.py:186} INFO - Started process (PID=11148) to work on /home/airflow/.local/lib/python3.12/site-packages/airflow/example_dags/example_python_decorator.py
[2026-07-31T17:17:06.570+0000] {processor.py:914} INFO - Processing file /home/airflow/.local/lib/python3.12/site-packages/airflow/example_dags/example_python_decorator.py for tasks to queue
[2026-07-31T17:17:06.574+0000] {logging_mixin.py:190} INFO - [2026-07-31T17:17:06.574+0000] {dagbag.py:588} INFO - Filling up the DagBag from /home/airflow/.local/lib/python3.12/site-packages/airflow/example_dags/example_python_decorator.py
[2026-07-31T17:17:06.597+0000] {processor.py:925} INFO - DAG(s) 'example_python_decorator' retrieved from /home/airflow/.local/lib/python3.12/site-packages/airflow/example_dags/example_python_decorator.py
[2026-07-31T17:17:06.625+0000] {logging_mixin.py:190} INFO - [2026-07-31T17:17:06.624+0000] {dag.py:3239} INFO - Sync 1 DAGs
[2026-07-31T17:17:06.643+0000] {logging_mixin.py:190} INFO - [2026-07-31T17:17:06.642+0000] {dag.py:4180} INFO - Setting next_dagrun for example_python_decorator to None, run_after=None
[2026-07-31T17:17:06.671+0000] {processor.py:208} INFO - Processing /home/airflow/.local/lib/python3.12/site-packages/airflow/example_dags/example_python_decorator.py took 0.112 seconds
[2026-07-31T17:17:36.995+0000] {processor.py:186} INFO - Started process (PID=11213) to work on /home/airflow/.local/lib/python3.12/site-packages/airflow/example_dags/example_python_decorator.py
[2026-07-31T17:17:36.998+0000] {processor.py:914} INFO - Processing file /home/airflow/.local/lib/python3.12/site-packages/airflow/example_dags/example_python_decorator.py for tasks to queue
[2026-07-31T17:17:37.003+0000] {logging_mixin.py:190} INFO - [2026-07-31T17:17:37.002+0000] {dagbag.py:588} INFO - Filling up the DagBag from /home/airflow/.local/lib/python3.12/site-packages/airflow/example_dags/example_python_decorator.py
[2026-07-31T17:17:37.022+0000] {processor.py:925} INFO - DAG(s) 'example_python_decorator' retrieved from /home/airflow/.local/lib/python3.12/site-packages/airflow/example_dags/example_python_decorator.py
[2026-07-31T17:17:37.049+0000] {logging_mixin.py:190} INFO - [2026-07-31T17:17:37.048+0000] {dag.py:3239} INFO - Sync 1 DAGs
[2026-07-31T17:17:37.063+0000] {logging_mixin.py:190} INFO - [2026-07-31T17:17:37.063+0000] {dag.py:4180} INFO - Setting next_dagrun for example_python_decorator to None, run_after=None
[2026-07-31T17:17:37.087+0000] {processor.py:208} INFO - Processing /home/airflow/.local/lib/python3.12/site-packages/airflow/example_dags/example_python_decorator.py took 0.097 seconds
[2026-07-31T17:18:07.404+0000] {processor.py:186} INFO - Started process (PID=11278) to work on /home/airflow/.local/lib/python3.12/site-packages/airflow/example_dags/example_python_decorator.py
[2026-07-31T17:18:07.408+0000] {processor.py:914} INFO - Processing file /home/airflow/.local/lib/python3.12/site-packages/airflow/example_dags/example_python_decorator.py for tasks to queue
[2026-07-31T17:18:07.414+0000] {logging_mixin.py:190} INFO - [2026-07-31T17:18:07.413+0000] {dagbag.py:588} INFO - Filling up the DagBag from /home/airflow/.local/lib/python3.12/site-packages/airflow/example_dags/example_python_decorator.py
[2026-07-31T17:18:07.437+0000] {processor.py:925} INFO - DAG(s) 'example_python_decorator' retrieved from /home/airflow/.local/lib/python3.12/site-packages/airflow/example_dags/example_python_decorator.py
[2026-07-31T17:18:07.475+0000] {logging_mixin.py:190} INFO - [2026-07-31T17:18:07.475+0000] {dag.py:3239} INFO - Sync 1 DAGs
[2026-07-31T17:18:07.508+0000] {logging_mixin.py:190} INFO - [2026-07-31T17:18:07.508+0000] {dag.py:4180} INFO - Setting next_dagrun for example_python_decorator to None, run_after=None
[2026-07-31T17:18:07.564+0000] {processor.py:208} INFO - Processing /home/airflow/.local/lib/python3.12/site-packages/airflow/example_dags/example_python_decorator.py took 0.169 seconds
[2026-07-31T17:18:38.365+0000] {processor.py:186} INFO - Started process (PID=11343) to work on /home/airflow/.local/lib/python3.12/site-packages/airflow/example_dags/example_python_decorator.py
[2026-07-31T17:18:38.368+0000] {processor.py:914} INFO - Processing file /home/airflow/.local/lib/python3.12/site-packages/airflow/example_dags/example_python_decorator.py for tasks to queue
[2026-07-31T17:18:38.372+0000] {logging_mixin.py:190} INFO - [2026-07-31T17:18:38.372+0000] {dagbag.py:588} INFO - Filling up the DagBag from /home/airflow/.local/lib/python3.12/site-packages/airflow/example_dags/example_python_decorator.py
[2026-07-31T17:18:38.390+0000] {processor.py:925} INFO - DAG(s) 'example_python_decorator' retrieved from /home/airflow/.local/lib/python3.12/site-packages/airflow/example_dags/example_python_decorator.py
[2026-07-31T17:18:38.414+0000] {logging_mixin.py:190} INFO - [2026-07-31T17:18:38.414+0000] {dag.py:3239} INFO - Sync 1 DAGs
[2026-07-31T17:18:38.432+0000] {logging_mixin.py:190} INFO - [2026-07-31T17:18:38.431+0000] {dag.py:4180} INFO - Setting next_dagrun for example_python_decorator to None, run_after=None
[2026-07-31T17:18:38.455+0000] {processor.py:208} INFO - Processing /home/airflow/.local/lib/python3.12/site-packages/airflow/example_dags/example_python_decorator.py took 0.097 seconds
[2026-07-31T17:19:08.825+0000] {processor.py:186} INFO - Started process (PID=11408) to work on /home/airflow/.local/lib/python3.12/site-packages/airflow/example_dags/example_python_decorator.py
[2026-07-31T17:19:08.827+0000] {processor.py:914} INFO - Processing file /home/airflow/.local/lib/python3.12/site-packages/airflow/example_dags/example_python_decorator.py for tasks to queue
[2026-07-31T17:19:08.832+0000] {logging_mixin.py:190} INFO - [2026-07-31T17:19:08.832+0000] {dagbag.py:588} INFO - Filling up the DagBag from /home/airflow/.local/lib/python3.12/site-packages/airflow/example_dags/example_python_decorator.py
[2026-07-31T17:19:08.851+0000] {processor.py:925} INFO - DAG(s) 'example_python_decorator' retrieved from /home/airflow/.local/lib/python3.12/site-packages/airflow/example_dags/example_python_decorator.py
[2026-07-31T17:19:08.883+0000] {logging_mixin.py:190} INFO - [2026-07-31T17:19:08.883+0000] {dag.py:3239} INFO - Sync 1 DAGs
[2026-07-31T17:19:08.901+0000] {logging_mixin.py:190} INFO - [2026-07-31T17:19:08.901+0000] {dag.py:4180} INFO - Setting next_dagrun for example_python_decorator to None, run_after=None
[2026-07-31T17:19:08.929+0000] {processor.py:208} INFO - Processing /home/airflow/.local/lib/python3.12/site-packages/airflow/example_dags/example_python_decorator.py took 0.111 seconds
[2026-07-31T17:19:39.269+0000] {processor.py:186} INFO - Started process (PID=11472) to work on /home/airflow/.local/lib/python3.12/site-packages/airflow/example_dags/example_python_decorator.py
[2026-07-31T17:19:39.272+0000] {processor.py:914} INFO - Processing file /home/airflow/.local/lib/python3.12/site-packages/airflow/example_dags/example_python_decorator.py for tasks to queue
[2026-07-31T17:19:39.281+0000] {logging_mixin.py:190} INFO - [2026-07-31T17:19:39.280+0000] {dagbag.py:588} INFO - Filling up the DagBag from /home/airflow/.local/lib/python3.12/site-packages/airflow/example_dags/example_python_decorator.py
[2026-07-31T17:19:39.298+0000] {processor.py:925} INFO - DAG(s) 'example_python_decorator' retrieved from /home/airflow/.local/lib/python3.12/site-packages/airflow/example_dags/example_python_decorator.py
[2026-07-31T17:19:39.323+0000] {logging_mixin.py:190} INFO - [2026-07-31T17:19:39.323+0000] {dag.py:3239} INFO - Sync 1 DAGs
[2026-07-31T17:19:39.340+0000] {logging_mixin.py:190} INFO - [2026-07-31T17:19:39.340+0000] {dag.py:4180} INFO - Setting next_dagrun for example_python_decorator to None, run_after=None
[2026-07-31T17:19:39.364+0000] {processor.py:208} INFO - Processing /home/airflow/.local/lib/python3.12/site-packages/airflow/example_dags/example_python_decorator.py took 0.108 seconds
[2026-07-31T17:20:09.864+0000] {processor.py:186} INFO - Started process (PID=11537) to work on /home/airflow/.local/lib/python3.12/site-packages/airflow/example_dags/example_python_decorator.py
[2026-07-31T17:20:09.867+0000] {processor.py:914} INFO - Processing file /home/airflow/.local/lib/python3.12/site-packages/airflow/example_dags/example_python_decorator.py for tasks to queue
[2026-07-31T17:20:09.871+0000] {logging_mixin.py:190} INFO - [2026-07-31T17:20:09.871+0000] {dagbag.py:588} INFO - Filling up the DagBag from /home/airflow/.local/lib/python3.12/site-packages/airflow/example_dags/example_python_decorator.py
[2026-07-31T17:20:09.888+0000] {processor.py:925} INFO - DAG(s) 'example_python_decorator' retrieved from /home/airflow/.local/lib/python3.12/site-packages/airflow/example_dags/example_python_decorator.py
[2026-07-31T17:20:09.915+0000] {logging_mixin.py:190} INFO - [2026-07-31T17:20:09.915+0000] {dag.py:3239} INFO - Sync 1 DAGs
[2026-07-31T17:20:09.932+0000] {logging_mixin.py:190} INFO - [2026-07-31T17:20:09.932+0000] {dag.py:4180} INFO - Setting next_dagrun for example_python_decorator to None, run_after=None
[2026-07-31T17:20:09.956+0000] {processor.py:208} INFO - Processing /home/airflow/.local/lib/python3.12/site-packages/airflow/example_dags/example_python_decorator.py took 0.098 seconds
[2026-07-31T17:20:40.180+0000] {processor.py:186} INFO - Started process (PID=11602) to work on /home/airflow/.local/lib/python3.12/site-packages/airflow/example_dags/example_python_decorator.py
[2026-07-31T17:20:40.183+0000] {processor.py:914} INFO - Processing file /home/airflow/.local/lib/python3.12/site-packages/airflow/example_dags/example_python_decorator.py for tasks to queue
[2026-07-31T17:20:40.189+0000] {logging_mixin.py:190} INFO - [2026-07-31T17:20:40.188+0000] {dagbag.py:588} INFO - Filling up the DagBag from /home/airflow/.local/lib/python3.12/site-packages/airflow/example_dags/example_python_decorator.py
[2026-07-31T17:20:40.212+0000] {processor.py:925} INFO - DAG(s) 'example_python_decorator' retrieved from /home/airflow/.local/lib/python3.12/site-packages/airflow/example_dags/example_python_decorator.py
[2026-07-31T17:20:40.245+0000] {logging_mixin.py:190} INFO - [2026-07-31T17:20:40.244+0000] {dag.py:3239} INFO - Sync 1 DAGs
[2026-07-31T17:20:40.265+0000] {logging_mixin.py:190} INFO - [2026-07-31T17:20:40.265+0000] {dag.py:4180} INFO - Setting next_dagrun for example_python_decorator to None, run_after=None
[2026-07-31T17:20:40.289+0000] {processor.py:208} INFO - Processing /home/airflow/.local/lib/python3.12/site-packages/airflow/example_dags/example_python_decorator.py took 0.118 seconds
[2026-07-31T17:21:11.016+0000] {processor.py:186} INFO - Started process (PID=11667) to work on /home/airflow/.local/lib/python3.12/site-packages/airflow/example_dags/example_python_decorator.py
[2026-07-31T17:21:11.020+0000] {processor.py:914} INFO - Processing file /home/airflow/.local/lib/python3.12/site-packages/airflow/example_dags/example_python_decorator.py for tasks to queue
[2026-07-31T17:21:11.025+0000] {logging_mixin.py:190} INFO - [2026-07-31T17:21:11.024+0000] {dagbag.py:588} INFO - Filling up the DagBag from /home/airflow/.local/lib/python3.12/site-packages/airflow/example_dags/example_python_decorator.py
[2026-07-31T17:21:11.044+0000] {processor.py:925} INFO - DAG(s) 'example_python_decorator' retrieved from /home/airflow/.local/lib/python3.12/site-packages/airflow/example_dags/example_python_decorator.py
[2026-07-31T17:21:11.072+0000] {logging_mixin.py:190} INFO - [2026-07-31T17:21:11.072+0000] {dag.py:3239} INFO - Sync 1 DAGs
[2026-07-31T17:21:11.091+0000] {logging_mixin.py:190} INFO - [2026-07-31T17:21:11.090+0000] {dag.py:4180} INFO - Setting next_dagrun for example_python_decorator to None, run_after=None
[2026-07-31T17:21:11.114+0000] {processor.py:208} INFO - Processing /home/airflow/.local/lib/python3.12/site-packages/airflow/example_dags/example_python_decorator.py took 0.106 seconds
[2026-07-31T17:21:41.346+0000] {processor.py:186} INFO - Started process (PID=11732) to work on /home/airflow/.local/lib/python3.12/site-packages/airflow/example_dags/example_python_decorator.py
[2026-07-31T17:21:41.350+0000] {processor.py:914} INFO - Processing file /home/airflow/.local/lib/python3.12/site-packages/airflow/example_dags/example_python_decorator.py for tasks to queue
[2026-07-31T17:21:41.357+0000] {logging_mixin.py:190} INFO - [2026-07-31T17:21:41.356+0000] {dagbag.py:588} INFO - Filling up the DagBag from /home/airflow/.local/lib/python3.12/site-packages/airflow/example_dags/example_python_decorator.py
[2026-07-31T17:21:41.382+0000] {processor.py:925} INFO - DAG(s) 'example_python_decorator' retrieved from /home/airflow/.local/lib/python3.12/site-packages/airflow/example_dags/example_python_decorator.py
[2026-07-31T17:21:41.422+0000] {logging_mixin.py:190} INFO - [2026-07-31T17:21:41.422+0000] {dag.py:3239} INFO - Sync 1 DAGs
[2026-07-31T17:21:41.449+0000] {logging_mixin.py:190} INFO - [2026-07-31T17:21:41.448+0000] {dag.py:4180} INFO - Setting next_dagrun for example_python_decorator to None, run_after=None
[2026-07-31T17:21:41.477+0000] {processor.py:208} INFO - Processing /home/airflow/.local/lib/python3.12/site-packages/airflow/example_dags/example_python_decorator.py took 0.144 seconds
[2026-07-31T17:22:11.604+0000] {processor.py:186} INFO - Started process (PID=11797) to work on /home/airflow/.local/lib/python3.12/site-packages/airflow/example_dags/example_python_decorator.py
[2026-07-31T17:22:11.609+0000] {processor.py:914} INFO - Processing file /home/airflow/.local/lib/python3.12/site-packages/airflow/example_dags/example_python_decorator.py for tasks to queue
[2026-07-31T17:22:11.619+0000] {logging_mixin.py:190} INFO - [2026-07-31T17:22:11.618+0000] {dagbag.py:588} INFO - Filling up the DagBag from /home/airflow/.local/lib/python3.12/site-packages/airflow/example_dags/example_python_decorator.py
[2026-07-31T17:22:11.646+0000] {processor.py:925} INFO - DAG(s) 'example_python_decorator' retrieved from /home/airflow/.local/lib/python3.12/site-packages/airflow/example_dags/example_python_decorator.py
[2026-07-31T17:22:11.686+0000] {logging_mixin.py:190} INFO - [2026-07-31T17:22:11.686+0000] {dag.py:3239} INFO - Sync 1 DAGs
[2026-07-31T17:22:11.707+0000] {logging_mixin.py:190} INFO - [2026-07-31T17:22:11.707+0000] {dag.py:4180} INFO - Setting next_dagrun for example_python_decorator to None, run_after=None
[2026-07-31T17:22:11.735+0000] {processor.py:208} INFO - Processing /home/airflow/.local/lib/python3.12/site-packages/airflow/example_dags/example_python_decorator.py took 0.157 seconds
[2026-07-31T17:22:42.217+0000] {processor.py:186} INFO - Started process (PID=11862) to work on /home/airflow/.local/lib/python3.12/site-packages/airflow/example_dags/example_python_decorator.py
[2026-07-31T17:22:42.219+0000] {processor.py:914} INFO - Processing file /home/airflow/.local/lib/python3.12/site-packages/airflow/example_dags/example_python_decorator.py for tasks to queue
[2026-07-31T17:22:42.225+0000] {logging_mixin.py:190} INFO - [2026-07-31T17:22:42.225+0000] {dagbag.py:588} INFO - Filling up the DagBag from /home/airflow/.local/lib/python3.12/site-packages/airflow/example_dags/example_python_decorator.py
[2026-07-31T17:22:42.248+0000] {processor.py:925} INFO - DAG(s) 'example_python_decorator' retrieved from /home/airflow/.local/lib/python3.12/site-packages/airflow/example_dags/example_python_decorator.py
[2026-07-31T17:22:42.280+0000] {logging_mixin.py:190} INFO - [2026-07-31T17:22:42.279+0000] {dag.py:3239} INFO - Sync 1 DAGs
[2026-07-31T17:22:42.300+0000] {logging_mixin.py:190} INFO - [2026-07-31T17:22:42.299+0000] {dag.py:4180} INFO - Setting next_dagrun for example_python_decorator to None, run_after=None
[2026-07-31T17:22:42.324+0000] {processor.py:208} INFO - Processing /home/airflow/.local/lib/python3.12/site-packages/airflow/example_dags/example_python_decorator.py took 0.113 seconds
[2026-07-31T17:23:12.457+0000] {processor.py:186} INFO - Started process (PID=11927) to work on /home/airflow/.local/lib/python3.12/site-packages/airflow/example_dags/example_python_decorator.py
[2026-07-31T17:23:12.461+0000] {processor.py:914} INFO - Processing file /home/airflow/.local/lib/python3.12/site-packages/airflow/example_dags/example_python_decorator.py for tasks to queue
[2026-07-31T17:23:12.469+0000] {logging_mixin.py:190} INFO - [2026-07-31T17:23:12.469+0000] {dagbag.py:588} INFO - Filling up the DagBag from /home/airflow/.local/lib/python3.12/site-packages/airflow/example_dags/example_python_decorator.py
[2026-07-31T17:23:12.493+0000] {processor.py:925} INFO - DAG(s) 'example_python_decorator' retrieved from /home/airflow/.local/lib/python3.12/site-packages/airflow/example_dags/example_python_decorator.py
[2026-07-31T17:23:12.525+0000] {logging_mixin.py:190} INFO - [2026-07-31T17:23:12.524+0000] {dag.py:3239} INFO - Sync 1 DAGs
[2026-07-31T17:23:12.544+0000] {logging_mixin.py:190} INFO - [2026-07-31T17:23:12.544+0000] {dag.py:4180} INFO - Setting next_dagrun for example_python_decorator to None, run_after=None
[2026-07-31T17:23:12.569+0000] {processor.py:208} INFO - Processing /home/airflow/.local/lib/python3.12/site-packages/airflow/example_dags/example_python_decorator.py took 0.130 seconds
[2026-07-31T17:23:43.158+0000] {processor.py:186} INFO - Started process (PID=11992) to work on /home/airflow/.local/lib/python3.12/site-packages/airflow/example_dags/example_python_decorator.py
[2026-07-31T17:23:43.160+0000] {processor.py:914} INFO - Processing file /home/airflow/.local/lib/python3.12/site-packages/airflow/example_dags/example_python_decorator.py for tasks to queue
[2026-07-31T17:23:43.166+0000] {logging_mixin.py:190} INFO - [2026-07-31T17:23:43.165+0000] {dagbag.py:588} INFO - Filling up the DagBag from /home/airflow/.local/lib/python3.12/site-packages/airflow/example_dags/example_python_decorator.py
[2026-07-31T17:23:43.186+0000] {processor.py:925} INFO - DAG(s) 'example_python_decorator' retrieved from /home/airflow/.local/lib/python3.12/site-packages/airflow/example_dags/example_python_decorator.py
[2026-07-31T17:23:43.215+0000] {logging_mixin.py:190} INFO - [2026-07-31T17:23:43.215+0000] {dag.py:3239} INFO - Sync 1 DAGs
[2026-07-31T17:23:43.233+0000] {logging_mixin.py:190} INFO - [2026-07-31T17:23:43.233+0000] {dag.py:4180} INFO - Setting next_dagrun for example_python_decorator to None, run_after=None
[2026-07-31T17:23:43.260+0000] {processor.py:208} INFO - Processing /home/airflow/.local/lib/python3.12/site-packages/airflow/example_dags/example_python_decorator.py took 0.110 seconds
[2026-07-31T17:24:14.146+0000] {processor.py:186} INFO - Started process (PID=12057) to work on /home/airflow/.local/lib/python3.12/site-packages/airflow/example_dags/example_python_decorator.py
[2026-07-31T17:24:14.148+0000] {processor.py:914} INFO - Processing file /home/airflow/.local/lib/python3.12/site-packages/airflow/example_dags/example_python_decorator.py for tasks to queue
[2026-07-31T17:24:14.155+0000] {logging_mixin.py:190} INFO - [2026-07-31T17:24:14.154+0000] {dagbag.py:588} INFO - Filling up the DagBag from /home/airflow/.local/lib/python3.12/site-packages/airflow/example_dags/example_python_decorator.py
[2026-07-31T17:24:14.182+0000] {processor.py:925} INFO - DAG(s) 'example_python_decorator' retrieved from /home/airflow/.local/lib/python3.12/site-packages/airflow/example_dags/example_python_decorator.py
[2026-07-31T17:24:14.220+0000] {logging_mixin.py:190} INFO - [2026-07-31T17:24:14.220+0000] {dag.py:3239} INFO - Sync 1 DAGs
[2026-07-31T17:24:14.240+0000] {logging_mixin.py:190} INFO - [2026-07-31T17:24:14.240+0000] {dag.py:4180} INFO - Setting next_dagrun for example_python_decorator to None, run_after=None
[2026-07-31T17:24:14.268+0000] {processor.py:208} INFO - Processing /home/airflow/.local/lib/python3.12/site-packages/airflow/example_dags/example_python_decorator.py took 0.134 seconds
[2026-07-31T17:24:44.678+0000] {processor.py:186} INFO - Started process (PID=12122) to work on /home/airflow/.local/lib/python3.12/site-packages/airflow/example_dags/example_python_decorator.py
[2026-07-31T17:24:44.680+0000] {processor.py:914} INFO - Processing file /home/airflow/.local/lib/python3.12/site-packages/airflow/example_dags/example_python_decorator.py for tasks to queue
[2026-07-31T17:24:44.685+0000] {logging_mixin.py:190} INFO - [2026-07-31T17:24:44.685+0000] {dagbag.py:588} INFO - Filling up the DagBag from /home/airflow/.local/lib/python3.12/site-packages/airflow/example_dags/example_python_decorator.py
[2026-07-31T17:24:44.707+0000] {processor.py:925} INFO - DAG(s) 'example_python_decorator' retrieved from /home/airflow/.local/lib/python3.12/site-packages/airflow/example_dags/example_python_decorator.py
[2026-07-31T17:24:44.737+0000] {logging_mixin.py:190} INFO - [2026-07-31T17:24:44.737+0000] {dag.py:3239} INFO - Sync 1 DAGs
[2026-07-31T17:24:44.754+0000] {logging_mixin.py:190} INFO - [2026-07-31T17:24:44.754+0000] {dag.py:4180} INFO - Setting next_dagrun for example_python_decorator to None, run_after=None
[2026-07-31T17:24:44.778+0000] {processor.py:208} INFO - Processing /home/airflow/.local/lib/python3.12/site-packages/airflow/example_dags/example_python_decorator.py took 0.108 seconds
[2026-07-31T17:25:15.577+0000] {processor.py:186} INFO - Started process (PID=12188) to work on /home/airflow/.local/lib/python3.12/site-packages/airflow/example_dags/example_python_decorator.py
[2026-07-31T17:25:15.580+0000] {processor.py:914} INFO - Processing file /home/airflow/.local/lib/python3.12/site-packages/airflow/example_dags/example_python_decorator.py for tasks to queue
[2026-07-31T17:25:15.584+0000] {logging_mixin.py:190} INFO - [2026-07-31T17:25:15.583+0000] {dagbag.py:588} INFO - Filling up the DagBag from /home/airflow/.local/lib/python3.12/site-packages/airflow/example_dags/example_python_decorator.py
[2026-07-31T17:25:15.603+0000] {processor.py:925} INFO - DAG(s) 'example_python_decorator' retrieved from /home/airflow/.local/lib/python3.12/site-packages/airflow/example_dags/example_python_decorator.py
[2026-07-31T17:25:15.633+0000] {logging_mixin.py:190} INFO - [2026-07-31T17:25:15.633+0000] {dag.py:3239} INFO - Sync 1 DAGs
[2026-07-31T17:25:15.651+0000] {logging_mixin.py:190} INFO - [2026-07-31T17:25:15.651+0000] {dag.py:4180} INFO - Setting next_dagrun for example_python_decorator to None, run_after=None
[2026-07-31T17:25:15.674+0000] {processor.py:208} INFO - Processing /home/airflow/.local/lib/python3.12/site-packages/airflow/example_dags/example_python_decorator.py took 0.102 seconds
[2026-07-31T17:25:46.620+0000] {processor.py:186} INFO - Started process (PID=12253) to work on /home/airflow/.local/lib/python3.12/site-packages/airflow/example_dags/example_python_decorator.py
[2026-07-31T17:25:46.622+0000] {processor.py:914} INFO - Processing file /home/airflow/.local/lib/python3.12/site-packages/airflow/example_dags/example_python_decorator.py for tasks to queue
[2026-07-31T17:25:46.626+0000] {logging_mixin.py:190} INFO - [2026-07-31T17:25:46.625+0000] {dagbag.py:588} INFO - Filling up the DagBag from /home/airflow/.local/lib/python3.12/site-packages/airflow/example_dags/example_python_decorator.py
[2026-07-31T17:25:46.643+0000] {processor.py:925} INFO - DAG(s) 'example_python_decorator' retrieved from /home/airflow/.local/lib/python3.12/site-packages/airflow/example_dags/example_python_decorator.py
[2026-07-31T17:25:46.670+0000] {logging_mixin.py:190} INFO - [2026-07-31T17:25:46.669+0000] {dag.py:3239} INFO - Sync 1 DAGs
[2026-07-31T17:25:46.686+0000] {logging_mixin.py:190} INFO - [2026-07-31T17:25:46.686+0000] {dag.py:4180} INFO - Setting next_dagrun for example_python_decorator to None, run_after=None
[2026-07-31T17:25:46.712+0000] {processor.py:208} INFO - Processing /home/airflow/.local/lib/python3.12/site-packages/airflow/example_dags/example_python_decorator.py took 0.098 seconds
[2026-07-31T17:26:16.946+0000] {processor.py:186} INFO - Started process (PID=12319) to work on /home/airflow/.local/lib/python3.12/site-packages/airflow/example_dags/example_python_decorator.py
[2026-07-31T17:26:16.948+0000] {processor.py:914} INFO - Processing file /home/airflow/.local/lib/python3.12/site-packages/airflow/example_dags/example_python_decorator.py for tasks to queue
[2026-07-31T17:26:16.952+0000] {logging_mixin.py:190} INFO - [2026-07-31T17:26:16.952+0000] {dagbag.py:588} INFO - Filling up the DagBag from /home/airflow/.local/lib/python3.12/site-packages/airflow/example_dags/example_python_decorator.py
[2026-07-31T17:26:16.970+0000] {processor.py:925} INFO - DAG(s) 'example_python_decorator' retrieved from /home/airflow/.local/lib/python3.12/site-packages/airflow/example_dags/example_python_decorator.py
[2026-07-31T17:26:16.995+0000] {logging_mixin.py:190} INFO - [2026-07-31T17:26:16.995+0000] {dag.py:3239} INFO - Sync 1 DAGs
[2026-07-31T17:26:17.011+0000] {logging_mixin.py:190} INFO - [2026-07-31T17:26:17.011+0000] {dag.py:4180} INFO - Setting next_dagrun for example_python_decorator to None, run_after=None
[2026-07-31T17:26:17.033+0000] {processor.py:208} INFO - Processing /home/airflow/.local/lib/python3.12/site-packages/airflow/example_dags/example_python_decorator.py took 0.094 seconds
[2026-07-31T17:26:47.455+0000] {processor.py:186} INFO - Started process (PID=12383) to work on /home/airflow/.local/lib/python3.12/site-packages/airflow/example_dags/example_python_decorator.py
[2026-07-31T17:26:47.457+0000] {processor.py:914} INFO - Processing file /home/airflow/.local/lib/python3.12/site-packages/airflow/example_dags/example_python_decorator.py for tasks to queue
[2026-07-31T17:26:47.461+0000] {logging_mixin.py:190} INFO - [2026-07-31T17:26:47.461+0000] {dagbag.py:588} INFO - Filling up the DagBag from /home/airflow/.local/lib/python3.12/site-packages/airflow/example_dags/example_python_decorator.py
[2026-07-31T17:26:47.480+0000] {processor.py:925} INFO - DAG(s) 'example_python_decorator' retrieved from /home/airflow/.local/lib/python3.12/site-packages/airflow/example_dags/example_python_decorator.py
[2026-07-31T17:26:47.508+0000] {logging_mixin.py:190} INFO - [2026-07-31T17:26:47.507+0000] {dag.py:3239} INFO - Sync 1 DAGs
[2026-07-31T17:26:47.524+0000] {logging_mixin.py:190} INFO - [2026-07-31T17:26:47.524+0000] {dag.py:4180} INFO - Setting next_dagrun for example_python_decorator to None, run_after=None
[2026-07-31T17:26:47.546+0000] {processor.py:208} INFO - Processing /home/airflow/.local/lib/python3.12/site-packages/airflow/example_dags/example_python_decorator.py took 0.099 seconds
[2026-07-31T17:27:18.041+0000] {processor.py:186} INFO - Started process (PID=12448) to work on /home/airflow/.local/lib/python3.12/site-packages/airflow/example_dags/example_python_decorator.py
[2026-07-31T17:27:18.044+0000] {processor.py:914} INFO - Processing file /home/airflow/.local/lib/python3.12/site-packages/airflow/example_dags/example_python_decorator.py for tasks to queue
[2026-07-31T17:27:18.049+0000] {logging_mixin.py:190} INFO - [2026-07-31T17:27:18.048+0000] {dagbag.py:588} INFO - Filling up the DagBag from /home/airflow/.local/lib/python3.12/site-packages/airflow/example_dags/example_python_decorator.py
[2026-07-31T17:27:18.071+0000] {processor.py:925} INFO - DAG(s) 'example_python_decorator' retrieved from /home/airflow/.local/lib/python3.12/site-packages/airflow/example_dags/example_python_decorator.py
[2026-07-31T17:27:18.094+0000] {logging_mixin.py:190} INFO - [2026-07-31T17:27:18.094+0000] {dag.py:3239} INFO - Sync 1 DAGs
[2026-07-31T17:27:18.111+0000] {logging_mixin.py:190} INFO - [2026-07-31T17:27:18.111+0000] {dag.py:4180} INFO - Setting next_dagrun for example_python_decorator to None, run_after=None
[2026-07-31T17:27:18.135+0000] {processor.py:208} INFO - Processing /home/airflow/.local/lib/python3.12/site-packages/airflow/example_dags/example_python_decorator.py took 0.102 seconds
[2026-07-31T17:27:49.070+0000] {processor.py:186} INFO - Started process (PID=12513) to work on /home/airflow/.local/lib/python3.12/site-packages/airflow/example_dags/example_python_decorator.py
[2026-07-31T17:27:49.074+0000] {processor.py:914} INFO - Processing file /home/airflow/.local/lib/python3.12/site-packages/airflow/example_dags/example_python_decorator.py for tasks to queue
[2026-07-31T17:27:49.079+0000] {logging_mixin.py:190} INFO - [2026-07-31T17:27:49.079+0000] {dagbag.py:588} INFO - Filling up the DagBag from /home/airflow/.local/lib/python3.12/site-packages/airflow/example_dags/example_python_decorator.py
[2026-07-31T17:27:49.112+0000] {processor.py:925} INFO - DAG(s) 'example_python_decorator' retrieved from /home/airflow/.local/lib/python3.12/site-packages/airflow/example_dags/example_python_decorator.py
[2026-07-31T17:27:49.168+0000] {logging_mixin.py:190} INFO - [2026-07-31T17:27:49.167+0000] {dag.py:3239} INFO - Sync 1 DAGs
[2026-07-31T17:27:49.197+0000] {logging_mixin.py:190} INFO - [2026-07-31T17:27:49.196+0000] {dag.py:4180} INFO - Setting next_dagrun for example_python_decorator to None, run_after=None
[2026-07-31T17:27:49.238+0000] {processor.py:208} INFO - Processing /home/airflow/.local/lib/python3.12/site-packages/airflow/example_dags/example_python_decorator.py took 0.184 seconds
[2026-07-31T17:28:19.615+0000] {processor.py:186} INFO - Started process (PID=12578) to work on /home/airflow/.local/lib/python3.12/site-packages/airflow/example_dags/example_python_decorator.py
[2026-07-31T17:28:19.619+0000] {processor.py:914} INFO - Processing file /home/airflow/.local/lib/python3.12/site-packages/airflow/example_dags/example_python_decorator.py for tasks to queue
[2026-07-31T17:28:19.629+0000] {logging_mixin.py:190} INFO - [2026-07-31T17:28:19.627+0000] {dagbag.py:588} INFO - Filling up the DagBag from /home/airflow/.local/lib/python3.12/site-packages/airflow/example_dags/example_python_decorator.py
[2026-07-31T17:28:19.671+0000] {processor.py:925} INFO - DAG(s) 'example_python_decorator' retrieved from /home/airflow/.local/lib/python3.12/site-packages/airflow/example_dags/example_python_decorator.py
[2026-07-31T17:28:19.712+0000] {logging_mixin.py:190} INFO - [2026-07-31T17:28:19.712+0000] {dag.py:3239} INFO - Sync 1 DAGs
[2026-07-31T17:28:19.736+0000] {logging_mixin.py:190} INFO - [2026-07-31T17:28:19.736+0000] {dag.py:4180} INFO - Setting next_dagrun for example_python_decorator to None, run_after=None
[2026-07-31T17:28:19.780+0000] {processor.py:208} INFO - Processing /home/airflow/.local/lib/python3.12/site-packages/airflow/example_dags/example_python_decorator.py took 0.200 seconds
[2026-07-31T17:28:49.963+0000] {processor.py:186} INFO - Started process (PID=12643) to work on /home/airflow/.local/lib/python3.12/site-packages/airflow/example_dags/example_python_decorator.py
[2026-07-31T17:28:49.964+0000] {processor.py:914} INFO - Processing file /home/airflow/.local/lib/python3.12/site-packages/airflow/example_dags/example_python_decorator.py for tasks to queue
[2026-07-31T17:28:49.970+0000] {logging_mixin.py:190} INFO - [2026-07-31T17:28:49.969+0000] {dagbag.py:588} INFO - Filling up the DagBag from /home/airflow/.local/lib/python3.12/site-packages/airflow/example_dags/example_python_decorator.py
[2026-07-31T17:28:49.994+0000] {processor.py:925} INFO - DAG(s) 'example_python_decorator' retrieved from /home/airflow/.local/lib/python3.12/site-packages/airflow/example_dags/example_python_decorator.py
[2026-07-31T17:28:50.036+0000] {logging_mixin.py:190} INFO - [2026-07-31T17:28:50.035+0000] {dag.py:3239} INFO - Sync 1 DAGs
[2026-07-31T17:28:50.054+0000] {logging_mixin.py:190} INFO - [2026-07-31T17:28:50.054+0000] {dag.py:4180} INFO - Setting next_dagrun for example_python_decorator to None, run_after=None
[2026-07-31T17:28:50.086+0000] {processor.py:208} INFO - Processing /home/airflow/.local/lib/python3.12/site-packages/airflow/example_dags/example_python_decorator.py took 0.135 seconds
[2026-07-31T17:29:20.424+0000] {processor.py:186} INFO - Started process (PID=12708) to work on /home/airflow/.local/lib/python3.12/site-packages/airflow/example_dags/example_python_decorator.py
[2026-07-31T17:29:20.426+0000] {processor.py:914} INFO - Processing file /home/airflow/.local/lib/python3.12/site-packages/airflow/example_dags/example_python_decorator.py for tasks to queue
[2026-07-31T17:29:20.433+0000] {logging_mixin.py:190} INFO - [2026-07-31T17:29:20.432+0000] {dagbag.py:588} INFO - Filling up the DagBag from /home/airflow/.local/lib/python3.12/site-packages/airflow/example_dags/example_python_decorator.py
[2026-07-31T17:29:20.454+0000] {processor.py:925} INFO - DAG(s) 'example_python_decorator' retrieved from /home/airflow/.local/lib/python3.12/site-packages/airflow/example_dags/example_python_decorator.py
[2026-07-31T17:29:20.480+0000] {logging_mixin.py:190} INFO - [2026-07-31T17:29:20.480+0000] {dag.py:3239} INFO - Sync 1 DAGs
[2026-07-31T17:29:20.497+0000] {logging_mixin.py:190} INFO - [2026-07-31T17:29:20.496+0000] {dag.py:4180} INFO - Setting next_dagrun for example_python_decorator to None, run_after=None
[2026-07-31T17:29:20.520+0000] {processor.py:208} INFO - Processing /home/airflow/.local/lib/python3.12/site-packages/airflow/example_dags/example_python_decorator.py took 0.111 seconds
[2026-07-31T17:29:50.875+0000] {processor.py:186} INFO - Started process (PID=12773) to work on /home/airflow/.local/lib/python3.12/site-packages/airflow/example_dags/example_python_decorator.py
[2026-07-31T17:29:50.877+0000] {processor.py:914} INFO - Processing file /home/airflow/.local/lib/python3.12/site-packages/airflow/example_dags/example_python_decorator.py for tasks to queue
[2026-07-31T17:29:50.882+0000] {logging_mixin.py:190} INFO - [2026-07-31T17:29:50.881+0000] {dagbag.py:588} INFO - Filling up the DagBag from /home/airflow/.local/lib/python3.12/site-packages/airflow/example_dags/example_python_decorator.py
[2026-07-31T17:29:50.917+0000] {processor.py:925} INFO - DAG(s) 'example_python_decorator' retrieved from /home/airflow/.local/lib/python3.12/site-packages/airflow/example_dags/example_python_decorator.py
[2026-07-31T17:29:50.945+0000] {logging_mixin.py:190} INFO - [2026-07-31T17:29:50.944+0000] {dag.py:3239} INFO - Sync 1 DAGs
[2026-07-31T17:29:50.963+0000] {logging_mixin.py:190} INFO - [2026-07-31T17:29:50.963+0000] {dag.py:4180} INFO - Setting next_dagrun for example_python_decorator to None, run_after=None
[2026-07-31T17:29:50.988+0000] {processor.py:208} INFO - Processing /home/airflow/.local/lib/python3.12/site-packages/airflow/example_dags/example_python_decorator.py took 0.119 seconds
[2026-07-31T17:30:21.364+0000] {processor.py:186} INFO - Started process (PID=12838) to work on /home/airflow/.local/lib/python3.12/site-packages/airflow/example_dags/example_python_decorator.py
[2026-07-31T17:30:21.367+0000] {processor.py:914} INFO - Processing file /home/airflow/.local/lib/python3.12/site-packages/airflow/example_dags/example_python_decorator.py for tasks to queue
[2026-07-31T17:30:21.375+0000] {logging_mixin.py:190} INFO - [2026-07-31T17:30:21.374+0000] {dagbag.py:588} INFO - Filling up the DagBag from /home/airflow/.local/lib/python3.12/site-packages/airflow/example_dags/example_python_decorator.py
[2026-07-31T17:30:21.405+0000] {processor.py:925} INFO - DAG(s) 'example_python_decorator' retrieved from /home/airflow/.local/lib/python3.12/site-packages/airflow/example_dags/example_python_decorator.py
[2026-07-31T17:30:21.445+0000] {logging_mixin.py:190} INFO - [2026-07-31T17:30:21.445+0000] {dag.py:3239} INFO - Sync 1 DAGs
[2026-07-31T17:30:21.475+0000] {logging_mixin.py:190} INFO - [2026-07-31T17:30:21.475+0000] {dag.py:4180} INFO - Setting next_dagrun for example_python_decorator to None, run_after=None
[2026-07-31T17:30:21.509+0000] {processor.py:208} INFO - Processing /home/airflow/.local/lib/python3.12/site-packages/airflow/example_dags/example_python_decorator.py took 0.155 seconds
[2026-07-31T17:30:52.186+0000] {processor.py:186} INFO - Started process (PID=12902) to work on /home/airflow/.local/lib/python3.12/site-packages/airflow/example_dags/example_python_decorator.py
[2026-07-31T17:30:52.188+0000] {processor.py:914} INFO - Processing file /home/airflow/.local/lib/python3.12/site-packages/airflow/example_dags/example_python_decorator.py for tasks to queue
[2026-07-31T17:30:52.192+0000] {logging_mixin.py:190} INFO - [2026-07-31T17:30:52.191+0000] {dagbag.py:588} INFO - Filling up the DagBag from /home/airflow/.local/lib/python3.12/site-packages/airflow/example_dags/example_python_decorator.py
[2026-07-31T17:30:52.212+0000] {processor.py:925} INFO - DAG(s) 'example_python_decorator' retrieved from /home/airflow/.local/lib/python3.12/site-packages/airflow/example_dags/example_python_decorator.py
[2026-07-31T17:30:52.236+0000] {logging_mixin.py:190} INFO - [2026-07-31T17:30:52.236+0000] {dag.py:3239} INFO - Sync 1 DAGs
[2026-07-31T17:30:52.255+0000] {logging_mixin.py:190} INFO - [2026-07-31T17:30:52.255+0000] {dag.py:4180} INFO - Setting next_dagrun for example_python_decorator to None, run_after=None
[2026-07-31T17:30:52.279+0000] {processor.py:208} INFO - Processing /home/airflow/.local/lib/python3.12/site-packages/airflow/example_dags/example_python_decorator.py took 0.102 seconds
[2026-07-31T17:31:23.227+0000] {processor.py:186} INFO - Started process (PID=12966) to work on /home/airflow/.local/lib/python3.12/site-packages/airflow/example_dags/example_python_decorator.py
[2026-07-31T17:31:23.230+0000] {processor.py:914} INFO - Processing file /home/airflow/.local/lib/python3.12/site-packages/airflow/example_dags/example_python_decorator.py for tasks to queue
[2026-07-31T17:31:23.233+0000] {logging_mixin.py:190} INFO - [2026-07-31T17:31:23.232+0000] {dagbag.py:588} INFO - Filling up the DagBag from /home/airflow/.local/lib/python3.12/site-packages/airflow/example_dags/example_python_decorator.py
[2026-07-31T17:31:23.260+0000] {processor.py:925} INFO - DAG(s) 'example_python_decorator' retrieved from /home/airflow/.local/lib/python3.12/site-packages/airflow/example_dags/example_python_decorator.py
[2026-07-31T17:31:23.285+0000] {logging_mixin.py:190} INFO - [2026-07-31T17:31:23.284+0000] {dag.py:3239} INFO - Sync 1 DAGs
[2026-07-31T17:31:23.300+0000] {logging_mixin.py:190} INFO - [2026-07-31T17:31:23.299+0000] {dag.py:4180} INFO - Setting next_dagrun for example_python_decorator to None, run_after=None
[2026-07-31T17:31:23.321+0000] {processor.py:208} INFO - Processing /home/airflow/.local/lib/python3.12/site-packages/airflow/example_dags/example_python_decorator.py took 0.102 seconds
[2026-07-31T17:31:53.686+0000] {processor.py:186} INFO - Started process (PID=13029) to work on /home/airflow/.local/lib/python3.12/site-packages/airflow/example_dags/example_python_decorator.py
[2026-07-31T17:31:53.689+0000] {processor.py:914} INFO - Processing file /home/airflow/.local/lib/python3.12/site-packages/airflow/example_dags/example_python_decorator.py for tasks to queue
[2026-07-31T17:31:53.693+0000] {logging_mixin.py:190} INFO - [2026-07-31T17:31:53.692+0000] {dagbag.py:588} INFO - Filling up the DagBag from /home/airflow/.local/lib/python3.12/site-packages/airflow/example_dags/example_python_decorator.py
[2026-07-31T17:31:53.710+0000] {processor.py:925} INFO - DAG(s) 'example_python_decorator' retrieved from /home/airflow/.local/lib/python3.12/site-packages/airflow/example_dags/example_python_decorator.py
[2026-07-31T17:31:53.739+0000] {logging_mixin.py:190} INFO - [2026-07-31T17:31:53.738+0000] {dag.py:3239} INFO - Sync 1 DAGs
[2026-07-31T17:31:53.759+0000] {logging_mixin.py:190} INFO - [2026-07-31T17:31:53.759+0000] {dag.py:4180} INFO - Setting next_dagrun for example_python_decorator to None, run_after=None
[2026-07-31T17:31:53.784+0000] {processor.py:208} INFO - Processing /home/airflow/.local/lib/python3.12/site-packages/airflow/example_dags/example_python_decorator.py took 0.104 seconds
[2026-07-31T17:32:24.526+0000] {processor.py:186} INFO - Started process (PID=13095) to work on /home/airflow/.local/lib/python3.12/site-packages/airflow/example_dags/example_python_decorator.py
[2026-07-31T17:32:24.529+0000] {processor.py:914} INFO - Processing file /home/airflow/.local/lib/python3.12/site-packages/airflow/example_dags/example_python_decorator.py for tasks to queue
[2026-07-31T17:32:24.535+0000] {logging_mixin.py:190} INFO - [2026-07-31T17:32:24.534+0000] {dagbag.py:588} INFO - Filling up the DagBag from /home/airflow/.local/lib/python3.12/site-packages/airflow/example_dags/example_python_decorator.py
[2026-07-31T17:32:24.561+0000] {processor.py:925} INFO - DAG(s) 'example_python_decorator' retrieved from /home/airflow/.local/lib/python3.12/site-packages/airflow/example_dags/example_python_decorator.py
[2026-07-31T17:32:24.592+0000] {logging_mixin.py:190} INFO - [2026-07-31T17:32:24.592+0000] {dag.py:3239} INFO - Sync 1 DAGs
[2026-07-31T17:32:24.611+0000] {logging_mixin.py:190} INFO - [2026-07-31T17:32:24.611+0000] {dag.py:4180} INFO - Setting next_dagrun for example_python_decorator to None, run_after=None
[2026-07-31T17:32:24.636+0000] {processor.py:208} INFO - Processing /home/airflow/.local/lib/python3.12/site-packages/airflow/example_dags/example_python_decorator.py took 0.123 seconds
[2026-07-31T17:32:55.576+0000] {processor.py:186} INFO - Started process (PID=13160) to work on /home/airflow/.local/lib/python3.12/site-packages/airflow/example_dags/example_python_decorator.py
[2026-07-31T17:32:55.583+0000] {processor.py:914} INFO - Processing file /home/airflow/.local/lib/python3.12/site-packages/airflow/example_dags/example_python_decorator.py for tasks to queue
[2026-07-31T17:32:55.593+0000] {logging_mixin.py:190} INFO - [2026-07-31T17:32:55.591+0000] {dagbag.py:588} INFO - Filling up the DagBag from /home/airflow/.local/lib/python3.12/site-packages/airflow/example_dags/example_python_decorator.py
[2026-07-31T17:32:55.666+0000] {processor.py:925} INFO - DAG(s) 'example_python_decorator' retrieved from /home/airflow/.local/lib/python3.12/site-packages/airflow/example_dags/example_python_decorator.py
[2026-07-31T17:32:55.753+0000] {logging_mixin.py:190} INFO - [2026-07-31T17:32:55.752+0000] {dag.py:3239} INFO - Sync 1 DAGs
[2026-07-31T17:32:55.786+0000] {logging_mixin.py:190} INFO - [2026-07-31T17:32:55.785+0000] {dag.py:4180} INFO - Setting next_dagrun for example_python_decorator to None, run_after=None
[2026-07-31T17:32:55.826+0000] {processor.py:208} INFO - Processing /home/airflow/.local/lib/python3.12/site-packages/airflow/example_dags/example_python_decorator.py took 0.270 seconds
[2026-07-31T17:33:25.950+0000] {processor.py:186} INFO - Started process (PID=13226) to work on /home/airflow/.local/lib/python3.12/site-packages/airflow/example_dags/example_python_decorator.py
[2026-07-31T17:33:25.955+0000] {processor.py:914} INFO - Processing file /home/airflow/.local/lib/python3.12/site-packages/airflow/example_dags/example_python_decorator.py for tasks to queue
[2026-07-31T17:33:25.961+0000] {logging_mixin.py:190} INFO - [2026-07-31T17:33:25.961+0000] {dagbag.py:588} INFO - Filling up the DagBag from /home/airflow/.local/lib/python3.12/site-packages/airflow/example_dags/example_python_decorator.py
[2026-07-31T17:33:25.990+0000] {processor.py:925} INFO - DAG(s) 'example_python_decorator' retrieved from /home/airflow/.local/lib/python3.12/site-packages/airflow/example_dags/example_python_decorator.py
[2026-07-31T17:33:26.042+0000] {logging_mixin.py:190} INFO - [2026-07-31T17:33:26.042+0000] {dag.py:3239} INFO - Sync 1 DAGs
[2026-07-31T17:33:26.077+0000] {logging_mixin.py:190} INFO - [2026-07-31T17:33:26.076+0000] {dag.py:4180} INFO - Setting next_dagrun for example_python_decorator to None, run_after=None
[2026-07-31T17:33:26.109+0000] {processor.py:208} INFO - Processing /home/airflow/.local/lib/python3.12/site-packages/airflow/example_dags/example_python_decorator.py took 0.172 seconds
[2026-07-31T17:33:56.305+0000] {processor.py:186} INFO - Started process (PID=13291) to work on /home/airflow/.local/lib/python3.12/site-packages/airflow/example_dags/example_python_decorator.py
[2026-07-31T17:33:56.308+0000] {processor.py:914} INFO - Processing file /home/airflow/.local/lib/python3.12/site-packages/airflow/example_dags/example_python_decorator.py for tasks to queue
[2026-07-31T17:33:56.317+0000] {logging_mixin.py:190} INFO - [2026-07-31T17:33:56.316+0000] {dagbag.py:588} INFO - Filling up the DagBag from /home/airflow/.local/lib/python3.12/site-packages/airflow/example_dags/example_python_decorator.py
[2026-07-31T17:33:56.346+0000] {processor.py:925} INFO - DAG(s) 'example_python_decorator' retrieved from /home/airflow/.local/lib/python3.12/site-packages/airflow/example_dags/example_python_decorator.py
[2026-07-31T17:33:56.390+0000] {logging_mixin.py:190} INFO - [2026-07-31T17:33:56.389+0000] {dag.py:3239} INFO - Sync 1 DAGs
[2026-07-31T17:33:56.416+0000] {logging_mixin.py:190} INFO - [2026-07-31T17:33:56.415+0000] {dag.py:4180} INFO - Setting next_dagrun for example_python_decorator to None, run_after=None
[2026-07-31T17:33:56.449+0000] {processor.py:208} INFO - Processing /home/airflow/.local/lib/python3.12/site-packages/airflow/example_dags/example_python_decorator.py took 0.157 seconds
[2026-07-31T17:34:26.626+0000] {processor.py:186} INFO - Started process (PID=13356) to work on /home/airflow/.local/lib/python3.12/site-packages/airflow/example_dags/example_python_decorator.py
[2026-07-31T17:34:26.628+0000] {processor.py:914} INFO - Processing file /home/airflow/.local/lib/python3.12/site-packages/airflow/example_dags/example_python_decorator.py for tasks to queue
[2026-07-31T17:34:26.634+0000] {logging_mixin.py:190} INFO - [2026-07-31T17:34:26.634+0000] {dagbag.py:588} INFO - Filling up the DagBag from /home/airflow/.local/lib/python3.12/site-packages/airflow/example_dags/example_python_decorator.py
[2026-07-31T17:34:26.651+0000] {processor.py:925} INFO - DAG(s) 'example_python_decorator' retrieved from /home/airflow/.local/lib/python3.12/site-packages/airflow/example_dags/example_python_decorator.py
[2026-07-31T17:34:26.683+0000] {logging_mixin.py:190} INFO - [2026-07-31T17:34:26.682+0000] {dag.py:3239} INFO - Sync 1 DAGs
[2026-07-31T17:34:26.704+0000] {logging_mixin.py:190} INFO - [2026-07-31T17:34:26.703+0000] {dag.py:4180} INFO - Setting next_dagrun for example_python_decorator to None, run_after=None
[2026-07-31T17:34:26.733+0000] {processor.py:208} INFO - Processing /home/airflow/.local/lib/python3.12/site-packages/airflow/example_dags/example_python_decorator.py took 0.113 seconds
[2026-07-31T17:34:57.394+0000] {processor.py:186} INFO - Started process (PID=13421) to work on /home/airflow/.local/lib/python3.12/site-packages/airflow/example_dags/example_python_decorator.py
[2026-07-31T17:34:57.396+0000] {processor.py:914} INFO - Processing file /home/airflow/.local/lib/python3.12/site-packages/airflow/example_dags/example_python_decorator.py for tasks to queue
[2026-07-31T17:34:57.401+0000] {logging_mixin.py:190} INFO - [2026-07-31T17:34:57.400+0000] {dagbag.py:588} INFO - Filling up the DagBag from /home/airflow/.local/lib/python3.12/site-packages/airflow/example_dags/example_python_decorator.py
[2026-07-31T17:34:57.423+0000] {processor.py:925} INFO - DAG(s) 'example_python_decorator' retrieved from /home/airflow/.local/lib/python3.12/site-packages/airflow/example_dags/example_python_decorator.py
[2026-07-31T17:34:57.458+0000] {logging_mixin.py:190} INFO - [2026-07-31T17:34:57.457+0000] {dag.py:3239} INFO - Sync 1 DAGs
[2026-07-31T17:34:57.478+0000] {logging_mixin.py:190} INFO - [2026-07-31T17:34:57.478+0000] {dag.py:4180} INFO - Setting next_dagrun for example_python_decorator to None, run_after=None
[2026-07-31T17:34:57.507+0000] {processor.py:208} INFO - Processing /home/airflow/.local/lib/python3.12/site-packages/airflow/example_dags/example_python_decorator.py took 0.127 seconds
