id,name,dept,score,active,ts
0,user_0,D,88.52,True,2026-02-08T22:00:00
1,user_1,C,69.065,True,2026-02-09T16:00:00
2,user_2,C,48.201,False,2026-01-03T19:00:00
3,user_3,B,67.951,True,2026-01-21T07:00:00
4,user_4,B,83.576,True,2026-01-23T22:00:00
5,user_5,A,13.324,False,2026-01-29T18:00:00
6,user_6,A,67.48,True,2026-01-16T00:00:00
7,user_7,A,55.289,False,2026-01-18T13:00:00
8,user_8,A,63.365,False,2026-01-09T21:00:00
9,user_9,D,26.035,True,2026-02-05T04:00:00
10,user_10,C,91.48,True,2026-01-19T21:00:00
11,user_11,D,50.933,False,2026-01-31T08:00:00
12,user_12,C,57.392,False,2026-02-03T06:00:00
13,user_13,C,59.913,False,2026-01-08T09:00:00
14,user_14,D,20.599,True,2026-01-09T07:00:00
15,user_15,C,15.587,True,2026-02-03T17:00:00
16,user_16,C,62.859,False,2026-01-08T14:00:00
17,user_17,C,20.004,True,2026-01-14T05:00:00
18,user_18,C,14.834,False,2026-02-04T02:00:00
19,user_19,D,56.728,True,2026-02-02T20:00:00
20,user_20,B,96.609,False,2026-02-10T06:00:00
21,user_21,D,87.751,False,2026-01-16T19:00:00
22,user_22,C,50.468,False,2026-01-08T12:00:00
23,user_23,A,71.357,True,2026-01-28T16:00:00
24,user_24,B,22.453,True,2026-02-07T23:00:00
25,user_25,D,23.009,False,2026-01-17T11:00:00
26,user_26,C,56.92,False,2026-02-10T11:00:00
27,user_27,A,87.15,False,2026-02-04T10:00:00
28,user_28,D,94.741,True,2026-01-24T13:00:00
29,user_29,C,87.131,False,2026-01-17T19:00:00
30,user_30,D,21.991,True,2026-01-24T05:00:00
31,user_31,A,91.746,False,2026-02-08T04:00:00
32,user_32,A,20.828,False,2026-01-10T05:00:00
33,user_33,D,61.642,False,2026-01-16T08:00:00
34,user_34,A,78.681,True,2026-01-11T11:00:00
35,user_35,C,28.0,False,2026-01-22T09:00:00
36,user_36,A,70.966,False,2026-02-05T09:00:00
37,user_37,B,51.66,True,2026-01-10T18:00:00
38,user_38,B,65.42,False,2026-01-03T22:00:00
39,user_39,B,74.552,False,2026-01-15T04:00:00
40,user_40,B,40.364,False,2026-02-06T08:00:00
41,user_41,A,62.42,True,2026-02-08T11:00:00
42,user_42,A,63.063,True,2026-01-25T16:00:00
43,user_43,A,16.758,True,2026-01-04T01:00:00
44,user_44,A,34.617,True,2026-01-20T23:00:00
45,user_45,C,8.287,False,2026-01-16T15:00:00
46,user_46,C,75.696,False,2026-01-09T01:00:00
47,user_47,C,57.334,True,2026-01-10T10:00:00
48,user_48,B,38.038,False,2026-01-12T19:00:00
49,user_49,C,3.084,False,2026-02-02T21:00:00
50,user_50,D,55.389,False,2026-01-06T15:00:00
51,user_51,B,54.19,False,2026-01-26T17:00:00
52,user_52,B,45.868,True,2026-01-28T10:00:00
53,user_53,D,82.784,False,2026-01-07T10:00:00
54,user_54,D,1.354,True,2026-01-30T20:00:00
55,user_55,D,92.242,True,2026-02-08T16:00:00
56,user_56,B,97.371,False,2026-01-19T13:00:00
57,user_57,C,14.943,True,2026-02-05T12:00:00
58,user_58,D,87.066,True,2026-01-22T04:00:00
59,user_59,C,61.474,True,2026-01-28T04:00:00
60,user_60,D,91.038,False,2026-01-04T21:00:00
61,user_61,C,74.71,True,2026-01-07T21:00:00
62,user_62,C,66.457,True,2026-01-31T14:00:00
63,user_63,B,78.211,False,2026-02-04T18:00:00
64,user_64,D,28.155,True,2026-01-25T05:00:00
65,user_65,A,49.786,True,2026-01-22T04:00:00
66,user_66,C,48.93,False,2026-01-24T15:00:00
67,user_67,C,15.896,False,2026-02-04T18:00:00
68,user_68,D,22.922,False,2026-01-07T06:00:00
69,user_69,C,1.605,False,2026-01-14T09:00:00
70,user_70,B,88.347,False,2026-02-06T11:00:00
71,user_71,B,4.648,False,2026-01-10T23:00:00
72,user_72,B,9.343,True,2026-02-10T19:00:00
73,user_73,B,69.81,False,2026-01-17T09:00:00
74,user_74,C,86.509,False,2026-01-01T04:00:00
75,user_75,D,69.687,False,2026-01-12T10:00:00
76,user_76,A,71.271,True,2026-01-20T23:00:00
77,user_77,D,37.372,False,2026-01-16T20:00:00
78,user_78,C,78.374,True,2026-01-18T19:00:00
79,user_79,B,77.311,True,2026-01-28T11:00:00
80,user_80,C,35.976,True,2026-01-20T03:00:00
81,user_81,C,92.204,False,2026-01-25T11:00:00
82,user_82,B,45.714,True,2026-02-07T11:00:00
83,user_83,B,67.264,False,2026-01-31T15:00:00
84,user_84,C,40.115,False,2026-01-19T13:00:00
85,user_85,C,57.363,False,2026-01-21T08:00:00
86,user_86,C,8.61,False,2026-01-23T17:00:00
87,user_87,B,42.066,True,2026-02-06T20:00:00
88,user_88,D,76.285,True,2026-01-21T21:00:00
89,user_89,B,83.889,False,2026-01-27T04:00:00
90,user_90,B,34.09,False,2026-01-19T07:00:00
91,user_91,D,5.485,False,2026-01-13T11:00:00
92,user_92,B,16.877,True,2026-01-16T11:00:00
93,user_93,A,28.3,True,2026-01-17T12:00:00
94,user_94,C,49.484,False,2026-01-28T14:00:00
95,user_95,C,26.316,False,2026-01-05T15:00:00
96,user_96,A,37.038,False,2026-02-05T07:00:00
97,user_97,A,1.717,False,2026-01-14T23:00:00
98,user_98,B,41.415,False,2026-01-29T13:00:00
99,user_99,D,69.642,True,2026-01-28T09:00:00
100,user_100,B,44.89,False,2026-02-03T14:00:00
101,user_101,D,19.402,True,2026-01-23T10:00:00
102,user_102,B,93.033,False,2026-01-30T05:00:00
103,user_103,A,18.423,False,2026-01-27T16:00:00
104,user_104,D,86.833,False,2026-01-19T12:00:00
105,user_105,D,19.066,True,2026-01-13T23:00:00
106,user_106,A,15.09,False,2026-01-10T10:00:00
107,user_107,A,48.776,False,2026-02-06T08:00:00
108,user_108,C,66.031,True,2026-01-02T04:00:00
109,user_109,B,45.298,False,2026-01-15T01:00:00
110,user_110,C,50.815,False,2026-02-07T11:00:00
111,user_111,A,62.347,False,2026-02-07T06:00:00
112,user_112,D,48.333,True,2026-01-13T00:00:00
113,user_113,B,95.685,False,2026-01-12T04:00:00
114,user_114,D,15.132,False,2026-01-14T06:00:00
115,user_115,D,39.134,False,2026-02-03T02:00:00
116,user_116,C,12.773,True,2026-01-05T20:00:00
117,user_117,A,19.756,True,2026-01-09T15:00:00
118,user_118,D,62.004,True,2026-02-03T10:00:00
119,user_119,A,86.655,True,2026-01-22T09:00:00
120,user_120,C,35.477,False,2026-01-09T15:00:00
121,user_121,B,85.476,False,2026-01-18T03:00:00
122,user_122,D,38.014,True,2026-01-25T14:00:00
123,user_123,A,70.93,True,2026-02-04T06:00:00
124,user_124,D,11.092,False,2026-01-18T03:00:00
125,user_125,A,55.17,True,2026-01-30T17:00:00
126,user_126,C,3.864,True,2026-01-29T12:00:00
127,user_127,C,14.293,False,2026-01-31T01:00:00
128,user_128,D,30.431,True,2026-01-28T14:00:00
129,user_129,B,4.904,False,2026-01-26T12:00:00
130,user_130,D,87.241,True,2026-01-28T03:00:00
131,user_131,C,82.131,False,2026-01-20T15:00:00
132,user_132,D,93.182,False,2026-01-10T02:00:00
133,user_133,A,22.473,False,2026-01-23T15:00:00
134,user_134,D,44.614,True,2026-02-05T18:00:00
135,user_135,D,80.898,True,2026-02-08T01:00:00
136,user_136,A,27.619,False,2026-02-05T19:00:00
137,user_137,B,64.734,True,2026-01-17T20:00:00
138,user_138,C,34.526,False,2026-02-11T08:00:00
139,user_139,A,37.689,True,2026-01-24T14:00:00
140,user_140,C,67.537,False,2026-01-16T03:00:00
141,user_141,C,93.934,True,2026-01-20T11:00:00
142,user_142,D,80.997,True,2026-01-03T05:00:00
143,user_143,D,34.805,False,2026-01-20T22:00:00
144,user_144,B,6.922,False,2026-01-11T23:00:00
145,user_145,B,96.899,True,2026-01-31T21:00:00
146,user_146,B,34.022,True,2026-01-12T09:00:00
147,user_147,D,71.934,True,2026-01-07T16:00:00
148,user_148,A,5.737,True,2026-01-07T02:00:00
149,user_149,B,1.178,True,2026-01-22T00:00:00
150,user_150,A,64.159,True,2026-01-17T07:00:00
151,user_151,B,86.418,False,2026-01-21T09:00:00
152,user_152,D,43.261,True,2026-01-23T09:00:00
153,user_153,C,63.736,False,2026-01-28T09:00:00
154,user_154,B,70.293,True,2026-01-08T07:00:00
155,user_155,D,84.955,True,2026-01-03T19:00:00
156,user_156,C,9.092,False,2026-01-18T18:00:00
157,user_157,D,53.453,False,2026-01-06T11:00:00
158,user_158,A,44.229,True,2026-01-23T23:00:00
159,user_159,B,34.026,True,2026-02-04T15:00:00
160,user_160,D,37.069,False,2026-01-29T08:00:00
161,user_161,D,41.545,True,2026-01-15T23:00:00
162,user_162,B,17.203,True,2026-01-29T22:00:00
163,user_163,B,86.37,False,2026-01-26T16:00:00
164,user_164,B,28.879,True,2026-01-29T13:00:00
165,user_165,C,39.972,True,2026-01-10T13:00:00
166,user_166,A,58.481,False,2026-02-02T10:00:00
167,user_167,D,68.625,False,2026-01-10T22:00:00
168,user_168,A,49.053,False,2026-02-09T05:00:00
169,user_169,B,44.264,True,2026-02-10T22:00:00
170,user_170,B,36.664,False,2026-01-04T12:00:00
171,user_171,C,50.412,True,2026-01-06T06:00:00
172,user_172,C,23.33,True,2026-01-11T23:00:00
173,user_173,C,2.026,False,2026-02-02T00:00:00
174,user_174,D,91.516,False,2026-01-20T06:00:00
175,user_175,D,18.853,True,2026-01-01T13:00:00
176,user_176,A,40.052,False,2026-01-22T13:00:00
177,user_177,A,53.856,True,2026-01-21T14:00:00
178,user_178,A,33.588,True,2026-01-01T05:00:00
179,user_179,C,42.792,True,2026-01-01T00:00:00
180,user_180,D,39.223,False,2026-01-05T08:00:00
181,user_181,D,45.308,True,2026-01-30T14:00:00
182,user_182,C,76.861,True,2026-01-22T16:00:00
183,user_183,D,52.373,True,2026-01-18T06:00:00
184,user_184,D,86.956,True,2026-01-03T04:00:00
185,user_185,A,67.415,False,2026-01-21T13:00:00
186,user_186,A,51.603,False,2026-01-11T12:00:00
187,user_187,D,33.267,True,2026-01-30T00:00:00
188,user_188,A,7.734,True,2026-01-26T16:00:00
189,user_189,D,31.288,True,2026-01-29T16:00:00
190,user_190,D,62.182,True,2026-02-08T16:00:00
191,user_191,D,49.429,True,2026-01-07T03:00:00
192,user_192,B,13.154,False,2026-01-13T09:00:00
193,user_193,A,57.087,False,2026-01-10T06:00:00
194,user_194,C,29.234,False,2026-01-02T18:00:00
195,user_195,D,26.859,True,2026-01-15T15:00:00
196,user_196,B,30.883,False,2026-02-04T08:00:00
197,user_197,D,68.701,False,2026-01-19T00:00:00
198,user_198,B,66.4,True,2026-01-29T09:00:00
199,user_199,D,8.448,True,2026-01-03T14:00:00
200,user_200,A,20.79,True,2026-02-09T00:00:00
201,user_201,B,59.878,True,2026-01-12T07:00:00
202,user_202,B,8.703,True,2026-01-03T18:00:00
203,user_203,A,76.243,False,2026-02-11T11:00:00
204,user_204,D,74.265,True,2026-02-08T17:00:00
205,user_205,D,17.919,True,2026-01-24T00:00:00
206,user_206,A,98.635,False,2026-02-01T15:00:00
207,user_207,D,80.914,False,2026-01-30T02:00:00
208,user_208,D,11.669,True,2026-02-02T05:00:00
209,user_209,B,89.104,False,2026-02-06T04:00:00
210,user_210,B,28.963,True,2026-01-11T18:00:00
211,user_211,C,47.372,True,2026-01-01T19:00:00
212,user_212,C,13.916,False,2026-01-18T17:00:00
213,user_213,B,44.699,True,2026-01-22T05:00:00
214,user_214,A,81.977,False,2026-01-17T00:00:00
215,user_215,D,56.557,False,2026-01-09T03:00:00
216,user_216,C,7.416,True,2026-01-17T03:00:00
217,user_217,A,31.993,False,2026-01-13T01:00:00
218,user_218,D,54.36,True,2026-02-02T13:00:00
219,user_219,C,44.645,True,2026-02-03T07:00:00
220,user_220,A,48.302,True,2026-01-31T18:00:00
221,user_221,C,99.346,False,2026-01-01T09:00:00
222,user_222,C,49.433,True,2026-02-01T21:00:00
223,user_223,A,98.132,True,2026-01-26T17:00:00
224,user_224,D,5.846,True,2026-02-09T23:00:00
225,user_225,C,88.672,False,2026-01-26T05:00:00
226,user_226,B,41.641,False,2026-01-18T09:00:00
227,user_227,A,85.899,False,2026-01-05T07:00:00
228,user_228,A,91.985,True,2026-01-22T19:00:00
229,user_229,D,54.055,True,2026-01-23T22:00:00
230,user_230,A,10.274,False,2026-01-04T15:00:00
231,user_231,C,36.65,True,2026-01-14T13:00:00
232,user_232,D,7.13,False,2026-02-02T22:00:00
233,user_233,D,81.798,True,2026-01-04T14:00:00
234,user_234,B,97.926,True,2026-02-08T12:00:00
235,user_235,A,67.959,False,2026-01-07T19:00:00
236,user_236,B,38.146,False,2026-01-07T23:00:00
237,user_237,D,74.309,False,2026-01-24T08:00:00
238,user_238,C,99.691,True,2026-01-13T06:00:00
239,user_239,A,47.165,True,2026-01-09T09:00:00
240,user_240,C,9.603,False,2026-01-03T14:00:00
241,user_241,B,59.199,False,2026-01-11T20:00:00
242,user_242,A,85.613,False,2026-01-05T12:00:00
243,user_243,B,69.194,True,2026-01-19T14:00:00
244,user_244,D,79.344,False,2026-01-18T11:00:00
245,user_245,D,47.079,False,2026-01-28T02:00:00
246,user_246,A,77.467,True,2026-01-14T08:00:00
247,user_247,C,62.051,False,2026-01-01T08:00:00
248,user_248,D,17.546,False,2026-01-11T02:00:00
249,user_249,B,83.199,True,2026-01-26T13:00:00
250,user_250,B,34.53,True,2026-01-01T18:00:00
251,user_251,A,67.465,True,2026-01-28T17:00:00
252,user_252,A,42.902,False,2026-02-04T05:00:00
253,user_253,D,92.04,True,2026-01-26T18:00:00
254,user_254,A,37.521,False,2026-01-07T21:00:00
255,user_255,A,14.637,False,2026-02-06T03:00:00
256,user_256,A,38.2,True,2026-01-25T06:00:00
257,user_257,A,18.158,False,2026-01-23T20:00:00
258,user_258,D,86.933,True,2026-01-11T19:00:00
259,user_259,B,42.698,False,2026-01-28T04:00:00
260,user_260,D,50.104,True,2026-01-12T09:00:00
261,user_261,C,81.994,True,2026-01-12T14:00:00
262,user_262,D,89.284,False,2026-01-26T07:00:00
263,user_263,C,67.487,True,2026-01-17T03:00:00
264,user_264,D,58.029,False,2026-01-16T03:00:00
265,user_265,D,64.52,False,2026-01-01T19:00:00
266,user_266,A,81.955,False,2026-01-04T17:00:00
267,user_267,C,34.709,False,2026-02-05T11:00:00
268,user_268,B,84.22,False,2026-01-22T02:00:00
269,user_269,B,99.115,True,2026-02-01T06:00:00
270,user_270,B,38.88,True,2026-01-10T00:00:00
271,user_271,B,79.756,True,2026-01-10T10:00:00
272,user_272,B,82.365,False,2026-02-11T10:00:00
273,user_273,D,46.929,False,2026-01-04T05:00:00
274,user_274,D,79.473,False,2026-02-02T14:00:00
275,user_275,C,5.498,True,2026-02-10T01:00:00
276,user_276,C,9.993,True,2026-01-19T00:00:00
277,user_277,D,3.642,True,2026-01-25T09:00:00
278,user_278,C,85.952,True,2026-01-21T11:00:00
279,user_279,B,39.553,False,2026-01-31T09:00:00
280,user_280,A,73.395,False,2026-02-02T19:00:00
281,user_281,C,29.588,True,2026-01-02T15:00:00
282,user_282,A,85.645,False,2026-02-10T20:00:00
283,user_283,C,30.638,True,2026-01-11T06:00:00
284,user_284,A,68.891,False,2026-01-11T08:00:00
285,user_285,D,90.703,False,2026-01-29T21:00:00
286,user_286,D,41.645,False,2026-01-03T00:00:00
287,user_287,A,84.778,False,2026-02-07T20:00:00
288,user_288,D,69.771,True,2026-01-02T02:00:00
289,user_289,B,10.432,True,2026-02-11T07:00:00
290,user_290,A,41.2,True,2026-01-29T04:00:00
291,user_291,D,80.163,True,2026-02-01T23:00:00
292,user_292,D,95.287,False,2026-01-09T12:00:00
293,user_293,A,24.124,True,2026-01-24T10:00:00
294,user_294,C,26.788,False,2026-01-30T13:00:00
295,user_295,D,0.158,False,2026-02-03T18:00:00
296,user_296,D,69.269,True,2026-01-14T11:00:00
297,user_297,B,57.207,False,2026-02-08T05:00:00
298,user_298,D,73.443,False,2026-01-19T14:00:00
299,user_299,D,2.725,False,2026-01-23T01:00:00
300,user_300,A,66.44,True,2026-01-15T12:00:00
301,user_301,A,69.989,True,2026-01-04T10:00:00
302,user_302,A,91.905,False,2026-01-17T20:00:00
303,user_303,B,4.163,False,2026-01-28T04:00:00
304,user_304,A,62.255,True,2026-01-30T05:00:00
305,user_305,A,94.814,True,2026-01-14T16:00:00
306,user_306,B,62.186,False,2026-01-24T15:00:00
307,user_307,C,23.463,False,2026-01-18T01:00:00
308,user_308,C,40.88,False,2026-01-29T06:00:00
309,user_309,B,74.582,True,2026-01-03T20:00:00
310,user_310,D,87.462,False,2026-01-27T15:00:00
311,user_311,C,51.612,True,2026-01-16T11:00:00
312,user_312,C,61.834,False,2026-01-23T11:00:00
313,user_313,D,96.639,True,2026-02-05T05:00:00
314,user_314,D,65.417,True,2026-01-05T10:00:00
315,user_315,A,45.982,True,2026-02-04T16:00:00
316,user_316,A,10.464,False,2026-02-03T05:00:00
317,user_317,D,75.998,True,2026-01-06T01:00:00
318,user_318,B,90.639,False,2026-01-20T05:00:00
319,user_319,A,40.919,False,2026-02-11T09:00:00
320,user_320,B,32.364,True,2026-02-03T14:00:00
321,user_321,B,12.523,True,2026-01-29T18:00:00
322,user_322,B,43.321,True,2026-01-16T22:00:00
323,user_323,B,97.624,True,2026-01-16T20:00:00
324,user_324,B,59.637,True,2026-01-30T19:00:00
325,user_325,B,44.342,False,2026-01-31T03:00:00
326,user_326,B,0.337,True,2026-01-23T16:00:00
327,user_327,D,50.013,False,2026-01-16T06:00:00
328,user_328,C,29.857,True,2026-02-08T14:00:00
329,user_329,D,21.647,True,2026-01-15T23:00:00
330,user_330,A,34.135,False,2026-01-14T00:00:00
331,user_331,B,79.284,True,2026-01-04T19:00:00
332,user_332,D,59.67,False,2026-02-05T03:00:00
333,user_333,B,31.416,True,2026-01-18T04:00:00
334,user_334,C,83.654,True,2026-02-10T23:00:00
335,user_335,D,55.116,True,2026-01-13T19:00:00
336,user_336,C,65.71,True,2026-01-24T00:00:00
337,user_337,D,38.974,True,2026-01-10T19:00:00
338,user_338,A,82.544,True,2026-01-20T11:00:00
339,user_339,C,51.6,False,2026-01-18T13:00:00
340,user_340,C,40.592,True,2026-01-19T18:00:00
341,user_341,B,33.855,True,2026-01-16T23:00:00
342,user_342,C,67.146,False,2026-02-06T08:00:00
343,user_343,D,91.436,True,2026-01-15T07:00:00
344,user_344,C,96.222,True,2026-01-16T18:00:00
345,user_345,B,29.688,False,2026-02-02T16:00:00
346,user_346,A,60.332,True,2026-01-01T10:00:00
347,user_347,A,21.262,True,2026-01-16T08:00:00
348,user_348,B,88.901,True,2026-02-08T21:00:00
349,user_349,D,93.713,True,2026-01-11T08:00:00
350,user_350,B,61.066,False,2026-01-23T08:00:00
351,user_351,D,83.886,True,2026-01-12T04:00:00
352,user_352,B,7.985,True,2026-01-25T11:00:00
353,user_353,C,68.142,False,2026-01-22T08:00:00
354,user_354,C,76.268,True,2026-01-02T09:00:00
355,user_355,D,90.326,False,2026-01-14T03:00:00
356,user_356,C,84.935,True,2026-01-22T20:00:00
357,user_357,D,62.498,False,2026-01-02T22:00:00
358,user_358,D,15.536,True,2026-01-19T21:00:00
359,user_359,C,83.552,True,2026-01-01T10:00:00
360,user_360,C,23.254,False,2026-01-10T04:00:00
361,user_361,D,65.341,False,2026-02-01T17:00:00
362,user_362,D,5.76,True,2026-01-24T02:00:00
363,user_363,A,28.821,False,2026-02-05T11:00:00
364,user_364,C,50.828,True,2026-01-31T02:00:00
365,user_365,A,81.317,False,2026-02-04T16:00:00
366,user_366,A,1.99,False,2026-02-10T01:00:00
367,user_367,C,14.281,True,2026-01-11T16:00:00
368,user_368,A,77.875,False,2026-01-15T15:00:00
369,user_369,C,11.416,True,2026-01-11T01:00:00
370,user_370,D,15.665,False,2026-01-20T04:00:00
371,user_371,A,78.404,False,2026-02-08T21:00:00
372,user_372,C,21.816,False,2026-01-20T02:00:00
373,user_373,B,56.429,False,2026-02-11T02:00:00
374,user_374,D,33.352,True,2026-01-27T08:00:00
375,user_375,D,8.039,True,2026-02-01T00:00:00
376,user_376,C,87.481,False,2026-01-16T17:00:00
377,user_377,C,30.736,False,2026-01-22T13:00:00
378,user_378,C,42.404,False,2026-02-09T02:00:00
379,user_379,C,77.309,True,2026-01-03T00:00:00
380,user_380,C,82.548,True,2026-01-16T01:00:00
381,user_381,A,13.311,True,2026-02-01T21:00:00
382,user_382,D,30.226,True,2026-01-31T09:00:00
383,user_383,C,80.737,False,2026-01-13T08:00:00
384,user_384,D,64.651,False,2026-02-08T04:00:00
385,user_385,C,20.413,True,2026-02-07T14:00:00
386,user_386,B,88.098,False,2026-01-08T21:00:00
387,user_387,A,53.975,True,2026-02-04T07:00:00
388,user_388,C,64.843,True,2026-01-08T16:00:00
389,user_389,D,57.555,True,2026-01-14T19:00:00
390,user_390,A,15.147,False,2026-01-30T17:00:00
391,user_391,C,9.862,True,2026-01-25T21:00:00
392,user_392,B,43.858,True,2026-01-16T16:00:00
393,user_393,A,26.841,True,2026-01-30T13:00:00
394,user_394,C,90.587,True,2026-01-11T00:00:00
395,user_395,D,83.133,False,2026-02-11T12:00:00
396,user_396,C,97.35,True,2026-02-04T23:00:00
397,user_397,D,24.124,False,2026-01-21T20:00:00
398,user_398,C,38.219,True,2026-01-18T09:00:00
399,user_399,C,72.132,True,2026-01-25T18:00:00
400,user_400,D,35.046,False,2026-01-27T14:00:00
401,user_401,B,60.099,True,2026-01-09T09:00:00
402,user_402,D,91.696,True,2026-01-27T06:00:00
403,user_403,A,91.675,False,2026-01-14T09:00:00
404,user_404,B,26.195,True,2026-01-25T06:00:00
405,user_405,C,6.896,True,2026-01-26T07:00:00
406,user_406,C,68.568,True,2026-02-01T20:00:00
407,user_407,A,70.463,True,2026-01-26T22:00:00
408,user_408,C,19.625,True,2026-02-05T23:00:00
409,user_409,C,42.013,True,2026-01-10T11:00:00
410,user_410,D,45.158,True,2026-01-24T03:00:00
411,user_411,C,64.251,True,2026-01-18T11:00:00
412,user_412,D,88.307,True,2026-02-06T12:00:00
413,user_413,D,87.989,False,2026-01-13T03:00:00
414,user_414,A,11.252,True,2026-01-25T04:00:00
415,user_415,A,73.421,True,2026-01-04T16:00:00
416,user_416,C,51.139,False,2026-02-08T08:00:00
417,user_417,B,72.823,True,2026-01-05T09:00:00
418,user_418,C,10.415,True,2026-01-12T03:00:00
419,user_419,C,24.167,True,2026-02-04T00:00:00
420,user_420,B,31.944,False,2026-01-18T05:00:00
421,user_421,A,29.37,True,2026-01-15T04:00:00
422,user_422,C,66.337,False,2026-01-04T17:00:00
423,user_423,B,61.272,True,2026-01-18T18:00:00
424,user_424,D,44.493,True,2026-01-09T20:00:00
425,user_425,A,21.481,False,2026-01-27T14:00:00
426,user_426,C,95.531,True,2026-01-13T19:00:00
427,user_427,C,36.02,True,2026-01-01T00:00:00
428,user_428,B,85.68,False,2026-02-01T19:00:00
429,user_429,A,15.468,False,2026-01-16T23:00:00
430,user_430,B,57.423,True,2026-01-25T08:00:00
431,user_431,B,22.619,False,2026-01-12T02:00:00
432,user_432,D,77.67,False,2026-01-18T12:00:00
433,user_433,D,69.148,False,2026-01-05T21:00:00
434,user_434,A,1.768,True,2026-01-04T09:00:00
435,user_435,B,97.709,False,2026-01-26T19:00:00
436,user_436,C,55.99,True,2026-01-15T16:00:00
437,user_437,D,94.363,False,2026-01-01T08:00:00
438,user_438,A,90.197,True,2026-01-22T14:00:00
439,user_439,D,74.687,False,2026-01-15T17:00:00
440,user_440,D,77.274,False,2026-01-08T01:00:00
441,user_441,D,79.398,False,2026-02-10T14:00:00
442,user_442,B,15.458,True,2026-01-05T00:00:00
443,user_443,A,32.92,True,2026-02-04T09:00:00
444,user_444,C,73.854,True,2026-01-15T00:00:00
445,user_445,A,60.287,False,2026-01-07T12:00:00
446,user_446,A,2.275,True,2026-02-02T15:00:00
447,user_447,A,96.892,False,2026-01-23T22:00:00
448,user_448,A,99.992,False,2026-01-03T12:00:00
449,user_449,D,12.344,True,2026-01-18T22:00:00
450,user_450,C,46.021,False,2026-01-15T22:00:00
451,user_451,C,13.637,False,2026-01-17T23:00:00
452,user_452,D,41.395,False,2026-02-10T03:00:00
453,user_453,B,72.087,True,2026-02-07T10:00:00
454,user_454,A,16.572,False,2026-01-09T20:00:00
455,user_455,A,92.486,True,2026-01-11T01:00:00
456,user_456,B,12.991,True,2026-02-09T10:00:00
457,user_457,C,75.809,False,2026-01-04T17:00:00
458,user_458,B,84.539,True,2026-02-06T15:00:00
459,user_459,B,50.433,False,2026-01-11T17:00:00
460,user_460,A,82.439,True,2026-01-04T20:00:00
461,user_461,C,89.664,False,2026-01-20T16:00:00
462,user_462,A,33.322,True,2026-01-25T10:00:00
463,user_463,B,70.023,False,2026-01-26T05:00:00
464,user_464,C,58.247,False,2026-01-04T18:00:00
465,user_465,C,24.199,False,2026-01-28T21:00:00
466,user_466,C,19.636,False,2026-01-12T00:00:00
467,user_467,D,96.393,False,2026-01-13T22:00:00
468,user_468,A,6.942,True,2026-01-08T00:00:00
469,user_469,A,42.186,True,2026-02-06T23:00:00
470,user_470,A,80.078,True,2026-02-02T13:00:00
471,user_471,C,83.319,False,2026-01-24T20:00:00
472,user_472,B,55.427,False,2026-02-05T16:00:00
473,user_473,A,89.434,False,2026-02-03T13:00:00
474,user_474,C,52.724,False,2026-02-06T07:00:00
475,user_475,D,29.878,False,2026-01-10T15:00:00
476,user_476,D,91.348,True,2026-01-19T05:00:00
477,user_477,B,53.769,True,2026-01-19T07:00:00
478,user_478,C,28.895,False,2026-01-05T10:00:00
479,user_479,D,60.802,False,2026-01-08T21:00:00
480,user_480,C,11.175,True,2026-01-08T16:00:00
481,user_481,A,38.572,False,2026-02-06T08:00:00
482,user_482,B,17.227,False,2026-01-21T13:00:00
483,user_483,D,51.062,True,2026-01-12T22:00:00
484,user_484,A,36.961,True,2026-01-24T22:00:00
485,user_485,D,31.915,False,2026-01-20T19:00:00
486,user_486,C,2.617,False,2026-02-04T10:00:00
487,user_487,B,20.613,False,2026-01-20T21:00:00
488,user_488,D,27.232,False,2026-01-07T12:00:00
489,user_489,D,50.572,True,2026-01-19T16:00:00
490,user_490,B,72.843,True,2026-01-06T00:00:00
491,user_491,C,94.418,True,2026-02-11T14:00:00
492,user_492,D,51.912,True,2026-01-16T07:00:00
493,user_493,C,35.228,False,2026-02-10T16:00:00
494,user_494,B,33.171,False,2026-01-23T02:00:00
495,user_495,D,0.394,True,2026-02-03T10:00:00
496,user_496,D,66.8,True,2026-01-27T14:00:00
497,user_497,A,48.566,False,2026-02-02T19:00:00
498,user_498,C,5.296,True,2026-01-24T19:00:00
499,user_499,D,54.364,True,2026-01-30T02:00:00
500,user_500,A,99.044,True,2026-02-07T10:00:00
501,user_501,B,12.886,False,2026-01-21T15:00:00
502,user_502,C,50.955,True,2026-01-05T09:00:00
503,user_503,B,63.267,True,2026-01-16T14:00:00
504,user_504,C,16.847,True,2026-01-02T03:00:00
505,user_505,D,2.013,False,2026-01-30T18:00:00
506,user_506,B,23.085,True,2026-02-11T05:00:00
507,user_507,D,32.848,False,2026-01-06T20:00:00
508,user_508,A,8.816,False,2026-02-03T17:00:00
509,user_509,B,34.681,False,2026-01-03T13:00:00
510,user_510,A,28.252,True,2026-01-31T13:00:00
511,user_511,B,1.724,False,2026-01-19T02:00:00
512,user_512,A,12.331,True,2026-01-02T04:00:00
513,user_513,D,45.895,False,2026-01-23T12:00:00
514,user_514,D,88.917,True,2026-02-08T02:00:00
515,user_515,A,30.71,True,2026-01-03T17:00:00
516,user_516,D,94.41,False,2026-01-03T12:00:00
517,user_517,C,82.534,False,2026-02-09T11:00:00
518,user_518,B,78.281,False,2026-02-07T14:00:00
519,user_519,D,74.488,True,2026-01-18T05:00:00
520,user_520,D,88.393,True,2026-01-29T14:00:00
521,user_521,D,0.321,False,2026-01-15T15:00:00
522,user_522,C,38.511,False,2026-01-23T17:00:00
523,user_523,B,85.287,True,2026-02-06T09:00:00
524,user_524,C,98.599,False,2026-01-20T11:00:00
525,user_525,D,78.058,False,2026-01-31T00:00:00
526,user_526,C,45.051,False,2026-01-26T16:00:00
527,user_527,A,22.422,True,2026-01-12T12:00:00
528,user_528,B,22.25,False,2026-01-21T19:00:00
529,user_529,B,2.389,False,2026-01-25T03:00:00
530,user_530,C,50.652,False,2026-02-01T23:00:00
531,user_531,B,12.938,False,2026-01-22T19:00:00
532,user_532,B,76.234,False,2026-02-04T18:00:00
533,user_533,C,90.72,True,2026-01-18T14:00:00
534,user_534,C,99.34,False,2026-01-05T13:00:00
535,user_535,A,64.718,True,2026-01-10T18:00:00
536,user_536,D,14.085,False,2026-01-15T11:00:00
537,user_537,B,76.844,False,2026-01-12T17:00:00
538,user_538,A,81.397,False,2026-01-29T02:00:00
539,user_539,A,28.627,False,2026-01-25T12:00:00
540,user_540,B,32.943,True,2026-02-02T08:00:00
541,user_541,C,71.915,True,2026-01-23T03:00:00
542,user_542,B,76.209,False,2026-02-05T13:00:00
543,user_543,D,18.472,True,2026-01-07T16:00:00
544,user_544,A,10.717,True,2026-01-22T02:00:00
545,user_545,A,69.137,True,2026-02-11T02:00:00
546,user_546,B,29.498,True,2026-02-10T07:00:00
547,user_547,C,80.992,False,2026-01-11T07:00:00
548,user_548,B,4.299,True,2026-01-09T14:00:00
549,user_549,D,27.589,True,2026-01-19T07:00:00
550,user_550,A,72.339,False,2026-02-02T08:00:00
551,user_551,D,4.513,False,2026-01-23T20:00:00
552,user_552,A,16.264,False,2026-02-10T06:00:00
553,user_553,D,42.883,False,2026-02-03T22:00:00
554,user_554,A,16.109,False,2026-01-25T02:00:00
555,user_555,B,47.499,True,2026-01-30T05:00:00
556,user_556,B,54.804,False,2026-02-08T19:00:00
557,user_557,D,4.075,False,2026-01-28T16:00:00
558,user_558,C,20.702,False,2026-02-07T01:00:00
559,user_559,D,37.962,True,2026-01-10T23:00:00
560,user_560,B,14.401,True,2026-01-08T16:00:00
561,user_561,C,9.045,True,2026-01-23T11:00:00
562,user_562,C,56.786,True,2026-01-04T12:00:00
563,user_563,D,65.075,False,2026-01-27T09:00:00
564,user_564,C,8.294,True,2026-01-08T10:00:00
565,user_565,D,72.579,False,2026-01-21T00:00:00
566,user_566,A,8.087,False,2026-01-06T02:00:00
567,user_567,B,8.514,True,2026-02-04T19:00:00
568,user_568,A,64.513,True,2026-01-04T00:00:00
569,user_569,D,99.426,False,2026-01-08T06:00:00
570,user_570,A,67.979,True,2026-02-08T09:00:00
571,user_571,C,11.059,True,2026-01-03T13:00:00
572,user_572,D,45.702,True,2026-02-02T01:00:00
573,user_573,B,25.125,False,2026-02-01T05:00:00
574,user_574,B,27.921,True,2026-02-06T17:00:00
575,user_575,D,69.475,False,2026-01-01T11:00:00
576,user_576,C,48.942,True,2026-01-30T22:00:00
577,user_577,C,69.207,False,2026-01-05T17:00:00
578,user_578,D,54.485,False,2026-02-08T23:00:00
579,user_579,A,20.477,True,2026-01-24T04:00:00
580,user_580,B,66.09,True,2026-01-07T04:00:00
581,user_581,B,86.858,False,2026-02-08T21:00:00
582,user_582,D,10.345,False,2026-01-11T19:00:00
583,user_583,A,77.17,True,2026-01-26T06:00:00
584,user_584,B,79.581,False,2026-02-06T19:00:00
585,user_585,B,68.401,False,2026-01-30T05:00:00
586,user_586,A,63.972,True,2026-01-20T01:00:00
587,user_587,B,51.397,True,2026-01-17T15:00:00
588,user_588,C,61.144,True,2026-02-05T10:00:00
589,user_589,B,34.515,False,2026-02-09T06:00:00
590,user_590,B,98.291,False,2026-01-12T02:00:00
591,user_591,C,75.436,True,2026-01-08T22:00:00
592,user_592,D,51.258,True,2026-01-28T08:00:00
593,user_593,A,78.211,False,2026-02-07T05:00:00
594,user_594,B,5.585,True,2026-02-07T07:00:00
595,user_595,D,98.657,True,2026-01-09T21:00:00
596,user_596,B,14.264,True,2026-01-07T14:00:00
597,user_597,C,65.927,False,2026-02-07T21:00:00
598,user_598,B,13.909,True,2026-02-07T04:00:00
599,user_599,D,32.813,False,2026-01-04T14:00:00
600,user_600,C,55.991,True,2026-01-27T20:00:00
601,user_601,D,15.251,True,2026-01-05T02:00:00
602,user_602,C,56.261,False,2026-01-18T23:00:00
603,user_603,C,30.948,False,2026-01-14T12:00:00
604,user_604,B,97.112,False,2026-01-08T07:00:00
605,user_605,A,7.544,False,2026-01-28T16:00:00
606,user_606,A,87.77,True,2026-01-31T00:00:00
607,user_607,C,36.521,False,2026-01-02T16:00:00
608,user_608,C,4.093,False,2026-01-15T12:00:00
609,user_609,C,84.337,True,2026-02-06T20:00:00
610,user_610,A,10.188,False,2026-01-09T17:00:00
611,user_611,D,2.274,True,2026-01-31T17:00:00
612,user_612,D,58.269,False,2026-01-07T02:00:00
613,user_613,C,73.425,True,2026-01-27T14:00:00
614,user_614,B,83.903,True,2026-01-11T09:00:00
615,user_615,D,29.757,False,2026-01-19T07:00:00
616,user_616,C,43.036,False,2026-01-06T21:00:00
617,user_617,D,61.482,True,2026-01-26T02:00:00
618,user_618,B,36.497,True,2026-01-04T00:00:00
619,user_619,B,93.962,False,2026-02-07T02:00:00
620,user_620,D,57.583,True,2026-01-21T19:00:00
621,user_621,A,31.008,False,2026-01-20T20:00:00
622,user_622,B,67.066,True,2026-01-11T06:00:00
623,user_623,B,72.117,True,2026-01-22T13:00:00
624,user_624,C,97.755,False,2026-01-16T17:00:00
625,user_625,D,38.328,False,2026-01-05T12:00:00
626,user_626,D,85.604,True,2026-02-06T03:00:00
627,user_627,B,59.126,False,2026-01-19T14:00:00
628,user_628,C,50.367,True,2026-01-18T16:00:00
629,user_629,C,58.676,False,2026-01-18T02:00:00
630,user_630,D,93.066,False,2026-02-08T05:00:00
631,user_631,A,75.714,True,2026-01-15T06:00:00
632,user_632,B,92.314,False,2026-01-06T12:00:00
633,user_633,C,66.281,True,2026-02-06T10:00:00
634,user_634,A,91.549,True,2026-01-24T10:00:00
635,user_635,B,10.658,True,2026-02-08T05:00:00
636,user_636,D,8.304,True,2026-01-24T22:00:00
637,user_637,A,46.712,True,2026-01-04T18:00:00
638,user_638,D,24.223,True,2026-01-11T06:00:00
639,user_639,D,33.712,False,2026-01-21T14:00:00
640,user_640,A,40.08,False,2026-02-08T00:00:00
641,user_641,C,20.584,True,2026-01-01T00:00:00
642,user_642,B,85.552,True,2026-01-06T01:00:00
643,user_643,B,53.122,True,2026-01-17T14:00:00
644,user_644,C,39.804,False,2026-01-02T21:00:00
645,user_645,D,49.389,False,2026-02-01T19:00:00
646,user_646,D,0.682,False,2026-01-30T00:00:00
647,user_647,A,21.014,True,2026-01-07T11:00:00
648,user_648,A,94.236,False,2026-01-10T11:00:00
649,user_649,C,23.082,True,2026-01-20T07:00:00
650,user_650,A,3.097,True,2026-02-03T12:00:00
651,user_651,B,66.685,False,2026-02-07T19:00:00
652,user_652,C,82.35,True,2026-01-20T16:00:00
653,user_653,A,42.631,True,2026-02-08T01:00:00
654,user_654,D,69.893,True,2026-02-08T15:00:00
655,user_655,C,73.6,True,2026-01-14T18:00:00
656,user_656,A,27.561,True,2026-02-01T18:00:00
657,user_657,B,70.813,True,2026-01-04T10:00:00
658,user_658,C,4.891,True,2026-01-26T16:00:00
659,user_659,B,82.494,False,2026-01-10T00:00:00
660,user_660,C,66.37,True,2026-01-16T20:00:00
661,user_661,D,19.475,True,2026-01-11T04:00:00
662,user_662,B,33.234,True,2026-01-27T02:00:00
663,user_663,A,2.994,True,2026-02-05T00:00:00
664,user_664,B,1.302,True,2026-01-07T07:00:00
665,user_665,C,42.699,True,2026-01-21T16:00:00
666,user_666,C,89.261,False,2026-01-05T10:00:00
667,user_667,A,41.98,True,2026-01-27T23:00:00
668,user_668,C,49.547,False,2026-01-10T06:00:00
669,user_669,A,64.493,False,2026-01-26T22:00:00
670,user_670,C,58.412,True,2026-01-24T17:00:00
671,user_671,D,9.776,False,2026-01-20T21:00:00
672,user_672,A,59.071,False,2026-01-08T04:00:00
673,user_673,D,29.105,True,2026-02-08T11:00:00
674,user_674,A,3.375,True,2026-02-06T10:00:00
675,user_675,C,2.886,False,2026-01-17T17:00:00
676,user_676,C,37.745,False,2026-02-09T17:00:00
677,user_677,A,83.558,False,2026-01-27T04:00:00
678,user_678,D,2.661,True,2026-01-01T00:00:00
679,user_679,C,97.876,False,2026-01-29T06:00:00
680,user_680,B,31.376,False,2026-01-25T15:00:00
681,user_681,A,22.796,False,2026-01-06T16:00:00
682,user_682,A,51.856,False,2026-01-06T14:00:00
683,user_683,C,7.635,False,2026-01-22T16:00:00
684,user_684,B,13.695,True,2026-01-08T23:00:00
685,user_685,C,72.801,False,2026-02-01T18:00:00
686,user_686,D,59.703,False,2026-01-22T21:00:00
687,user_687,C,39.949,False,2026-01-08T07:00:00
688,user_688,C,58.994,False,2026-02-05T02:00:00
689,user_689,C,31.056,True,2026-01-30T08:00:00
690,user_690,B,60.412,True,2026-01-20T06:00:00
691,user_691,A,57.726,False,2026-01-02T18:00:00
692,user_692,C,66.018,True,2026-02-03T17:00:00
693,user_693,A,5.194,True,2026-01-28T23:00:00
694,user_694,A,70.088,False,2026-02-10T22:00:00
695,user_695,C,51.073,False,2026-02-04T02:00:00
696,user_696,C,92.678,False,2026-01-01T16:00:00
697,user_697,B,84.31,False,2026-01-05T09:00:00
698,user_698,C,49.114,False,2026-02-10T09:00:00
699,user_699,D,63.431,False,2026-01-20T00:00:00
700,user_700,D,46.729,True,2026-01-15T11:00:00
701,user_701,D,60.643,True,2026-01-11T12:00:00
702,user_702,A,30.346,False,2026-01-08T03:00:00
703,user_703,A,50.182,False,2026-01-28T00:00:00
704,user_704,B,2.993,False,2026-01-02T12:00:00
705,user_705,C,55.823,True,2026-01-30T03:00:00
706,user_706,C,47.235,True,2026-02-09T06:00:00
707,user_707,C,23.603,True,2026-02-02T21:00:00
708,user_708,D,82.863,False,2026-01-11T00:00:00
709,user_709,A,82.164,True,2026-01-14T20:00:00
710,user_710,A,48.455,True,2026-01-10T15:00:00
711,user_711,B,97.747,True,2026-02-11T11:00:00
712,user_712,A,46.272,False,2026-02-11T05:00:00
713,user_713,C,48.641,False,2026-02-04T09:00:00
714,user_714,B,69.886,False,2026-01-28T22:00:00
715,user_715,D,65.994,True,2026-01-24T02:00:00
716,user_716,B,30.899,False,2026-01-18T02:00:00
717,user_717,B,94.007,False,2026-01-21T01:00:00
718,user_718,B,90.477,True,2026-01-18T07:00:00
719,user_719,A,6.367,False,2026-01-07T14:00:00
720,user_720,D,15.361,False,2026-01-25T06:00:00
721,user_721,D,68.995,False,2026-01-27T05:00:00
722,user_722,B,49.431,False,2026-02-05T01:00:00
723,user_723,C,13.786,False,2026-02-06T04:00:00
724,user_724,D,39.082,False,2026-01-26T07:00:00
725,user_725,B,40.09,True,2026-02-09T07:00:00
726,user_726,D,57.815,False,2026-02-09T22:00:00
727,user_727,B,77.616,False,2026-02-07T12:00:00
728,user_728,A,35.853,False,2026-01-26T01:00:00
729,user_729,A,66.73,True,2026-01-16T07:00:00
730,user_730,C,66.413,False,2026-01-11T18:00:00
731,user_731,A,53.567,True,2026-01-14T10:00:00
732,user_732,A,59.375,True,2026-02-04T09:00:00
733,user_733,C,16.022,True,2026-01-05T13:00:00
734,user_734,B,47.568,True,2026-01-27T17:00:00
735,user_735,A,43.205,False,2026-02-04T01:00:00
736,user_736,C,56.532,True,2026-01-23T14:00:00
737,user_737,D,52.962,True,2026-01-24T15:00:00
738,user_738,D,0.279,False,2026-01-06T22:00:00
739,user_739,A,51.309,False,2026-01-13T08:00:00
740,user_740,D,48.589,True,2026-02-07T13:00:00
741,user_741,B,25.508,True,2026-01-30T03:00:00
742,user_742,B,43.25,False,2026-02-06T22:00:00
743,user_743,B,9.099,False,2026-01-22T23:00:00
744,user_744,D,87.284,False,2026-01-11T00:00:00
745,user_745,A,87.744,True,2026-01-08T00:00:00
746,user_746,C,91.988,False,2026-01-31T00:00:00
747,user_747,C,78.686,False,2026-01-31T02:00:00
748,user_748,B,86.855,True,2026-01-03T16:00:00
749,user_749,C,63.182,True,2026-01-30T22:00:00
750,user_750,A,74.073,False,2026-01-22T04:00:00
751,user_751,C,46.135,False,2026-01-14T08:00:00
752,user_752,B,63.872,True,2026-01-03T07:00:00
753,user_753,A,6.38,False,2026-02-09T19:00:00
754,user_754,B,57.115,True,2026-01-29T04:00:00
755,user_755,B,33.722,False,2026-01-12T00:00:00
756,user_756,C,7.646,True,2026-01-07T03:00:00
757,user_757,C,44.2,False,2026-02-08T20:00:00
758,user_758,D,79.115,False,2026-01-25T14:00:00
759,user_759,B,84.006,False,2026-02-03T19:00:00
760,user_760,D,12.192,False,2026-01-19T15:00:00
761,user_761,A,6.751,False,2026-01-05T04:00:00
762,user_762,B,38.787,False,2026-02-02T03:00:00
763,user_763,A,38.717,True,2026-02-06T02:00:00
764,user_764,B,85.335,True,2026-01-03T07:00:00
765,user_765,D,58.743,True,2026-01-14T22:00:00
766,user_766,A,78.954,True,2026-01-28T21:00:00
767,user_767,A,16.114,False,2026-01-18T12:00:00
768,user_768,B,5.21,True,2026-01-19T14:00:00
769,user_769,D,95.253,True,2026-01-15T12:00:00
770,user_770,A,2.127,False,2026-01-22T15:00:00
771,user_771,D,69.358,True,2026-01-02T03:00:00
772,user_772,D,41.135,True,2026-01-25T07:00:00
773,user_773,B,42.307,False,2026-01-24T21:00:00
774,user_774,A,95.713,True,2026-01-21T05:00:00
775,user_775,B,67.463,False,2026-01-06T18:00:00
776,user_776,C,81.027,True,2026-01-23T14:00:00
777,user_777,D,30.479,True,2026-01-03T20:00:00
778,user_778,A,1.506,False,2026-01-30T23:00:00
779,user_779,C,31.805,False,2026-02-09T10:00:00
780,user_780,C,81.488,False,2026-01-24T02:00:00
781,user_781,D,24.907,False,2026-02-02T11:00:00
782,user_782,C,21.663,True,2026-01-23T17:00:00
783,user_783,D,35.114,True,2026-01-20T04:00:00
784,user_784,D,41.993,True,2026-02-08T03:00:00
785,user_785,C,79.928,True,2026-01-24T18:00:00
786,user_786,B,15.201,True,2026-02-01T18:00:00
787,user_787,D,45.027,False,2026-01-21T17:00:00
788,user_788,C,64.375,False,2026-02-01T04:00:00
789,user_789,D,25.095,True,2026-01-30T19:00:00
790,user_790,A,41.642,False,2026-01-19T17:00:00
791,user_791,A,13.361,False,2026-01-26T02:00:00
792,user_792,C,24.958,True,2026-02-07T11:00:00
793,user_793,C,56.848,True,2026-01-21T17:00:00
794,user_794,D,37.407,True,2026-02-04T13:00:00
795,user_795,A,43.978,True,2026-01-19T19:00:00
796,user_796,D,88.761,True,2026-01-17T12:00:00
797,user_797,B,9.523,True,2026-02-03T05:00:00
798,user_798,D,62.657,False,2026-01-04T11:00:00
799,user_799,B,52.085,False,2026-01-03T10:00:00
800,user_800,D,15.962,True,2026-01-22T13:00:00
801,user_801,A,38.379,False,2026-01-31T13:00:00
802,user_802,B,16.263,True,2026-01-19T04:00:00
803,user_803,D,24.144,False,2026-01-28T19:00:00
804,user_804,D,59.055,True,2026-01-11T23:00:00
805,user_805,A,77.173,False,2026-01-21T23:00:00
806,user_806,A,71.985,False,2026-01-04T17:00:00
807,user_807,A,40.154,True,2026-02-07T18:00:00
808,user_808,D,80.12,True,2026-01-21T11:00:00
809,user_809,B,69.616,False,2026-02-01T20:00:00
810,user_810,C,15.922,True,2026-01-25T02:00:00
811,user_811,D,52.744,True,2026-02-08T12:00:00
812,user_812,D,47.617,True,2026-01-15T08:00:00
813,user_813,B,58.055,False,2026-01-26T14:00:00
814,user_814,B,22.735,False,2026-01-05T11:00:00
815,user_815,D,33.792,False,2026-01-25T22:00:00
816,user_816,B,32.646,True,2026-02-08T00:00:00
817,user_817,A,97.544,False,2026-01-09T01:00:00
818,user_818,D,0.223,True,2026-02-04T19:00:00
819,user_819,C,63.781,True,2026-01-21T01:00:00
820,user_820,D,59.147,True,2026-02-04T12:00:00
821,user_821,D,32.361,False,2026-01-30T16:00:00
822,user_822,C,48.953,False,2026-01-16T16:00:00
823,user_823,C,88.641,True,2026-01-06T05:00:00
824,user_824,D,28.956,True,2026-02-08T09:00:00
825,user_825,D,48.005,False,2026-02-05T16:00:00
826,user_826,C,13.572,True,2026-01-17T18:00:00
827,user_827,C,73.656,False,2026-01-22T03:00:00
828,user_828,C,7.798,True,2026-02-05T16:00:00
829,user_829,D,15.682,False,2026-01-09T09:00:00
830,user_830,B,35.727,True,2026-01-31T15:00:00
831,user_831,D,48.9,True,2026-01-08T05:00:00
832,user_832,B,60.566,False,2026-02-10T00:00:00
833,user_833,D,0.396,False,2026-02-07T17:00:00
834,user_834,A,83.085,False,2026-02-03T07:00:00
835,user_835,D,71.828,False,2026-01-18T10:00:00
836,user_836,B,36.106,False,2026-01-03T00:00:00
837,user_837,C,47.549,True,2026-01-10T23:00:00
838,user_838,A,30.608,False,2026-02-11T09:00:00
839,user_839,B,97.937,False,2026-01-17T02:00:00
840,user_840,A,43.031,False,2026-02-03T13:00:00
841,user_841,C,5.504,True,2026-01-23T07:00:00
842,user_842,D,75.566,True,2026-01-14T04:00:00
843,user_843,A,30.7,True,2026-01-27T22:00:00
844,user_844,B,39.871,True,2026-01-12T00:00:00
845,user_845,D,92.411,False,2026-01-03T16:00:00
846,user_846,A,5.643,False,2026-01-02T03:00:00
847,user_847,A,47.725,True,2026-01-31T16:00:00
848,user_848,A,88.042,True,2026-01-04T22:00:00
849,user_849,C,54.408,False,2026-01-05T01:00:00
850,user_850,C,35.407,True,2026-01-08T23:00:00
851,user_851,C,60.839,False,2026-01-24T02:00:00
852,user_852,A,81.451,False,2026-01-25T22:00:00
853,user_853,C,24.154,True,2026-01-31T13:00:00
854,user_854,B,99.081,False,2026-01-11T03:00:00
855,user_855,D,80.562,False,2026-01-16T17:00:00
856,user_856,D,3.557,True,2026-02-09T00:00:00
857,user_857,A,43.939,True,2026-01-24T06:00:00
858,user_858,B,48.687,False,2026-02-08T15:00:00
859,user_859,C,31.599,False,2026-02-06T21:00:00
860,user_860,A,98.644,True,2026-02-05T14:00:00
861,user_861,B,66.009,False,2026-01-28T01:00:00
862,user_862,B,88.045,True,2026-01-31T16:00:00
863,user_863,C,12.422,True,2026-01-26T01:00:00
864,user_864,C,54.133,False,2026-01-23T23:00:00
865,user_865,C,47.889,True,2026-01-01T22:00:00
866,user_866,B,72.609,True,2026-01-05T02:00:00
867,user_867,C,39.65,True,2026-02-07T12:00:00
868,user_868,D,89.544,False,2026-02-05T00:00:00
869,user_869,C,87.147,True,2026-01-28T16:00:00
870,user_870,D,13.734,True,2026-02-04T22:00:00
871,user_871,C,34.125,False,2026-02-06T06:00:00
872,user_872,C,26.887,True,2026-01-29T14:00:00
873,user_873,B,36.075,True,2026-01-20T23:00:00
874,user_874,C,76.475,True,2026-02-10T00:00:00
875,user_875,B,18.476,False,2026-01-27T16:00:00
876,user_876,B,5.904,False,2026-02-09T18:00:00
877,user_877,A,54.684,False,2026-01-31T01:00:00
878,user_878,C,78.578,True,2026-02-08T19:00:00
879,user_879,C,10.184,True,2026-01-08T14:00:00
880,user_880,D,83.501,False,2026-01-31T04:00:00
881,user_881,C,16.08,False,2026-01-13T23:00:00
882,user_882,A,6.454,True,2026-01-11T12:00:00
883,user_883,A,56.783,True,2026-01-22T00:00:00
884,user_884,B,74.471,True,2026-01-02T21:00:00
885,user_885,D,0.149,False,2026-01-19T15:00:00
886,user_886,A,31.503,True,2026-01-13T22:00:00
887,user_887,C,13.233,False,2026-01-04T11:00:00
888,user_888,B,54.268,True,2026-01-04T12:00:00
889,user_889,C,77.55,False,2026-02-08T22:00:00
890,user_890,A,57.048,False,2026-01-23T14:00:00
891,user_891,D,26.081,False,2026-01-18T02:00:00
892,user_892,D,24.669,True,2026-02-01T14:00:00
893,user_893,B,65.478,True,2026-01-01T12:00:00
894,user_894,D,83.486,False,2026-01-07T01:00:00
895,user_895,B,55.877,False,2026-01-04T09:00:00
896,user_896,C,64.863,False,2026-01-01T12:00:00
897,user_897,B,44.501,False,2026-01-17T05:00:00
898,user_898,B,63.099,False,2026-01-27T15:00:00
899,user_899,A,96.755,False,2026-01-02T06:00:00
900,user_900,B,80.645,False,2026-01-08T01:00:00
901,user_901,C,0.812,False,2026-01-11T21:00:00
902,user_902,D,53.365,False,2026-01-20T12:00:00
903,user_903,D,51.121,False,2026-02-01T23:00:00
904,user_904,A,8.557,False,2026-01-09T06:00:00
905,user_905,C,82.42,True,2026-01-08T03:00:00
906,user_906,B,42.96,False,2026-01-23T17:00:00
907,user_907,B,69.956,False,2026-01-29T19:00:00
908,user_908,B,25.974,True,2026-01-31T16:00:00
909,user_909,C,94.786,True,2026-01-26T20:00:00
910,user_910,C,33.511,False,2026-02-06T13:00:00
911,user_911,C,67.267,True,2026-01-19T18:00:00
912,user_912,A,35.802,True,2026-01-20T18:00:00
913,user_913,D,11.32,False,2026-01-31T13:00:00
914,user_914,D,2.524,False,2026-01-28T21:00:00
915,user_915,B,87.992,True,2026-01-24T10:00:00
916,user_916,C,57.975,True,2026-01-07T16:00:00
917,user_917,A,59.124,False,2026-01-17T04:00:00
918,user_918,C,14.034,False,2026-01-10T14:00:00
919,user_919,D,31.107,True,2026-01-25T12:00:00
920,user_920,D,72.731,True,2026-01-16T09:00:00
921,user_921,D,38.573,True,2026-01-02T05:00:00
922,user_922,A,48.426,True,2026-01-23T12:00:00
923,user_923,A,21.593,False,2026-01-24T20:00:00
924,user_924,C,6.66,True,2026-02-03T14:00:00
925,user_925,A,51.708,False,2026-01-04T15:00:00
926,user_926,A,80.096,True,2026-01-13T12:00:00
927,user_927,C,3.736,True,2026-02-05T22:00:00
928,user_928,A,14.342,True,2026-02-06T09:00:00
929,user_929,D,89.025,True,2026-02-08T01:00:00
930,user_930,A,77.657,False,2026-01-21T15:00:00
931,user_931,C,78.334,True,2026-02-10T05:00:00
932,user_932,C,89.484,True,2026-01-13T08:00:00
933,user_933,A,80.9,True,2026-01-22T16:00:00
934,user_934,B,30.827,False,2026-01-22T03:00:00
935,user_935,A,58.164,True,2026-02-01T17:00:00
936,user_936,D,97.752,True,2026-01-02T20:00:00
937,user_937,C,29.724,False,2026-01-27T13:00:00
938,user_938,A,57.714,False,2026-01-21T09:00:00
939,user_939,D,76.746,False,2026-01-05T23:00:00
940,user_940,C,61.999,False,2026-01-21T12:00:00
941,user_941,A,58.073,False,2026-01-04T15:00:00
942,user_942,B,41.124,True,2026-01-17T19:00:00
943,user_943,A,60.181,False,2026-02-10T14:00:00
944,user_944,C,21.597,True,2026-01-20T00:00:00
945,user_945,C,23.02,True,2026-01-15T05:00:00
946,user_946,A,10.265,True,2026-01-01T00:00:00
947,user_947,A,65.576,True,2026-01-23T09:00:00
948,user_948,B,37.293,True,2026-02-10T11:00:00
949,user_949,A,89.069,True,2026-01-23T07:00:00
950,user_950,C,11.197,False,2026-01-10T00:00:00
951,user_951,D,2.377,True,2026-01-05T07:00:00
952,user_952,C,25.182,True,2026-01-28T11:00:00
953,user_953,D,35.042,True,2026-02-06T06:00:00
954,user_954,D,67.534,True,2026-01-03T02:00:00
955,user_955,B,26.467,False,2026-01-23T03:00:00
956,user_956,B,90.535,False,2026-01-27T02:00:00
957,user_957,B,72.014,False,2026-02-05T14:00:00
958,user_958,A,98.5,True,2026-01-09T10:00:00
959,user_959,B,96.663,False,2026-01-09T16:00:00
960,user_960,C,80.969,True,2026-02-07T02:00:00
961,user_961,B,88.59,True,2026-02-01T23:00:00
962,user_962,D,33.66,False,2026-02-08T08:00:00
963,user_963,C,40.332,False,2026-01-07T07:00:00
964,user_964,C,81.409,False,2026-01-29T12:00:00
965,user_965,C,47.076,False,2026-01-04T10:00:00
966,user_966,D,39.607,True,2026-01-31T19:00:00
967,user_967,B,8.739,False,2026-01-13T02:00:00
968,user_968,C,31.314,True,2026-02-05T13:00:00
969,user_969,C,24.039,True,2026-01-22T04:00:00
970,user_970,D,38.972,False,2026-02-01T02:00:00
971,user_971,C,70.256,False,2026-01-30T12:00:00
972,user_972,C,77.543,False,2026-01-05T07:00:00
973,user_973,C,46.383,True,2026-01-13T01:00:00
974,user_974,A,17.953,True,2026-02-05T02:00:00
975,user_975,B,13.04,True,2026-01-16T05:00:00
976,user_976,B,16.961,False,2026-01-23T04:00:00
977,user_977,C,11.038,False,2026-01-03T21:00:00
978,user_978,B,85.853,True,2026-01-25T02:00:00
979,user_979,C,29.365,True,2026-01-20T08:00:00
980,user_980,B,50.431,False,2026-02-04T03:00:00
981,user_981,B,11.379,False,2026-02-03T11:00:00
982,user_982,C,86.985,False,2026-01-01T23:00:00
983,user_983,B,2.554,False,2026-01-05T22:00:00
984,user_984,A,13.279,False,2026-01-06T16:00:00
985,user_985,C,33.169,False,2026-01-05T17:00:00
986,user_986,D,81.13,True,2026-02-10T12:00:00
987,user_987,C,31.364,False,2026-01-02T19:00:00
988,user_988,C,28.601,False,2026-01-26T03:00:00
989,user_989,C,8.846,False,2026-01-28T10:00:00
990,user_990,D,36.221,False,2026-01-13T05:00:00
991,user_991,B,69.303,False,2026-01-16T04:00:00
992,user_992,B,82.282,True,2026-02-07T16:00:00
993,user_993,C,78.57,True,2026-01-10T01:00:00
994,user_994,C,75.441,True,2026-01-28T02:00:00
995,user_995,D,3.12,False,2026-01-25T19:00:00
996,user_996,A,70.584,True,2026-01-16T09:00:00
997,user_997,B,42.322,False,2026-01-04T19:00:00
998,user_998,A,24.219,False,2026-01-21T09:00:00
999,user_999,D,90.925,True,2026-01-03T15:00:00
1000,user_1000,C,64.972,False,2026-01-20T23:00:00
1001,user_1001,A,82.727,False,2026-01-28T08:00:00
1002,user_1002,A,6.663,False,2026-01-27T00:00:00
1003,user_1003,D,15.263,True,2026-01-20T05:00:00
1004,user_1004,B,91.41,False,2026-01-31T02:00:00
1005,user_1005,D,92.586,False,2026-01-28T02:00:00
1006,user_1006,A,36.585,True,2026-02-04T12:00:00
1007,user_1007,B,60.798,False,2026-01-29T00:00:00
1008,user_1008,C,5.919,True,2026-01-28T21:00:00
1009,user_1009,A,57.997,False,2026-01-06T02:00:00
1010,user_1010,B,12.6,True,2026-01-05T23:00:00
1011,user_1011,B,48.67,True,2026-02-11T00:00:00
1012,user_1012,A,3.601,False,2026-01-12T10:00:00
1013,user_1013,A,76.276,False,2026-01-20T02:00:00
1014,user_1014,D,38.668,False,2026-01-30T08:00:00
1015,user_1015,D,93.036,False,2026-01-15T18:00:00
1016,user_1016,C,7.98,False,2026-01-10T06:00:00
1017,user_1017,D,92.404,False,2026-02-01T14:00:00
1018,user_1018,B,3.221,True,2026-02-03T04:00:00
1019,user_1019,D,90.593,False,2026-02-06T05:00:00
1020,user_1020,A,64.945,False,2026-01-19T19:00:00
1021,user_1021,C,59.384,False,2026-01-05T16:00:00
1022,user_1022,A,20.192,True,2026-02-10T07:00:00
1023,user_1023,C,91.985,False,2026-01-10T22:00:00
1024,user_1024,D,5.206,False,2026-01-13T14:00:00
1025,user_1025,D,84.077,True,2026-02-07T13:00:00
1026,user_1026,A,98.873,False,2026-02-08T04:00:00
1027,user_1027,C,35.8,False,2026-02-02T13:00:00
1028,user_1028,A,66.913,False,2026-01-20T21:00:00
1029,user_1029,A,86.032,False,2026-01-03T04:00:00
1030,user_1030,B,55.165,False,2026-01-03T15:00:00
1031,user_1031,D,1.762,False,2026-01-03T06:00:00
1032,user_1032,C,24.727,True,2026-01-18T15:00:00
1033,user_1033,B,61.165,False,2026-01-21T09:00:00
1034,user_1034,A,15.768,False,2026-02-11T12:00:00
1035,user_1035,D,7.206,False,2026-01-16T08:00:00
1036,user_1036,C,98.99,True,2026-01-12T00:00:00
1037,user_1037,C,0.011,True,2026-02-04T14:00:00
1038,user_1038,C,2.627,False,2026-02-02T17:00:00
1039,user_1039,A,8.8,False,2026-01-02T09:00:00
1040,user_1040,D,70.404,True,2026-01-14T00:00:00
1041,user_1041,B,0.747,False,2026-01-17T09:00:00
1042,user_1042,B,64.36,False,2026-01-01T09:00:00
1043,user_1043,C,87.26,True,2026-01-06T10:00:00
1044,user_1044,A,90.311,True,2026-01-08T03:00:00
1045,user_1045,A,10.487,True,2026-02-07T08:00:00
1046,user_1046,B,24.433,False,2026-01-14T17:00:00
1047,user_1047,A,17.253,False,2026-02-09T21:00:00
1048,user_1048,C,58.395,False,2026-01-30T21:00:00
1049,user_1049,B,84.078,True,2026-01-23T15:00:00
1050,user_1050,A,16.204,False,2026-02-03T07:00:00
1051,user_1051,D,43.228,True,2026-02-01T21:00:00
1052,user_1052,B,37.895,False,2026-02-10T14:00:00
1053,user_1053,C,57.802,False,2026-01-28T23:00:00
1054,user_1054,A,63.753,True,2026-02-08T06:00:00
1055,user_1055,B,57.35,False,2026-01-25T02:00:00
1056,user_1056,C,51.892,False,2026-02-11T02:00:00
1057,user_1057,C,59.939,True,2026-02-09T04:00:00
1058,user_1058,C,11.033,True,2026-01-19T12:00:00
1059,user_1059,B,12.774,False,2026-01-27T12:00:00
1060,user_1060,B,55.578,False,2026-02-03T15:00:00
1061,user_1061,D,19.627,True,2026-01-24T04:00:00
1062,user_1062,D,56.143,False,2026-01-25T01:00:00
1063,user_1063,D,75.0,False,2026-01-15T12:00:00
1064,user_1064,B,80.814,False,2026-01-08T06:00:00
1065,user_1065,D,12.742,True,2026-02-10T00:00:00
1066,user_1066,C,8.094,True,2026-02-08T05:00:00
1067,user_1067,B,4.298,True,2026-01-02T03:00:00
1068,user_1068,D,47.823,True,2026-02-08T11:00:00
1069,user_1069,A,14.148,True,2026-02-02T09:00:00
1070,user_1070,C,82.676,False,2026-02-10T03:00:00
1071,user_1071,A,23.282,False,2026-01-26T19:00:00
1072,user_1072,A,44.724,True,2026-02-01T13:00:00
1073,user_1073,B,27.991,True,2026-01-06T04:00:00
1074,user_1074,B,19.668,True,2026-02-08T03:00:00
1075,user_1075,C,94.156,True,2026-01-27T19:00:00
1076,user_1076,A,7.22,False,2026-02-03T13:00:00
1077,user_1077,A,73.224,False,2026-02-03T20:00:00
1078,user_1078,A,25.465,True,2026-01-20T16:00:00
1079,user_1079,D,10.205,True,2026-02-07T17:00:00
1080,user_1080,A,16.932,True,2026-01-16T09:00:00
1081,user_1081,D,38.08,True,2026-01-13T01:00:00
1082,user_1082,A,65.162,False,2026-01-11T10:00:00
1083,user_1083,B,68.709,True,2026-01-20T09:00:00
1084,user_1084,B,11.788,True,2026-01-09T03:00:00
1085,user_1085,C,41.976,False,2026-02-10T00:00:00
1086,user_1086,B,11.633,True,2026-01-07T04:00:00
1087,user_1087,C,18.733,True,2026-02-01T06:00:00
1088,user_1088,B,23.103,False,2026-01-06T12:00:00
1089,user_1089,C,93.635,True,2026-01-07T23:00:00
1090,user_1090,D,27.915,True,2026-02-07T01:00:00
1091,user_1091,A,19.147,True,2026-02-03T13:00:00
1092,user_1092,A,98.31,False,2026-01-06T18:00:00
1093,user_1093,B,69.332,True,2026-01-14T21:00:00
1094,user_1094,A,43.197,False,2026-01-28T22:00:00
1095,user_1095,C,95.631,False,2026-01-12T22:00:00
1096,user_1096,C,86.086,False,2026-02-09T05:00:00
1097,user_1097,C,93.0,False,2026-01-25T22:00:00
1098,user_1098,D,63.985,False,2026-02-07T03:00:00
1099,user_1099,D,25.41,True,2026-01-29T14:00:00
1100,user_1100,D,81.911,True,2026-02-08T12:00:00
1101,user_1101,B,82.304,True,2026-02-02T05:00:00
1102,user_1102,C,65.253,False,2026-02-05T06:00:00
1103,user_1103,B,97.721,True,2026-01-05T19:00:00
1104,user_1104,B,40.561,True,2026-02-03T02:00:00
1105,user_1105,B,38.971,True,2026-01-16T10:00:00
1106,user_1106,C,88.238,False,2026-02-07T07:00:00
1107,user_1107,A,34.744,True,2026-01-27T11:00:00
1108,user_1108,A,96.974,False,2026-01-06T14:00:00
1109,user_1109,C,90.349,True,2026-01-01T00:00:00
1110,user_1110,C,67.015,True,2026-02-04T11:00:00
1111,user_1111,B,90.518,True,2026-01-03T22:00:00
1112,user_1112,B,14.788,True,2026-01-02T05:00:00
1113,user_1113,D,68.662,False,2026-02-01T15:00:00
1114,user_1114,A,75.68,True,2026-02-11T07:00:00
1115,user_1115,B,26.475,False,2026-01-05T23:00:00
1116,user_1116,C,15.64,True,2026-01-04T15:00:00
1117,user_1117,C,0.52,True,2026-01-26T06:00:00
1118,user_1118,C,36.564,False,2026-01-22T09:00:00
1119,user_1119,C,59.286,False,2026-01-26T04:00:00
1120,user_1120,D,63.028,False,2026-01-25T13:00:00
1121,user_1121,C,20.092,False,2026-01-24T20:00:00
1122,user_1122,C,72.854,False,2026-02-07T19:00:00
1123,user_1123,D,28.387,False,2026-01-27T19:00:00
1124,user_1124,D,87.498,False,2026-01-29T17:00:00
1125,user_1125,A,62.952,False,2026-01-13T23:00:00
1126,user_1126,D,95.953,False,2026-01-13T22:00:00
1127,user_1127,A,40.995,False,2026-01-13T21:00:00
1128,user_1128,D,20.607,True,2026-01-01T11:00:00
1129,user_1129,A,66.949,True,2026-01-07T08:00:00
1130,user_1130,D,74.265,False,2026-02-04T03:00:00
1131,user_1131,A,65.18,True,2026-01-22T21:00:00
1132,user_1132,D,25.129,True,2026-02-05T15:00:00
1133,user_1133,C,16.974,False,2026-01-07T12:00:00
1134,user_1134,C,72.103,False,2026-01-02T09:00:00
1135,user_1135,A,8.212,False,2026-02-08T17:00:00
1136,user_1136,A,35.562,False,2026-01-23T18:00:00
1137,user_1137,D,41.634,False,2026-02-07T06:00:00
1138,user_1138,A,100.0,False,2026-01-26T16:00:00
1139,user_1139,A,31.381,True,2026-01-09T09:00:00
1140,user_1140,B,80.003,False,2026-02-02T23:00:00
1141,user_1141,B,57.395,True,2026-01-01T10:00:00
1142,user_1142,B,53.023,True,2026-01-21T12:00:00
1143,user_1143,B,53.739,False,2026-01-31T18:00:00
1144,user_1144,A,69.827,True,2026-02-03T21:00:00
1145,user_1145,A,87.883,False,2026-02-11T04:00:00
1146,user_1146,B,59.306,False,2026-01-31T13:00:00
1147,user_1147,B,43.515,True,2026-01-26T19:00:00
1148,user_1148,B,8.018,True,2026-02-06T02:00:00
1149,user_1149,A,9.91,False,2026-01-16T07:00:00
1150,user_1150,D,29.792,True,2026-01-02T00:00:00
1151,user_1151,B,83.032,False,2026-02-04T04:00:00
1152,user_1152,B,77.549,True,2026-02-01T19:00:00
1153,user_1153,D,2.336,True,2026-01-28T04:00:00
1154,user_1154,D,67.861,True,2026-02-02T03:00:00
1155,user_1155,B,21.943,False,2026-01-12T13:00:00
1156,user_1156,B,73.519,False,2026-01-16T03:00:00
1157,user_1157,B,15.275,False,2026-01-24T08:00:00
1158,user_1158,B,49.487,True,2026-02-05T19:00:00
1159,user_1159,C,56.773,True,2026-01-14T17:00:00
1160,user_1160,C,83.693,False,2026-01-06T06:00:00
1161,user_1161,C,63.362,True,2026-01-06T01:00:00
1162,user_1162,D,38.794,True,2026-01-23T00:00:00
1163,user_1163,C,95.531,True,2026-01-31T03:00:00
1164,user_1164,B,53.601,True,2026-01-14T21:00:00
1165,user_1165,A,33.998,True,2026-01-18T00:00:00
1166,user_1166,B,23.288,False,2026-01-26T15:00:00
1167,user_1167,C,63.369,True,2026-02-05T05:00:00
1168,user_1168,D,28.806,False,2026-01-01T22:00:00
1169,user_1169,C,90.849,True,2026-01-22T14:00:00
1170,user_1170,B,69.371,True,2026-01-03T14:00:00
1171,user_1171,D,70.054,True,2026-01-29T12:00:00
1172,user_1172,C,27.017,False,2026-01-24T09:00:00
1173,user_1173,C,15.016,False,2026-01-22T12:00:00
1174,user_1174,D,8.442,True,2026-01-21T05:00:00
1175,user_1175,A,92.848,False,2026-01-20T07:00:00
1176,user_1176,B,58.934,True,2026-01-03T13:00:00
1177,user_1177,A,64.82,False,2026-02-08T00:00:00
1178,user_1178,C,68.817,False,2026-02-07T14:00:00
1179,user_1179,B,36.032,True,2026-02-09T13:00:00
1180,user_1180,D,45.89,False,2026-01-05T14:00:00
1181,user_1181,D,26.09,True,2026-01-08T20:00:00
1182,user_1182,D,13.04,False,2026-01-27T04:00:00
1183,user_1183,B,71.773,True,2026-01-23T11:00:00
1184,user_1184,C,97.64,True,2026-01-20T08:00:00
1185,user_1185,D,26.095,False,2026-01-29T03:00:00
1186,user_1186,A,20.14,False,2026-01-16T11:00:00
1187,user_1187,B,51.883,True,2026-01-30T05:00:00
1188,user_1188,B,24.546,False,2026-02-05T14:00:00
1189,user_1189,D,13.189,True,2026-01-03T09:00:00
1190,user_1190,D,22.964,False,2026-01-09T04:00:00
1191,user_1191,B,87.354,True,2026-01-07T04:00:00
1192,user_1192,B,99.262,True,2026-01-26T19:00:00
1193,user_1193,C,32.647,False,2026-01-12T17:00:00
1194,user_1194,B,36.458,True,2026-01-09T09:00:00
1195,user_1195,B,81.012,True,2026-02-09T04:00:00
1196,user_1196,A,4.66,True,2026-01-07T01:00:00
1197,user_1197,D,41.922,False,2026-01-30T03:00:00
1198,user_1198,C,70.685,False,2026-01-14T21:00:00
1199,user_1199,B,71.229,False,2026-01-29T15:00:00
1200,user_1200,C,66.009,True,2026-01-23T07:00:00
1201,user_1201,A,7.51,True,2026-02-02T10:00:00
1202,user_1202,B,36.787,True,2026-02-10T13:00:00
1203,user_1203,C,67.916,False,2026-01-08T15:00:00
1204,user_1204,D,97.732,True,2026-01-04T07:00:00
1205,user_1205,C,50.407,True,2026-01-09T12:00:00
1206,user_1206,A,55.723,True,2026-02-08T11:00:00
1207,user_1207,C,86.18,False,2026-01-16T09:00:00
1208,user_1208,C,17.317,False,2026-01-31T00:00:00
1209,user_1209,C,66.144,True,2026-01-06T04:00:00
1210,user_1210,A,23.836,True,2026-02-07T11:00:00
1211,user_1211,C,42.438,False,2026-01-26T19:00:00
1212,user_1212,B,60.432,True,2026-01-20T08:00:00
1213,user_1213,A,22.852,True,2026-01-24T09:00:00
1214,user_1214,D,61.491,False,2026-01-16T13:00:00
1215,user_1215,C,28.58,False,2026-01-10T06:00:00
1216,user_1216,D,25.064,True,2026-01-11T00:00:00
1217,user_1217,A,73.525,True,2026-01-19T12:00:00
1218,user_1218,B,90.156,False,2026-01-31T17:00:00
1219,user_1219,A,49.259,False,2026-01-11T14:00:00
1220,user_1220,D,15.596,False,2026-01-13T10:00:00
1221,user_1221,B,45.101,False,2026-02-04T21:00:00
1222,user_1222,C,79.343,False,2026-01-22T11:00:00
1223,user_1223,B,17.133,False,2026-01-07T23:00:00
1224,user_1224,D,18.787,True,2026-02-03T18:00:00
1225,user_1225,A,87.842,True,2026-02-09T10:00:00
1226,user_1226,A,73.819,True,2026-02-05T21:00:00
1227,user_1227,B,67.877,True,2026-01-12T09:00:00
1228,user_1228,C,94.646,False,2026-01-22T08:00:00
1229,user_1229,C,74.792,True,2026-01-25T10:00:00
1230,user_1230,D,18.105,True,2026-01-13T02:00:00
1231,user_1231,B,98.568,False,2026-01-15T18:00:00
1232,user_1232,D,95.77,True,2026-01-09T03:00:00
1233,user_1233,C,13.88,True,2026-01-07T02:00:00
1234,user_1234,C,65.452,True,2026-02-10T06:00:00
1235,user_1235,A,23.586,True,2026-01-10T00:00:00
1236,user_1236,C,28.178,False,2026-02-02T23:00:00
1237,user_1237,A,73.001,True,2026-02-02T07:00:00
1238,user_1238,A,1.433,True,2026-01-26T08:00:00
1239,user_1239,C,55.651,True,2026-01-18T02:00:00
1240,user_1240,A,96.6,False,2026-01-29T12:00:00
1241,user_1241,C,64.916,True,2026-01-20T00:00:00
1242,user_1242,C,27.937,True,2026-02-10T13:00:00
1243,user_1243,B,99.82,False,2026-01-31T13:00:00
1244,user_1244,B,29.199,False,2026-02-11T15:00:00
1245,user_1245,A,26.763,False,2026-02-07T17:00:00
1246,user_1246,B,33.244,True,2026-01-23T15:00:00
1247,user_1247,C,42.806,False,2026-01-16T18:00:00
1248,user_1248,B,21.907,False,2026-02-06T21:00:00
1249,user_1249,C,5.202,True,2026-01-23T09:00:00
1250,user_1250,D,71.032,True,2026-01-29T21:00:00
1251,user_1251,A,9.59,False,2026-01-03T01:00:00
1252,user_1252,A,51.439,False,2026-01-02T02:00:00
1253,user_1253,C,17.509,False,2026-02-06T06:00:00
1254,user_1254,B,87.307,True,2026-01-04T05:00:00
1255,user_1255,B,50.941,True,2026-01-23T14:00:00
1256,user_1256,D,55.918,True,2026-01-02T05:00:00
1257,user_1257,D,68.801,False,2026-02-06T00:00:00
1258,user_1258,D,78.873,True,2026-02-01T23:00:00
1259,user_1259,D,95.695,False,2026-01-20T08:00:00
1260,user_1260,A,20.645,True,2026-01-29T00:00:00
1261,user_1261,B,38.732,True,2026-01-27T18:00:00
1262,user_1262,C,38.144,True,2026-02-08T05:00:00
1263,user_1263,D,37.29,True,2026-02-11T04:00:00
1264,user_1264,B,69.298,False,2026-02-09T07:00:00
1265,user_1265,A,61.459,True,2026-02-08T19:00:00
1266,user_1266,C,82.913,False,2026-01-25T13:00:00
1267,user_1267,A,78.057,False,2026-01-30T22:00:00
1268,user_1268,D,90.892,False,2026-01-24T23:00:00
1269,user_1269,A,88.056,True,2026-01-02T17:00:00
1270,user_1270,A,86.944,True,2026-02-08T17:00:00
1271,user_1271,C,12.015,True,2026-02-04T07:00:00
1272,user_1272,A,25.906,False,2026-02-02T20:00:00
1273,user_1273,C,35.459,True,2026-01-11T09:00:00
1274,user_1274,D,5.961,False,2026-01-05T08:00:00
1275,user_1275,B,83.746,True,2026-02-10T18:00:00
1276,user_1276,B,13.486,False,2026-01-10T12:00:00
1277,user_1277,A,64.037,True,2026-02-10T15:00:00
1278,user_1278,B,28.177,False,2026-02-11T04:00:00
1279,user_1279,D,8.664,False,2026-01-15T20:00:00
1280,user_1280,C,83.464,False,2026-02-08T21:00:00
1281,user_1281,A,64.292,True,2026-01-11T12:00:00
1282,user_1282,C,18.602,False,2026-01-16T05:00:00
1283,user_1283,A,92.665,True,2026-02-01T20:00:00
1284,user_1284,B,56.657,False,2026-01-10T21:00:00
1285,user_1285,D,57.069,True,2026-02-01T14:00:00
1286,user_1286,D,1.941,False,2026-01-29T19:00:00
1287,user_1287,B,2.387,False,2026-01-22T15:00:00
1288,user_1288,A,8.947,True,2026-02-05T18:00:00
1289,user_1289,D,38.943,True,2026-01-13T14:00:00
1290,user_1290,D,55.317,True,2026-01-28T01:00:00
1291,user_1291,C,52.845,True,2026-01-25T13:00:00
1292,user_1292,B,82.19,True,2026-01-20T00:00:00
1293,user_1293,D,16.629,True,2026-01-26T00:00:00
1294,user_1294,B,51.817,False,2026-01-12T06:00:00
1295,user_1295,A,84.976,False,2026-01-06T08:00:00
1296,user_1296,D,5.365,False,2026-01-07T09:00:00
1297,user_1297,B,51.441,True,2026-02-10T01:00:00
1298,user_1298,C,26.502,True,2026-01-24T18:00:00
1299,user_1299,B,96.75,True,2026-01-31T00:00:00
1300,user_1300,D,9.096,False,2026-01-10T08:00:00
1301,user_1301,B,35.732,False,2026-01-15T06:00:00
1302,user_1302,C,14.642,True,2026-02-10T09:00:00
1303,user_1303,B,40.432,False,2026-01-01T19:00:00
1304,user_1304,D,77.259,False,2026-01-25T02:00:00
1305,user_1305,D,5.585,True,2026-01-30T23:00:00
1306,user_1306,C,41.361,False,2026-01-26T08:00:00
1307,user_1307,A,84.946,True,2026-01-18T18:00:00
1308,user_1308,B,20.675,False,2026-01-20T05:00:00
1309,user_1309,D,86.669,False,2026-01-20T04:00:00
1310,user_1310,D,5.06,False,2026-01-30T21:00:00
1311,user_1311,D,15.628,True,2026-01-08T19:00:00
1312,user_1312,D,76.295,True,2026-01-03T22:00:00
1313,user_1313,A,21.026,False,2026-01-16T23:00:00
1314,user_1314,B,10.441,True,2026-01-12T03:00:00
1315,user_1315,A,54.34,True,2026-01-07T17:00:00
1316,user_1316,A,40.056,True,2026-01-07T10:00:00
1317,user_1317,B,27.4,True,2026-01-25T15:00:00
1318,user_1318,C,2.324,False,2026-01-08T20:00:00
1319,user_1319,B,1.337,False,2026-01-14T07:00:00
1320,user_1320,B,34.059,False,2026-01-14T01:00:00
1321,user_1321,D,37.326,False,2026-01-09T20:00:00
1322,user_1322,D,4.395,False,2026-01-30T03:00:00
1323,user_1323,A,34.443,False,2026-01-29T20:00:00
1324,user_1324,B,92.735,True,2026-01-29T21:00:00
1325,user_1325,D,51.13,False,2026-01-08T14:00:00
1326,user_1326,B,34.037,True,2026-01-10T17:00:00
1327,user_1327,B,76.434,True,2026-01-16T16:00:00
1328,user_1328,C,72.541,False,2026-01-11T23:00:00
1329,user_1329,A,75.979,True,2026-01-24T11:00:00
1330,user_1330,B,60.469,False,2026-01-04T09:00:00
1331,user_1331,B,2.994,False,2026-02-08T03:00:00
1332,user_1332,B,7.51,True,2026-02-08T19:00:00
1333,user_1333,B,85.629,False,2026-01-22T20:00:00
1334,user_1334,A,86.623,True,2026-01-13T13:00:00
1335,user_1335,A,40.288,True,2026-01-28T09:00:00
1336,user_1336,C,91.48,False,2026-02-07T12:00:00
1337,user_1337,B,64.39,True,2026-01-20T16:00:00
1338,user_1338,D,77.043,True,2026-01-09T04:00:00
1339,user_1339,B,45.801,False,2026-01-05T23:00:00
1340,user_1340,B,38.421,False,2026-01-01T10:00:00
1341,user_1341,D,39.186,False,2026-01-15T07:00:00
1342,user_1342,A,32.517,True,2026-01-02T21:00:00
1343,user_1343,B,28.245,False,2026-01-04T09:00:00
1344,user_1344,D,95.875,True,2026-01-23T20:00:00
1345,user_1345,D,20.761,False,2026-02-03T06:00:00
1346,user_1346,D,41.164,False,2026-01-07T10:00:00
1347,user_1347,A,47.295,False,2026-01-23T02:00:00
1348,user_1348,C,45.858,True,2026-01-19T07:00:00
1349,user_1349,A,17.867,False,2026-02-03T11:00:00
1350,user_1350,B,36.403,True,2026-01-06T02:00:00
1351,user_1351,A,45.37,True,2026-02-06T06:00:00
1352,user_1352,B,37.394,True,2026-01-02T00:00:00
1353,user_1353,C,9.529,False,2026-01-04T03:00:00
1354,user_1354,D,7.223,True,2026-01-03T07:00:00
1355,user_1355,A,85.818,False,2026-01-17T07:00:00
1356,user_1356,B,19.879,True,2026-01-05T20:00:00
1357,user_1357,C,34.955,True,2026-02-03T03:00:00
1358,user_1358,D,96.994,True,2026-01-03T03:00:00
1359,user_1359,D,40.623,True,2026-01-16T15:00:00
1360,user_1360,D,30.45,False,2026-01-03T02:00:00
1361,user_1361,B,21.369,True,2026-02-04T07:00:00
1362,user_1362,C,49.421,True,2026-01-17T22:00:00
1363,user_1363,A,63.891,True,2026-01-04T05:00:00
1364,user_1364,A,57.511,False,2026-01-22T02:00:00
1365,user_1365,C,45.79,False,2026-01-19T07:00:00
1366,user_1366,B,8.942,False,2026-02-09T21:00:00
1367,user_1367,B,51.903,True,2026-02-02T06:00:00
1368,user_1368,C,20.797,False,2026-02-02T05:00:00
1369,user_1369,A,73.174,False,2026-02-03T05:00:00
1370,user_1370,C,91.975,False,2026-02-04T05:00:00
1371,user_1371,A,87.318,True,2026-02-01T02:00:00
1372,user_1372,A,8.031,False,2026-01-05T02:00:00
1373,user_1373,C,35.771,False,2026-01-24T19:00:00
1374,user_1374,B,25.283,True,2026-01-29T19:00:00
1375,user_1375,D,2.855,False,2026-02-07T19:00:00
1376,user_1376,D,99.875,True,2026-02-07T16:00:00
1377,user_1377,D,23.987,False,2026-01-20T13:00:00
1378,user_1378,A,13.073,True,2026-02-01T06:00:00
1379,user_1379,C,65.28,True,2026-01-13T06:00:00
1380,user_1380,D,17.881,True,2026-02-03T23:00:00
1381,user_1381,A,23.438,True,2026-01-22T07:00:00
1382,user_1382,D,7.077,True,2026-02-11T04:00:00
1383,user_1383,A,61.362,True,2026-01-24T15:00:00
1384,user_1384,B,70.417,True,2026-01-09T15:00:00
1385,user_1385,B,67.028,False,2026-02-10T15:00:00
1386,user_1386,B,28.689,True,2026-02-01T20:00:00
1387,user_1387,D,64.097,False,2026-01-27T14:00:00
1388,user_1388,D,89.501,True,2026-01-05T18:00:00
1389,user_1389,C,24.925,True,2026-01-07T05:00:00
1390,user_1390,B,21.826,False,2026-02-02T12:00:00
1391,user_1391,B,81.794,True,2026-02-04T05:00:00
1392,user_1392,B,33.063,True,2026-02-04T17:00:00
1393,user_1393,D,90.684,True,2026-01-08T19:00:00
1394,user_1394,B,78.727,True,2026-01-19T13:00:00
1395,user_1395,B,11.681,False,2026-01-21T23:00:00
1396,user_1396,B,4.08,False,2026-02-09T07:00:00
1397,user_1397,D,79.436,True,2026-01-19T17:00:00
1398,user_1398,B,44.974,True,2026-01-09T11:00:00
1399,user_1399,B,7.821,True,2026-01-06T13:00:00
1400,user_1400,D,88.217,True,2026-02-07T01:00:00
1401,user_1401,D,2.01,False,2026-02-05T01:00:00
1402,user_1402,A,71.307,False,2026-02-09T21:00:00
1403,user_1403,A,52.363,True,2026-01-03T23:00:00
1404,user_1404,D,51.177,True,2026-01-23T00:00:00
1405,user_1405,C,83.6,True,2026-01-23T13:00:00
1406,user_1406,D,65.921,False,2026-01-06T18:00:00
1407,user_1407,B,62.107,True,2026-02-04T22:00:00
1408,user_1408,A,86.758,False,2026-01-23T10:00:00
1409,user_1409,B,91.908,True,2026-02-07T05:00:00
1410,user_1410,A,63.54,True,2026-02-04T01:00:00
1411,user_1411,A,90.768,True,2026-02-10T09:00:00
1412,user_1412,C,48.126,True,2026-01-07T02:00:00
1413,user_1413,D,10.007,False,2026-01-02T00:00:00
1414,user_1414,B,1.689,True,2026-01-12T04:00:00
1415,user_1415,A,3.698,False,2026-02-08T14:00:00
1416,user_1416,D,96.054,True,2026-02-06T22:00:00
1417,user_1417,C,14.051,False,2026-02-11T09:00:00
1418,user_1418,C,5.29,False,2026-01-21T22:00:00
1419,user_1419,C,97.122,True,2026-01-08T09:00:00
1420,user_1420,C,40.48,False,2026-02-06T10:00:00
1421,user_1421,D,95.58,True,2026-01-02T08:00:00
1422,user_1422,A,62.69,True,2026-01-26T08:00:00
1423,user_1423,B,30.01,False,2026-01-21T10:00:00
1424,user_1424,D,49.48,False,2026-01-15T20:00:00
1425,user_1425,D,36.911,False,2026-02-11T01:00:00
1426,user_1426,D,94.574,True,2026-02-08T17:00:00
1427,user_1427,C,38.88,False,2026-02-05T00:00:00
1428,user_1428,B,55.086,True,2026-01-23T06:00:00
1429,user_1429,D,5.402,True,2026-01-16T10:00:00
1430,user_1430,D,0.9,False,2026-01-19T14:00:00
1431,user_1431,C,47.719,False,2026-01-08T08:00:00
1432,user_1432,B,26.492,False,2026-01-11T21:00:00
1433,user_1433,D,38.693,True,2026-01-08T03:00:00
1434,user_1434,B,37.569,False,2026-01-30T16:00:00
1435,user_1435,D,71.061,True,2026-01-09T07:00:00
1436,user_1436,C,15.67,False,2026-01-24T18:00:00
1437,user_1437,D,96.046,False,2026-01-26T08:00:00
1438,user_1438,C,7.275,False,2026-01-08T18:00:00
1439,user_1439,A,23.206,False,2026-01-15T15:00:00
1440,user_1440,A,14.107,True,2026-01-17T10:00:00
1441,user_1441,A,44.092,False,2026-01-22T01:00:00
1442,user_1442,D,9.804,True,2026-02-03T22:00:00
1443,user_1443,C,13.198,False,2026-02-06T14:00:00
1444,user_1444,D,39.415,True,2026-01-19T08:00:00
1445,user_1445,B,0.475,False,2026-02-07T04:00:00
1446,user_1446,C,90.036,True,2026-02-07T06:00:00
1447,user_1447,B,12.332,False,2026-01-13T04:00:00
1448,user_1448,C,30.267,True,2026-01-26T10:00:00
1449,user_1449,A,90.941,False,2026-01-10T21:00:00
1450,user_1450,D,39.704,False,2026-01-11T00:00:00
1451,user_1451,D,45.933,False,2026-01-22T23:00:00
1452,user_1452,C,77.865,True,2026-01-29T20:00:00
1453,user_1453,D,51.759,False,2026-01-07T06:00:00
1454,user_1454,D,25.377,True,2026-02-05T21:00:00
1455,user_1455,A,74.67,False,2026-01-08T03:00:00
1456,user_1456,D,16.223,True,2026-01-19T22:00:00
1457,user_1457,C,86.583,True,2026-01-30T02:00:00
1458,user_1458,D,36.92,True,2026-01-14T21:00:00
1459,user_1459,B,45.074,True,2026-01-21T00:00:00
1460,user_1460,A,73.692,False,2026-01-06T01:00:00
1461,user_1461,D,21.249,False,2026-02-01T17:00:00
1462,user_1462,A,77.977,False,2026-01-20T11:00:00
1463,user_1463,B,17.956,True,2026-01-25T01:00:00
1464,user_1464,C,33.232,False,2026-02-06T03:00:00
1465,user_1465,C,37.531,False,2026-02-10T22:00:00
1466,user_1466,A,5.358,True,2026-01-24T00:00:00
1467,user_1467,C,35.731,False,2026-02-07T11:00:00
1468,user_1468,A,10.898,True,2026-01-19T04:00:00
1469,user_1469,D,0.542,True,2026-01-15T19:00:00
1470,user_1470,C,47.668,True,2026-01-18T19:00:00
1471,user_1471,B,89.572,True,2026-02-06T07:00:00
1472,user_1472,B,50.016,True,2026-01-15T06:00:00
1473,user_1473,D,81.681,False,2026-01-04T10:00:00
1474,user_1474,C,40.219,True,2026-01-01T14:00:00
1475,user_1475,B,54.114,False,2026-01-11T01:00:00
1476,user_1476,C,10.935,False,2026-01-06T14:00:00
1477,user_1477,A,59.69,True,2026-01-10T23:00:00
1478,user_1478,B,4.786,False,2026-01-17T00:00:00
1479,user_1479,D,77.381,True,2026-01-06T19:00:00
1480,user_1480,D,71.521,False,2026-02-04T16:00:00
1481,user_1481,B,71.335,True,2026-02-05T18:00:00
1482,user_1482,B,0.264,False,2026-01-10T09:00:00
1483,user_1483,C,40.553,True,2026-02-05T13:00:00
1484,user_1484,D,29.706,False,2026-02-07T08:00:00
1485,user_1485,C,83.634,False,2026-01-25T11:00:00
1486,user_1486,C,74.189,True,2026-01-25T07:00:00
1487,user_1487,A,24.852,True,2026-01-20T11:00:00
1488,user_1488,B,64.863,True,2026-01-09T13:00:00
1489,user_1489,A,19.321,False,2026-01-17T14:00:00
1490,user_1490,C,26.38,False,2026-02-07T03:00:00
1491,user_1491,D,16.546,True,2026-01-27T15:00:00
1492,user_1492,C,3.002,True,2026-01-08T08:00:00
1493,user_1493,D,66.701,False,2026-01-18T06:00:00
1494,user_1494,B,63.95,True,2026-01-21T14:00:00
1495,user_1495,A,55.112,False,2026-01-05T13:00:00
1496,user_1496,B,67.871,False,2026-01-18T20:00:00
1497,user_1497,D,48.979,False,2026-01-06T10:00:00
1498,user_1498,C,82.59,True,2026-01-23T08:00:00
1499,user_1499,B,82.304,False,2026-02-05T16:00:00
1500,user_1500,D,27.82,False,2026-01-06T16:00:00
1501,user_1501,A,8.38,False,2026-01-09T19:00:00
1502,user_1502,B,58.442,False,2026-01-20T14:00:00
1503,user_1503,D,3.541,False,2026-02-05T02:00:00
1504,user_1504,B,29.437,True,2026-02-06T17:00:00
1505,user_1505,D,81.741,False,2026-01-18T17:00:00
1506,user_1506,D,3.821,False,2026-02-03T04:00:00
1507,user_1507,D,16.079,True,2026-01-07T10:00:00
1508,user_1508,D,50.503,False,2026-01-09T13:00:00
1509,user_1509,A,78.444,True,2026-02-11T07:00:00
1510,user_1510,C,55.698,False,2026-01-25T23:00:00
1511,user_1511,C,66.233,True,2026-01-16T23:00:00
1512,user_1512,D,42.619,True,2026-02-01T20:00:00
1513,user_1513,B,54.545,False,2026-01-15T01:00:00
1514,user_1514,A,41.808,True,2026-01-21T05:00:00
1515,user_1515,B,86.946,True,2026-02-06T05:00:00
1516,user_1516,B,30.995,False,2026-01-29T05:00:00
1517,user_1517,C,11.275,False,2026-01-03T10:00:00
1518,user_1518,A,65.155,False,2026-01-30T23:00:00
1519,user_1519,D,69.587,True,2026-01-11T08:00:00
1520,user_1520,D,6.929,False,2026-01-23T01:00:00
1521,user_1521,B,72.969,False,2026-01-24T04:00:00
1522,user_1522,D,85.476,False,2026-01-05T09:00:00
1523,user_1523,A,10.295,True,2026-02-02T16:00:00
1524,user_1524,A,48.597,True,2026-01-20T06:00:00
1525,user_1525,D,13.169,True,2026-01-18T21:00:00
1526,user_1526,C,28.616,False,2026-01-13T01:00:00
1527,user_1527,D,41.702,True,2026-01-24T19:00:00
1528,user_1528,B,99.953,False,2026-02-06T14:00:00
1529,user_1529,B,49.302,True,2026-01-08T12:00:00
1530,user_1530,B,7.365,False,2026-02-11T02:00:00
1531,user_1531,D,73.451,True,2026-02-05T13:00:00
1532,user_1532,A,55.127,True,2026-02-06T11:00:00
1533,user_1533,A,7.552,False,2026-01-09T02:00:00
1534,user_1534,C,80.136,False,2026-01-27T20:00:00
1535,user_1535,D,48.631,True,2026-02-06T03:00:00
1536,user_1536,A,37.084,False,2026-01-24T02:00:00
1537,user_1537,D,53.865,True,2026-01-20T15:00:00
1538,user_1538,C,37.461,False,2026-01-27T13:00:00
1539,user_1539,A,81.818,True,2026-01-11T09:00:00
1540,user_1540,C,53.812,False,2026-01-05T11:00:00
1541,user_1541,B,71.495,True,2026-01-20T23:00:00
1542,user_1542,C,65.469,False,2026-02-06T14:00:00
1543,user_1543,C,98.605,False,2026-01-02T02:00:00
1544,user_1544,A,3.21,True,2026-02-06T09:00:00
1545,user_1545,B,14.961,False,2026-02-09T04:00:00
1546,user_1546,C,63.11,True,2026-01-05T05:00:00
1547,user_1547,C,9.594,False,2026-01-29T06:00:00
1548,user_1548,A,91.196,False,2026-02-06T13:00:00
1549,user_1549,C,24.652,True,2026-02-09T17:00:00
1550,user_1550,A,31.566,True,2026-01-08T08:00:00
1551,user_1551,A,93.518,True,2026-01-20T06:00:00
1552,user_1552,D,69.613,True,2026-01-13T23:00:00
1553,user_1553,C,2.145,True,2026-01-19T19:00:00
1554,user_1554,D,52.828,False,2026-01-14T19:00:00
1555,user_1555,A,33.442,False,2026-02-05T23:00:00
1556,user_1556,A,24.089,False,2026-01-17T22:00:00
1557,user_1557,A,2.849,False,2026-02-02T04:00:00
1558,user_1558,B,53.539,True,2026-02-05T05:00:00
1559,user_1559,A,22.213,False,2026-01-12T01:00:00
1560,user_1560,B,80.484,True,2026-01-01T23:00:00
1561,user_1561,B,88.819,True,2026-01-13T09:00:00
1562,user_1562,C,58.519,True,2026-01-30T01:00:00
1563,user_1563,A,17.58,False,2026-01-24T01:00:00
1564,user_1564,B,40.878,True,2026-01-26T17:00:00
1565,user_1565,D,22.896,False,2026-02-10T00:00:00
1566,user_1566,D,57.515,True,2026-01-18T09:00:00
1567,user_1567,A,36.158,False,2026-01-16T19:00:00
1568,user_1568,A,28.271,True,2026-01-21T00:00:00
1569,user_1569,B,58.473,True,2026-01-16T08:00:00
1570,user_1570,D,22.667,True,2026-01-29T19:00:00
1571,user_1571,B,32.779,False,2026-02-04T15:00:00
1572,user_1572,A,57.288,True,2026-01-06T15:00:00
1573,user_1573,D,33.524,True,2026-01-31T08:00:00
1574,user_1574,D,32.703,True,2026-02-04T19:00:00
1575,user_1575,B,6.546,False,2026-01-12T14:00:00
1576,user_1576,C,6.098,False,2026-02-10T02:00:00
1577,user_1577,B,83.114,False,2026-01-15T19:00:00
1578,user_1578,A,4.132,True,2026-01-27T04:00:00
1579,user_1579,B,35.334,False,2026-01-17T04:00:00
1580,user_1580,B,38.583,True,2026-01-01T12:00:00
1581,user_1581,D,75.749,False,2026-02-08T15:00:00
1582,user_1582,C,39.946,False,2026-01-25T16:00:00
1583,user_1583,B,42.294,False,2026-02-01T20:00:00
1584,user_1584,A,44.383,False,2026-02-10T02:00:00
1585,user_1585,A,0.669,True,2026-01-10T12:00:00
1586,user_1586,C,68.024,False,2026-01-24T09:00:00
1587,user_1587,C,21.463,False,2026-01-04T09:00:00
1588,user_1588,C,97.268,False,2026-02-06T14:00:00
1589,user_1589,C,72.575,True,2026-01-21T22:00:00
1590,user_1590,A,79.674,True,2026-01-16T06:00:00
1591,user_1591,B,27.411,False,2026-01-15T04:00:00
1592,user_1592,C,44.63,True,2026-02-05T06:00:00
1593,user_1593,A,56.547,False,2026-02-08T15:00:00
1594,user_1594,C,87.638,True,2026-01-17T09:00:00
1595,user_1595,B,22.938,False,2026-02-03T08:00:00
1596,user_1596,D,4.462,False,2026-01-08T02:00:00
1597,user_1597,B,48.336,True,2026-01-02T10:00:00
1598,user_1598,B,40.42,False,2026-01-06T04:00:00
1599,user_1599,D,45.871,False,2026-01-27T17:00:00
1600,user_1600,D,86.533,False,2026-02-09T18:00:00
1601,user_1601,D,6.011,False,2026-01-11T03:00:00
1602,user_1602,C,66.527,True,2026-01-21T19:00:00
1603,user_1603,C,42.826,False,2026-01-31T17:00:00
1604,user_1604,A,59.541,True,2026-02-01T12:00:00
1605,user_1605,A,84.892,True,2026-02-03T12:00:00
1606,user_1606,D,29.889,True,2026-01-15T11:00:00
1607,user_1607,C,9.486,True,2026-01-13T18:00:00
1608,user_1608,B,39.613,True,2026-01-13T05:00:00
1609,user_1609,D,44.841,False,2026-01-25T18:00:00
1610,user_1610,A,70.453,True,2026-01-21T13:00:00
1611,user_1611,A,80.856,True,2026-01-24T20:00:00
1612,user_1612,C,12.707,False,2026-01-22T17:00:00
1613,user_1613,B,8.367,True,2026-01-02T10:00:00
1614,user_1614,A,96.532,False,2026-01-16T22:00:00
1615,user_1615,B,99.734,True,2026-02-04T07:00:00
1616,user_1616,A,26.009,False,2026-02-07T04:00:00
1617,user_1617,C,7.523,False,2026-01-02T05:00:00
1618,user_1618,B,63.942,False,2026-01-22T19:00:00
1619,user_1619,C,74.264,False,2026-01-25T06:00:00
1620,user_1620,A,45.176,False,2026-01-23T20:00:00
1621,user_1621,A,22.788,False,2026-02-03T23:00:00
1622,user_1622,B,18.412,True,2026-01-27T06:00:00
1623,user_1623,B,67.914,True,2026-01-02T11:00:00
1624,user_1624,D,34.54,True,2026-01-15T12:00:00
1625,user_1625,D,11.305,True,2026-02-06T03:00:00
1626,user_1626,A,18.01,False,2026-01-09T18:00:00
1627,user_1627,A,91.395,True,2026-01-28T21:00:00
1628,user_1628,D,46.215,True,2026-01-29T03:00:00
1629,user_1629,B,78.038,False,2026-01-30T12:00:00
1630,user_1630,D,84.57,False,2026-01-03T05:00:00
1631,user_1631,B,31.957,True,2026-01-20T07:00:00
1632,user_1632,D,75.864,True,2026-01-29T14:00:00
1633,user_1633,B,78.991,True,2026-01-15T06:00:00
1634,user_1634,A,74.989,False,2026-01-22T06:00:00
1635,user_1635,D,39.928,True,2026-02-06T08:00:00
1636,user_1636,A,97.85,False,2026-02-10T23:00:00
1637,user_1637,B,59.182,False,2026-01-12T21:00:00
1638,user_1638,A,84.596,True,2026-02-05T21:00:00
1639,user_1639,D,52.013,True,2026-01-31T12:00:00
1640,user_1640,B,32.495,False,2026-01-01T21:00:00
1641,user_1641,C,38.348,True,2026-01-03T17:00:00
1642,user_1642,A,27.55,False,2026-01-07T14:00:00
1643,user_1643,B,77.165,True,2026-01-10T20:00:00
1644,user_1644,A,97.171,False,2026-01-05T00:00:00
1645,user_1645,B,3.256,True,2026-01-24T08:00:00
1646,user_1646,A,28.848,False,2026-02-01T04:00:00
1647,user_1647,D,29.335,True,2026-02-07T17:00:00
1648,user_1648,D,14.087,True,2026-01-27T13:00:00
1649,user_1649,C,74.709,True,2026-01-26T17:00:00
1650,user_1650,C,6.217,False,2026-01-11T18:00:00
1651,user_1651,A,14.437,True,2026-02-11T11:00:00
1652,user_1652,C,55.686,True,2026-02-06T17:00:00
1653,user_1653,A,94.086,False,2026-01-04T13:00:00
1654,user_1654,B,60.245,True,2026-01-08T09:00:00
1655,user_1655,A,85.191,False,2026-01-10T11:00:00
1656,user_1656,A,68.824,False,2026-01-13T17:00:00
1657,user_1657,D,90.201,False,2026-02-08T18:00:00
1658,user_1658,B,81.088,False,2026-02-03T15:00:00
1659,user_1659,B,75.35,True,2026-02-02T08:00:00
1660,user_1660,B,16.403,False,2026-01-25T10:00:00
1661,user_1661,D,61.828,False,2026-02-02T09:00:00
1662,user_1662,B,74.492,False,2026-02-08T05:00:00
1663,user_1663,D,78.235,True,2026-02-05T03:00:00
1664,user_1664,B,82.773,True,2026-01-05T22:00:00
1665,user_1665,A,52.096,False,2026-01-22T07:00:00
1666,user_1666,A,31.385,False,2026-01-05T15:00:00
1667,user_1667,A,34.555,True,2026-01-03T16:00:00
1668,user_1668,A,63.698,False,2026-01-04T04:00:00
1669,user_1669,A,52.534,False,2026-02-01T17:00:00
1670,user_1670,B,64.783,False,2026-02-10T13:00:00
1671,user_1671,D,92.972,False,2026-01-01T05:00:00
1672,user_1672,B,97.861,True,2026-01-30T08:00:00
1673,user_1673,A,82.724,True,2026-01-03T20:00:00
1674,user_1674,B,71.221,False,2026-01-17T07:00:00
1675,user_1675,C,43.047,False,2026-02-03T05:00:00
1676,user_1676,A,82.055,True,2026-01-17T02:00:00
1677,user_1677,A,35.681,False,2026-01-18T19:00:00
1678,user_1678,D,64.845,True,2026-01-02T17:00:00
1679,user_1679,D,90.723,False,2026-01-15T19:00:00
1680,user_1680,C,58.211,True,2026-01-24T17:00:00
1681,user_1681,B,37.838,True,2026-01-17T21:00:00
1682,user_1682,A,18.179,True,2026-01-25T07:00:00
1683,user_1683,C,69.198,False,2026-01-28T04:00:00
1684,user_1684,D,44.366,False,2026-02-08T13:00:00
1685,user_1685,B,14.18,False,2026-01-16T16:00:00
1686,user_1686,B,39.447,True,2026-01-21T18:00:00
1687,user_1687,B,85.963,True,2026-01-17T13:00:00
1688,user_1688,C,92.154,True,2026-01-07T18:00:00
1689,user_1689,A,91.493,False,2026-02-01T23:00:00
1690,user_1690,C,1.132,False,2026-01-17T11:00:00
1691,user_1691,D,34.771,True,2026-02-08T04:00:00
1692,user_1692,A,29.685,True,2026-01-16T01:00:00
1693,user_1693,D,71.255,True,2026-01-07T02:00:00
1694,user_1694,C,18.631,True,2026-02-05T02:00:00
1695,user_1695,D,21.07,True,2026-02-06T21:00:00
1696,user_1696,B,87.444,False,2026-02-11T09:00:00
1697,user_1697,B,48.4,False,2026-01-20T06:00:00
1698,user_1698,C,78.545,True,2026-02-07T17:00:00
1699,user_1699,D,67.188,True,2026-01-13T21:00:00
1700,user_1700,C,37.736,True,2026-01-05T13:00:00
1701,user_1701,A,86.668,True,2026-01-07T19:00:00
1702,user_1702,C,90.024,False,2026-01-22T12:00:00
1703,user_1703,C,94.696,True,2026-01-08T23:00:00
1704,user_1704,B,35.139,False,2026-01-29T10:00:00
1705,user_1705,D,96.6,False,2026-02-05T19:00:00
1706,user_1706,D,53.151,False,2026-01-18T08:00:00
1707,user_1707,B,5.119,False,2026-02-07T13:00:00
1708,user_1708,B,40.472,True,2026-01-24T18:00:00
1709,user_1709,D,86.944,True,2026-02-11T00:00:00
1710,user_1710,C,51.068,False,2026-02-08T21:00:00
1711,user_1711,A,10.699,True,2026-01-22T02:00:00
1712,user_1712,B,56.332,True,2026-01-28T02:00:00
1713,user_1713,C,38.286,False,2026-02-10T18:00:00
1714,user_1714,C,81.085,False,2026-01-31T12:00:00
1715,user_1715,B,36.583,True,2026-02-01T04:00:00
1716,user_1716,D,65.448,True,2026-01-08T00:00:00
1717,user_1717,C,24.884,True,2026-02-02T20:00:00
1718,user_1718,B,25.075,False,2026-02-11T15:00:00
1719,user_1719,B,5.783,True,2026-01-03T03:00:00
1720,user_1720,B,8.397,True,2026-01-24T09:00:00
1721,user_1721,A,16.657,False,2026-01-28T08:00:00
1722,user_1722,B,8.764,True,2026-02-11T08:00:00
1723,user_1723,C,34.602,False,2026-02-01T14:00:00
1724,user_1724,D,75.906,False,2026-02-09T03:00:00
1725,user_1725,B,20.79,True,2026-01-31T17:00:00
1726,user_1726,B,82.632,False,2026-02-07T18:00:00
1727,user_1727,A,18.859,True,2026-02-08T08:00:00
1728,user_1728,C,51.855,True,2026-02-02T01:00:00
1729,user_1729,D,17.266,False,2026-01-07T04:00:00
1730,user_1730,C,44.271,False,2026-01-06T08:00:00
1731,user_1731,D,4.801,True,2026-01-16T19:00:00
1732,user_1732,C,21.953,True,2026-01-16T17:00:00
1733,user_1733,C,99.478,False,2026-01-12T22:00:00
1734,user_1734,A,56.35,True,2026-01-05T03:00:00
1735,user_1735,C,89.715,False,2026-01-21T06:00:00
1736,user_1736,D,37.497,False,2026-01-09T03:00:00
1737,user_1737,B,35.513,False,2026-02-01T03:00:00
1738,user_1738,C,29.459,False,2026-01-21T19:00:00
1739,user_1739,D,3.945,True,2026-01-11T04:00:00
1740,user_1740,B,50.214,False,2026-02-08T00:00:00
1741,user_1741,D,70.953,False,2026-01-22T10:00:00
1742,user_1742,B,60.178,True,2026-01-08T19:00:00
1743,user_1743,D,43.281,True,2026-01-08T19:00:00
1744,user_1744,D,19.496,True,2026-01-27T13:00:00
1745,user_1745,A,73.646,False,2026-01-11T15:00:00
1746,user_1746,C,69.991,True,2026-01-22T20:00:00
1747,user_1747,A,41.001,True,2026-01-03T11:00:00
1748,user_1748,D,16.077,True,2026-01-16T03:00:00
1749,user_1749,C,79.669,False,2026-01-11T17:00:00
1750,user_1750,A,90.367,True,2026-01-28T12:00:00
1751,user_1751,B,65.272,True,2026-01-17T16:00:00
1752,user_1752,D,47.297,True,2026-02-03T04:00:00
1753,user_1753,D,90.086,True,2026-01-03T15:00:00
1754,user_1754,B,30.344,True,2026-01-14T01:00:00
1755,user_1755,D,48.853,False,2026-01-16T09:00:00
1756,user_1756,D,99.976,False,2026-01-12T03:00:00
1757,user_1757,C,18.698,True,2026-02-01T16:00:00
1758,user_1758,A,68.725,False,2026-02-01T11:00:00
1759,user_1759,B,46.381,False,2026-01-08T21:00:00
1760,user_1760,C,77.468,False,2026-02-03T06:00:00
1761,user_1761,C,99.537,True,2026-01-18T02:00:00
1762,user_1762,D,58.299,False,2026-01-27T23:00:00
1763,user_1763,C,73.667,False,2026-02-05T10:00:00
1764,user_1764,C,38.075,True,2026-01-23T18:00:00
1765,user_1765,C,25.584,False,2026-01-11T19:00:00
1766,user_1766,D,62.887,False,2026-02-01T06:00:00
1767,user_1767,D,19.595,False,2026-01-15T16:00:00
1768,user_1768,D,69.771,False,2026-02-07T23:00:00
1769,user_1769,C,45.572,False,2026-01-03T14:00:00
1770,user_1770,A,4.837,False,2026-01-04T16:00:00
1771,user_1771,C,29.9,True,2026-01-29T15:00:00
1772,user_1772,D,91.816,True,2026-02-05T09:00:00
1773,user_1773,C,91.176,True,2026-02-09T20:00:00
1774,user_1774,D,59.251,True,2026-02-05T13:00:00
1775,user_1775,D,37.743,True,2026-01-14T06:00:00
1776,user_1776,D,68.367,True,2026-01-16T17:00:00
1777,user_1777,B,2.921,False,2026-01-20T14:00:00
1778,user_1778,D,71.157,False,2026-01-11T10:00:00
1779,user_1779,D,53.514,False,2026-01-03T16:00:00
1780,user_1780,B,72.816,False,2026-01-20T03:00:00
1781,user_1781,C,98.797,True,2026-01-19T00:00:00
1782,user_1782,C,68.589,True,2026-01-13T20:00:00
1783,user_1783,A,90.433,True,2026-01-12T02:00:00
1784,user_1784,A,40.537,False,2026-02-03T10:00:00
1785,user_1785,B,94.649,True,2026-01-08T03:00:00
1786,user_1786,C,99.114,True,2026-01-30T02:00:00
1787,user_1787,B,89.337,True,2026-01-28T04:00:00
1788,user_1788,D,8.106,True,2026-01-28T06:00:00
1789,user_1789,C,7.631,False,2026-01-17T21:00:00
1790,user_1790,A,84.094,True,2026-01-29T23:00:00
1791,user_1791,D,79.32,True,2026-02-10T07:00:00
1792,user_1792,B,5.698,True,2026-02-04T12:00:00
1793,user_1793,A,6.971,False,2026-01-17T06:00:00
1794,user_1794,C,80.716,True,2026-01-16T16:00:00
1795,user_1795,B,31.433,False,2026-01-26T03:00:00
1796,user_1796,A,36.153,True,2026-01-07T20:00:00
1797,user_1797,C,39.081,True,2026-01-04T20:00:00
1798,user_1798,C,2.006,False,2026-01-06T13:00:00
1799,user_1799,D,54.641,True,2026-01-24T21:00:00
1800,user_1800,A,11.632,False,2026-01-22T00:00:00
1801,user_1801,D,64.562,True,2026-01-21T01:00:00
1802,user_1802,D,9.643,False,2026-01-29T14:00:00
1803,user_1803,C,95.685,False,2026-01-02T15:00:00
1804,user_1804,B,84.473,True,2026-01-05T07:00:00
1805,user_1805,D,73.59,True,2026-01-23T01:00:00
1806,user_1806,B,2.891,True,2026-01-07T17:00:00
1807,user_1807,B,47.972,True,2026-02-01T21:00:00
1808,user_1808,B,23.084,False,2026-01-18T02:00:00
1809,user_1809,D,38.056,True,2026-01-22T22:00:00
1810,user_1810,C,55.709,False,2026-01-31T15:00:00
1811,user_1811,D,72.593,True,2026-02-10T06:00:00
1812,user_1812,B,58.412,False,2026-01-23T03:00:00
1813,user_1813,C,17.122,False,2026-01-23T00:00:00
1814,user_1814,B,17.823,True,2026-01-13T09:00:00
1815,user_1815,A,56.874,False,2026-01-05T20:00:00
1816,user_1816,B,26.383,False,2026-01-10T17:00:00
1817,user_1817,B,62.949,False,2026-01-02T12:00:00
1818,user_1818,D,17.559,True,2026-01-26T06:00:00
1819,user_1819,B,84.093,False,2026-02-10T17:00:00
1820,user_1820,D,49.541,True,2026-02-02T11:00:00
1821,user_1821,D,53.728,True,2026-01-23T08:00:00
1822,user_1822,A,72.797,True,2026-01-24T08:00:00
1823,user_1823,C,60.774,True,2026-01-22T17:00:00
1824,user_1824,C,83.436,False,2026-01-11T06:00:00
1825,user_1825,D,20.939,False,2026-02-09T00:00:00
1826,user_1826,D,80.279,False,2026-02-04T20:00:00
1827,user_1827,B,78.619,False,2026-01-31T20:00:00
1828,user_1828,C,20.83,True,2026-01-27T03:00:00
1829,user_1829,B,5.979,False,2026-02-11T09:00:00
1830,user_1830,C,12.699,True,2026-01-11T16:00:00
1831,user_1831,C,44.791,False,2026-01-26T23:00:00
1832,user_1832,C,55.306,False,2026-01-16T01:00:00
1833,user_1833,B,23.165,True,2026-01-21T21:00:00
1834,user_1834,B,47.999,False,2026-01-17T03:00:00
1835,user_1835,B,42.437,False,2026-02-02T18:00:00
1836,user_1836,D,65.035,True,2026-02-04T14:00:00
1837,user_1837,C,80.686,False,2026-02-08T11:00:00
1838,user_1838,D,11.583,False,2026-02-06T16:00:00
1839,user_1839,A,99.549,True,2026-02-07T18:00:00
1840,user_1840,A,30.911,True,2026-01-02T11:00:00
1841,user_1841,B,6.586,False,2026-02-09T16:00:00
1842,user_1842,A,55.015,True,2026-02-06T12:00:00
1843,user_1843,A,17.031,False,2026-01-27T15:00:00
1844,user_1844,C,75.417,True,2026-01-25T14:00:00
1845,user_1845,B,12.116,True,2026-02-08T21:00:00
1846,user_1846,B,23.57,False,2026-01-21T13:00:00
1847,user_1847,C,75.97,True,2026-01-11T15:00:00
1848,user_1848,D,92.786,True,2026-01-10T07:00:00
1849,user_1849,A,38.609,False,2026-02-04T18:00:00
1850,user_1850,D,78.572,False,2026-01-29T00:00:00
1851,user_1851,A,70.218,False,2026-01-31T03:00:00
1852,user_1852,C,60.059,True,2026-01-31T12:00:00
1853,user_1853,D,52.803,True,2026-01-17T22:00:00
1854,user_1854,D,6.992,True,2026-01-25T14:00:00
1855,user_1855,D,69.838,True,2026-01-14T21:00:00
1856,user_1856,C,90.329,False,2026-02-08T07:00:00
1857,user_1857,B,18.515,True,2026-02-05T17:00:00
1858,user_1858,B,37.874,True,2026-02-09T23:00:00
1859,user_1859,D,27.49,False,2026-02-04T20:00:00
1860,user_1860,A,29.198,False,2026-01-16T06:00:00
1861,user_1861,B,63.563,False,2026-01-20T07:00:00
1862,user_1862,B,22.372,True,2026-01-30T07:00:00
1863,user_1863,C,52.072,False,2026-01-12T11:00:00
1864,user_1864,D,94.99,True,2026-01-15T13:00:00
1865,user_1865,C,14.316,False,2026-01-15T12:00:00
1866,user_1866,D,69.863,True,2026-01-02T18:00:00
1867,user_1867,B,19.036,False,2026-02-10T12:00:00
1868,user_1868,D,23.364,True,2026-02-04T22:00:00
1869,user_1869,C,5.012,True,2026-02-11T03:00:00
1870,user_1870,D,78.896,False,2026-01-21T15:00:00
1871,user_1871,A,4.623,True,2026-01-04T22:00:00
1872,user_1872,D,44.338,False,2026-01-27T12:00:00
1873,user_1873,A,59.703,False,2026-01-06T09:00:00
1874,user_1874,B,74.63,True,2026-02-02T05:00:00
1875,user_1875,B,36.059,True,2026-01-29T22:00:00
1876,user_1876,D,80.624,False,2026-01-03T05:00:00
1877,user_1877,C,12.144,True,2026-01-10T06:00:00
1878,user_1878,A,32.592,False,2026-01-29T12:00:00
1879,user_1879,C,6.568,False,2026-01-28T05:00:00
1880,user_1880,B,7.587,True,2026-02-10T05:00:00
1881,user_1881,C,55.007,True,2026-01-16T03:00:00
1882,user_1882,C,31.46,False,2026-01-05T06:00:00
1883,user_1883,D,44.885,True,2026-01-27T00:00:00
1884,user_1884,D,57.26,False,2026-01-26T21:00:00
1885,user_1885,A,5.384,True,2026-01-31T21:00:00
1886,user_1886,C,24.612,False,2026-02-09T15:00:00
1887,user_1887,A,93.609,True,2026-02-08T15:00:00
1888,user_1888,D,13.197,False,2026-01-19T20:00:00
1889,user_1889,D,60.166,True,2026-02-04T10:00:00
1890,user_1890,D,41.451,False,2026-01-02T04:00:00
1891,user_1891,B,27.141,True,2026-02-09T03:00:00
1892,user_1892,C,37.764,False,2026-01-28T02:00:00
1893,user_1893,C,89.758,False,2026-02-07T04:00:00
1894,user_1894,A,70.012,False,2026-02-05T23:00:00
1895,user_1895,C,82.235,False,2026-01-30T01:00:00
1896,user_1896,C,40.122,False,2026-02-07T15:00:00
1897,user_1897,C,7.794,False,2026-02-06T04:00:00
1898,user_1898,B,32.015,True,2026-01-21T09:00:00
1899,user_1899,A,75.837,True,2026-01-06T07:00:00
1900,user_1900,A,53.864,True,2026-01-30T12:00:00
1901,user_1901,D,78.041,False,2026-01-20T18:00:00
1902,user_1902,C,19.785,False,2026-01-07T06:00:00
1903,user_1903,A,76.956,True,2026-01-15T18:00:00
1904,user_1904,D,20.436,True,2026-01-13T07:00:00
1905,user_1905,C,74.292,True,2026-01-02T02:00:00
1906,user_1906,A,62.332,True,2026-01-08T04:00:00
1907,user_1907,B,5.723,False,2026-01-28T14:00:00
1908,user_1908,D,93.976,False,2026-01-06T07:00:00
1909,user_1909,B,91.815,False,2026-01-01T23:00:00
1910,user_1910,A,42.7,False,2026-02-07T12:00:00
1911,user_1911,C,12.549,False,2026-01-11T19:00:00
1912,user_1912,D,36.106,True,2026-01-08T23:00:00
1913,user_1913,B,40.611,True,2026-01-03T00:00:00
1914,user_1914,D,24.197,False,2026-01-23T21:00:00
1915,user_1915,A,36.098,False,2026-02-10T13:00:00
1916,user_1916,A,81.073,False,2026-02-04T11:00:00
1917,user_1917,D,59.653,True,2026-01-03T04:00:00
1918,user_1918,B,55.032,False,2026-01-03T18:00:00
1919,user_1919,C,31.213,True,2026-02-07T01:00:00
1920,user_1920,B,74.141,False,2026-01-04T00:00:00
1921,user_1921,C,13.62,False,2026-02-01T05:00:00
1922,user_1922,B,19.003,True,2026-02-05T01:00:00
1923,user_1923,C,52.727,False,2026-02-03T10:00:00
1924,user_1924,D,42.937,False,2026-01-27T17:00:00
1925,user_1925,D,75.824,False,2026-02-05T23:00:00
1926,user_1926,D,88.656,True,2026-01-30T12:00:00
1927,user_1927,C,45.374,False,2026-01-15T18:00:00
1928,user_1928,A,4.934,False,2026-01-06T05:00:00
1929,user_1929,A,3.59,True,2026-01-30T11:00:00
1930,user_1930,B,89.508,True,2026-02-10T00:00:00
1931,user_1931,C,44.946,True,2026-01-26T01:00:00
1932,user_1932,D,18.723,True,2026-01-09T20:00:00
1933,user_1933,A,28.96,True,2026-02-07T09:00:00
1934,user_1934,A,24.717,False,2026-01-03T13:00:00
1935,user_1935,D,53.459,True,2026-01-23T18:00:00
1936,user_1936,C,23.788,False,2026-01-17T08:00:00
1937,user_1937,C,74.921,True,2026-01-24T23:00:00
1938,user_1938,B,97.095,True,2026-02-03T08:00:00
1939,user_1939,D,73.128,False,2026-01-28T15:00:00
1940,user_1940,C,87.797,True,2026-01-25T11:00:00
1941,user_1941,C,70.589,False,2026-01-09T21:00:00
1942,user_1942,D,12.182,False,2026-01-14T01:00:00
1943,user_1943,A,99.722,True,2026-01-10T21:00:00
1944,user_1944,C,83.613,True,2026-01-10T14:00:00
1945,user_1945,C,93.359,False,2026-01-12T11:00:00
1946,user_1946,C,92.699,True,2026-01-09T16:00:00
1947,user_1947,D,30.96,False,2026-01-02T00:00:00
1948,user_1948,B,70.654,False,2026-01-03T19:00:00
1949,user_1949,C,79.792,True,2026-01-22T10:00:00
1950,user_1950,D,72.518,False,2026-01-27T17:00:00
1951,user_1951,B,99.083,False,2026-01-27T01:00:00
1952,user_1952,A,13.204,True,2026-01-09T10:00:00
1953,user_1953,C,24.089,False,2026-01-18T04:00:00
1954,user_1954,A,2.427,True,2026-01-17T05:00:00
1955,user_1955,D,31.821,False,2026-02-04T05:00:00
1956,user_1956,A,61.594,True,2026-01-05T08:00:00
1957,user_1957,C,34.738,True,2026-01-29T20:00:00
1958,user_1958,B,66.289,False,2026-01-11T01:00:00
1959,user_1959,B,41.877,False,2026-01-24T17:00:00
1960,user_1960,C,11.368,False,2026-01-14T04:00:00
1961,user_1961,D,71.02,False,2026-02-01T14:00:00
1962,user_1962,A,24.07,False,2026-01-28T05:00:00
1963,user_1963,D,30.238,False,2026-01-11T06:00:00
1964,user_1964,B,48.258,False,2026-02-07T14:00:00
1965,user_1965,D,69.762,False,2026-01-11T16:00:00
1966,user_1966,D,76.208,False,2026-01-15T21:00:00
1967,user_1967,A,45.417,True,2026-02-01T14:00:00
1968,user_1968,A,21.125,True,2026-01-05T10:00:00
1969,user_1969,B,91.33,True,2026-02-04T01:00:00
1970,user_1970,A,85.811,True,2026-01-05T02:00:00
1971,user_1971,D,36.951,False,2026-01-27T21:00:00
1972,user_1972,C,17.21,True,2026-01-13T15:00:00
1973,user_1973,B,84.866,True,2026-01-21T23:00:00
1974,user_1974,C,72.758,False,2026-02-10T22:00:00
1975,user_1975,A,80.745,True,2026-01-28T22:00:00
1976,user_1976,A,49.357,False,2026-01-25T18:00:00
1977,user_1977,C,85.314,True,2026-01-30T21:00:00
1978,user_1978,D,7.258,False,2026-01-27T08:00:00
1979,user_1979,D,82.95,False,2026-01-04T06:00:00
1980,user_1980,C,16.682,True,2026-01-12T15:00:00
1981,user_1981,C,97.05,False,2026-01-23T11:00:00
1982,user_1982,A,31.642,True,2026-01-01T19:00:00
1983,user_1983,B,99.888,True,2026-02-11T15:00:00
1984,user_1984,A,6.353,True,2026-01-29T11:00:00
1985,user_1985,C,39.237,True,2026-01-19T13:00:00
1986,user_1986,C,75.822,False,2026-01-21T07:00:00
1987,user_1987,A,66.668,False,2026-02-02T08:00:00
1988,user_1988,A,38.631,False,2026-01-19T07:00:00
1989,user_1989,C,39.18,True,2026-01-25T06:00:00
1990,user_1990,C,65.731,False,2026-01-16T13:00:00
1991,user_1991,D,96.949,True,2026-02-06T12:00:00
1992,user_1992,C,42.179,True,2026-01-23T17:00:00
1993,user_1993,A,49.461,False,2026-01-23T16:00:00
1994,user_1994,A,73.774,True,2026-02-07T11:00:00
1995,user_1995,B,75.579,False,2026-01-08T15:00:00
1996,user_1996,A,99.19,False,2026-02-07T11:00:00
1997,user_1997,A,6.536,True,2026-01-07T18:00:00
1998,user_1998,B,19.765,False,2026-01-04T04:00:00
1999,user_1999,B,59.39,False,2026-01-03T05:00:00
2000,user_2000,C,25.55,True,2026-01-28T17:00:00
2001,user_2001,A,96.922,True,2026-02-10T00:00:00
2002,user_2002,C,88.538,True,2026-01-08T06:00:00
2003,user_2003,D,82.321,True,2026-01-12T23:00:00
2004,user_2004,D,19.399,True,2026-01-20T12:00:00
2005,user_2005,B,11.951,True,2026-01-29T00:00:00
2006,user_2006,B,62.327,True,2026-01-10T19:00:00
2007,user_2007,B,20.708,False,2026-01-04T00:00:00
2008,user_2008,C,62.565,False,2026-01-02T03:00:00
2009,user_2009,C,12.861,False,2026-01-31T10:00:00
2010,user_2010,D,90.904,True,2026-01-08T11:00:00
2011,user_2011,D,65.505,False,2026-01-09T05:00:00
2012,user_2012,C,85.718,False,2026-02-07T19:00:00
2013,user_2013,B,25.176,True,2026-01-07T22:00:00
2014,user_2014,C,68.861,True,2026-01-24T05:00:00
2015,user_2015,B,55.713,True,2026-01-03T23:00:00
2016,user_2016,B,31.884,True,2026-01-29T07:00:00
2017,user_2017,A,51.457,True,2026-01-21T08:00:00
2018,user_2018,B,34.779,False,2026-01-23T04:00:00
2019,user_2019,B,8.5,True,2026-01-12T15:00:00
2020,user_2020,C,84.183,False,2026-01-05T21:00:00
2021,user_2021,A,69.033,False,2026-02-11T08:00:00
2022,user_2022,B,54.105,False,2026-02-01T06:00:00
2023,user_2023,A,77.625,True,2026-01-26T07:00:00
2024,user_2024,A,28.382,False,2026-01-24T11:00:00
2025,user_2025,C,54.134,False,2026-01-15T22:00:00
2026,user_2026,B,1.89,True,2026-01-02T03:00:00
2027,user_2027,A,12.643,False,2026-01-09T04:00:00
2028,user_2028,C,58.36,False,2026-02-02T22:00:00
2029,user_2029,A,89.278,False,2026-01-01T12:00:00
2030,user_2030,A,39.437,False,2026-01-26T12:00:00
2031,user_2031,D,10.351,True,2026-02-03T16:00:00
2032,user_2032,D,7.223,False,2026-02-04T09:00:00
2033,user_2033,A,30.411,True,2026-01-14T10:00:00
2034,user_2034,D,80.877,False,2026-01-06T19:00:00
2035,user_2035,A,62.819,False,2026-01-28T10:00:00
2036,user_2036,B,77.71,False,2026-01-30T19:00:00
2037,user_2037,D,62.933,False,2026-02-10T14:00:00
2038,user_2038,B,24.912,True,2026-01-10T22:00:00
2039,user_2039,C,28.865,True,2026-01-25T12:00:00
2040,user_2040,D,22.554,False,2026-02-01T11:00:00
2041,user_2041,C,10.789,False,2026-01-29T11:00:00
2042,user_2042,A,12.163,True,2026-01-02T20:00:00
2043,user_2043,C,32.144,False,2026-02-02T08:00:00
2044,user_2044,A,77.067,True,2026-01-10T04:00:00
2045,user_2045,A,26.105,False,2026-01-07T23:00:00
2046,user_2046,D,51.579,True,2026-01-12T16:00:00
2047,user_2047,D,18.869,False,2026-01-14T22:00:00
2048,user_2048,D,54.309,False,2026-01-25T06:00:00
2049,user_2049,B,95.376,False,2026-02-03T05:00:00
2050,user_2050,B,29.809,False,2026-02-10T06:00:00
2051,user_2051,B,19.041,True,2026-01-09T00:00:00
2052,user_2052,D,79.195,False,2026-02-07T16:00:00
2053,user_2053,A,39.008,True,2026-02-02T18:00:00
2054,user_2054,D,87.071,False,2026-01-10T20:00:00
2055,user_2055,A,76.16,False,2026-01-24T19:00:00
2056,user_2056,B,43.874,False,2026-01-14T18:00:00
2057,user_2057,C,33.231,True,2026-01-05T01:00:00
2058,user_2058,A,77.53,False,2026-01-23T14:00:00
2059,user_2059,C,73.975,True,2026-02-02T00:00:00
2060,user_2060,A,84.071,True,2026-01-12T18:00:00
2061,user_2061,C,35.398,False,2026-01-11T13:00:00
2062,user_2062,A,41.183,True,2026-01-20T07:00:00
2063,user_2063,C,87.296,False,2026-01-29T15:00:00
2064,user_2064,C,57.869,True,2026-01-07T12:00:00
2065,user_2065,D,78.155,True,2026-01-28T07:00:00
2066,user_2066,C,39.126,False,2026-01-13T11:00:00
2067,user_2067,C,92.708,False,2026-01-06T12:00:00
2068,user_2068,B,4.845,False,2026-01-30T15:00:00
2069,user_2069,B,86.6,False,2026-01-26T07:00:00
2070,user_2070,C,37.026,True,2026-01-10T03:00:00
2071,user_2071,B,2.258,True,2026-01-11T12:00:00
2072,user_2072,A,93.9,False,2026-02-05T11:00:00
2073,user_2073,B,77.396,True,2026-01-18T13:00:00
2074,user_2074,C,98.426,True,2026-01-10T20:00:00
2075,user_2075,C,73.382,False,2026-01-30T15:00:00
2076,user_2076,B,57.271,True,2026-02-07T04:00:00
2077,user_2077,D,60.01,False,2026-01-06T11:00:00
2078,user_2078,A,43.76,True,2026-01-10T20:00:00
2079,user_2079,B,68.411,True,2026-02-05T15:00:00
2080,user_2080,C,76.292,False,2026-01-19T07:00:00
2081,user_2081,A,78.675,False,2026-02-11T12:00:00
2082,user_2082,A,99.887,False,2026-01-05T00:00:00
2083,user_2083,A,83.046,True,2026-01-06T00:00:00
2084,user_2084,D,61.247,True,2026-02-09T23:00:00
2085,user_2085,A,44.028,False,2026-01-11T10:00:00
2086,user_2086,C,21.868,True,2026-01-27T17:00:00
2087,user_2087,B,3.285,False,2026-01-22T21:00:00
2088,user_2088,C,67.656,False,2026-02-05T19:00:00
2089,user_2089,C,77.152,False,2026-01-06T13:00:00
2090,user_2090,D,11.582,False,2026-02-08T19:00:00
2091,user_2091,C,71.119,False,2026-01-21T04:00:00
2092,user_2092,C,88.198,True,2026-01-15T09:00:00
2093,user_2093,C,34.355,False,2026-01-02T01:00:00
2094,user_2094,A,59.682,False,2026-02-05T10:00:00
2095,user_2095,B,75.52,True,2026-01-03T10:00:00
2096,user_2096,D,91.78,False,2026-01-14T16:00:00
2097,user_2097,A,68.165,False,2026-01-17T14:00:00
2098,user_2098,A,26.456,True,2026-01-10T12:00:00
2099,user_2099,B,89.248,False,2026-01-06T22:00:00
2100,user_2100,C,98.699,False,2026-01-13T05:00:00
2101,user_2101,C,11.923,True,2026-02-04T10:00:00
2102,user_2102,C,33.776,False,2026-01-05T10:00:00
2103,user_2103,B,59.781,False,2026-01-17T12:00:00
2104,user_2104,B,8.22,True,2026-01-01T17:00:00
2105,user_2105,A,58.961,True,2026-02-11T14:00:00
2106,user_2106,C,81.21,False,2026-01-04T06:00:00
2107,user_2107,D,71.599,True,2026-01-01T16:00:00
2108,user_2108,D,20.425,True,2026-01-19T18:00:00
2109,user_2109,B,21.517,False,2026-02-05T02:00:00
2110,user_2110,D,72.501,True,2026-01-11T04:00:00
2111,user_2111,D,11.801,True,2026-01-10T18:00:00
2112,user_2112,C,41.907,True,2026-01-27T16:00:00
2113,user_2113,B,82.839,True,2026-01-06T08:00:00
2114,user_2114,A,5.677,True,2026-02-03T21:00:00
2115,user_2115,D,84.609,True,2026-01-11T09:00:00
2116,user_2116,C,63.217,True,2026-01-17T20:00:00
2117,user_2117,A,8.644,False,2026-01-30T10:00:00
2118,user_2118,B,14.889,False,2026-01-29T16:00:00
2119,user_2119,D,32.785,True,2026-01-20T03:00:00
2120,user_2120,B,38.911,False,2026-02-03T11:00:00
2121,user_2121,A,16.577,True,2026-02-03T12:00:00
2122,user_2122,B,95.523,True,2026-01-12T22:00:00
2123,user_2123,A,19.79,False,2026-01-28T21:00:00
2124,user_2124,B,90.735,True,2026-01-26T06:00:00
2125,user_2125,D,16.557,False,2026-02-03T17:00:00
2126,user_2126,B,85.881,False,2026-01-13T09:00:00
2127,user_2127,B,26.222,False,2026-02-04T21:00:00
2128,user_2128,D,16.449,True,2026-01-24T11:00:00
2129,user_2129,D,20.773,True,2026-01-12T19:00:00
2130,user_2130,A,62.65,True,2026-01-07T21:00:00
2131,user_2131,D,34.899,False,2026-01-10T06:00:00
2132,user_2132,B,63.606,False,2026-02-10T17:00:00
2133,user_2133,D,30.724,False,2026-02-02T10:00:00
2134,user_2134,A,92.201,True,2026-01-07T21:00:00
2135,user_2135,B,81.584,True,2026-01-26T14:00:00
2136,user_2136,B,68.807,True,2026-01-08T21:00:00
2137,user_2137,D,62.462,False,2026-01-06T18:00:00
2138,user_2138,D,69.836,False,2026-02-07T16:00:00
2139,user_2139,B,32.262,False,2026-01-20T10:00:00
2140,user_2140,C,24.879,True,2026-01-20T18:00:00
2141,user_2141,A,53.923,False,2026-01-22T00:00:00
2142,user_2142,A,59.435,True,2026-02-11T09:00:00
2143,user_2143,D,16.632,True,2026-01-19T01:00:00
2144,user_2144,D,90.653,True,2026-01-27T05:00:00
2145,user_2145,D,52.686,False,2026-01-13T16:00:00
2146,user_2146,A,85.494,False,2026-01-01T11:00:00
2147,user_2147,A,61.987,False,2026-01-28T17:00:00
2148,user_2148,C,4.598,False,2026-02-03T18:00:00
2149,user_2149,D,51.429,True,2026-02-07T21:00:00
2150,user_2150,D,21.808,True,2026-01-26T10:00:00
2151,user_2151,C,26.738,True,2026-01-06T04:00:00
2152,user_2152,B,88.458,True,2026-02-11T08:00:00
2153,user_2153,C,88.856,True,2026-01-25T09:00:00
2154,user_2154,D,65.352,False,2026-01-30T13:00:00
2155,user_2155,B,73.41,True,2026-02-02T14:00:00
2156,user_2156,C,14.317,False,2026-01-08T11:00:00
2157,user_2157,A,70.412,False,2026-01-16T02:00:00
2158,user_2158,D,61.835,False,2026-01-15T12:00:00
2159,user_2159,D,70.584,True,2026-01-20T18:00:00
2160,user_2160,B,23.533,True,2026-01-17T19:00:00
2161,user_2161,C,10.984,False,2026-01-27T09:00:00
2162,user_2162,A,71.896,False,2026-02-01T03:00:00
2163,user_2163,A,26.653,False,2026-01-28T13:00:00
2164,user_2164,A,96.101,True,2026-01-18T07:00:00
2165,user_2165,B,48.234,True,2026-01-09T10:00:00
2166,user_2166,B,99.378,True,2026-01-14T20:00:00
2167,user_2167,D,72.786,False,2026-01-04T18:00:00
2168,user_2168,C,5.224,True,2026-02-01T11:00:00
2169,user_2169,B,93.759,True,2026-01-30T07:00:00
2170,user_2170,A,91.006,True,2026-01-21T20:00:00
2171,user_2171,B,42.066,False,2026-01-18T17:00:00
2172,user_2172,A,2.286,True,2026-01-11T20:00:00
2173,user_2173,B,83.048,True,2026-02-01T05:00:00
2174,user_2174,B,67.82,True,2026-01-26T20:00:00
2175,user_2175,D,63.66,True,2026-01-12T01:00:00
2176,user_2176,D,63.122,True,2026-02-03T22:00:00
2177,user_2177,B,74.139,False,2026-02-09T01:00:00
2178,user_2178,B,55.489,False,2026-02-01T05:00:00
2179,user_2179,D,0.708,False,2026-01-04T04:00:00
2180,user_2180,D,66.802,True,2026-01-26T14:00:00
2181,user_2181,B,52.79,False,2026-01-05T00:00:00
2182,user_2182,D,69.028,True,2026-02-05T11:00:00
2183,user_2183,D,95.767,False,2026-01-18T12:00:00
2184,user_2184,B,49.105,False,2026-01-18T06:00:00
2185,user_2185,B,2.601,True,2026-02-07T00:00:00
2186,user_2186,A,53.301,True,2026-01-29T01:00:00
2187,user_2187,D,26.282,False,2026-01-14T13:00:00
2188,user_2188,B,50.133,False,2026-01-29T23:00:00
2189,user_2189,A,92.78,False,2026-01-27T20:00:00
2190,user_2190,A,73.544,True,2026-01-18T02:00:00
2191,user_2191,A,13.007,False,2026-01-27T18:00:00
2192,user_2192,D,69.674,True,2026-02-10T17:00:00
2193,user_2193,B,85.513,False,2026-01-07T01:00:00
2194,user_2194,C,2.007,False,2026-02-10T03:00:00
2195,user_2195,D,65.127,True,2026-01-18T02:00:00
2196,user_2196,B,4.833,False,2026-01-11T02:00:00
2197,user_2197,B,57.774,False,2026-01-24T16:00:00
2198,user_2198,A,25.101,True,2026-01-21T13:00:00
2199,user_2199,B,78.05,True,2026-01-29T11:00:00
2200,user_2200,D,39.247,True,2026-02-10T14:00:00
2201,user_2201,A,53.124,True,2026-01-11T19:00:00
2202,user_2202,D,30.033,True,2026-01-10T16:00:00
2203,user_2203,C,58.737,True,2026-01-12T23:00:00
2204,user_2204,D,29.341,True,2026-01-23T12:00:00
2205,user_2205,A,19.356,True,2026-02-10T10:00:00
2206,user_2206,D,38.269,True,2026-02-05T09:00:00
2207,user_2207,A,18.289,False,2026-01-20T02:00:00
2208,user_2208,B,28.131,True,2026-01-11T06:00:00
2209,user_2209,D,16.064,False,2026-02-02T15:00:00
2210,user_2210,C,55.055,True,2026-01-09T08:00:00
2211,user_2211,A,22.529,False,2026-01-11T21:00:00
2212,user_2212,D,23.148,True,2026-01-21T12:00:00
2213,user_2213,A,12.546,True,2026-02-05T18:00:00
2214,user_2214,C,21.359,False,2026-01-13T12:00:00
2215,user_2215,C,24.015,True,2026-02-06T18:00:00
2216,user_2216,D,98.475,False,2026-01-22T11:00:00
2217,user_2217,A,66.207,False,2026-01-05T10:00:00
2218,user_2218,A,1.827,True,2026-02-08T18:00:00
2219,user_2219,A,49.964,False,2026-01-13T19:00:00
2220,user_2220,A,86.215,False,2026-01-24T09:00:00
2221,user_2221,D,74.695,True,2026-02-06T07:00:00
2222,user_2222,C,8.745,True,2026-01-08T22:00:00
2223,user_2223,B,78.08,False,2026-01-12T10:00:00
2224,user_2224,A,79.998,True,2026-01-31T14:00:00
2225,user_2225,D,28.769,True,2026-02-10T00:00:00
2226,user_2226,B,83.238,False,2026-01-14T00:00:00
2227,user_2227,C,37.31,False,2026-01-31T03:00:00
2228,user_2228,B,11.141,True,2026-02-03T21:00:00
2229,user_2229,A,51.562,True,2026-01-19T15:00:00
2230,user_2230,A,49.041,True,2026-01-25T00:00:00
2231,user_2231,A,52.437,True,2026-01-11T06:00:00
2232,user_2232,A,39.748,False,2026-01-06T07:00:00
2233,user_2233,A,13.524,True,2026-02-01T15:00:00
2234,user_2234,C,25.569,True,2026-01-23T18:00:00
2235,user_2235,B,92.495,True,2026-01-03T02:00:00
2236,user_2236,C,78.663,True,2026-01-19T15:00:00
2237,user_2237,B,37.562,False,2026-01-07T14:00:00
2238,user_2238,B,21.07,False,2026-01-10T13:00:00
2239,user_2239,D,15.254,False,2026-02-03T13:00:00
2240,user_2240,D,41.425,True,2026-01-18T13:00:00
2241,user_2241,B,4.2,True,2026-01-12T01:00:00
2242,user_2242,D,76.852,False,2026-01-15T06:00:00
2243,user_2243,C,88.004,False,2026-01-02T17:00:00
2244,user_2244,C,26.519,True,2026-01-12T14:00:00
2245,user_2245,B,81.124,False,2026-01-01T19:00:00
2246,user_2246,A,75.226,True,2026-01-27T20:00:00
2247,user_2247,D,49.88,True,2026-01-18T08:00:00
2248,user_2248,B,89.639,False,2026-02-04T21:00:00
2249,user_2249,C,48.725,False,2026-01-27T16:00:00
2250,user_2250,B,48.376,True,2026-01-25T17:00:00
2251,user_2251,C,47.034,False,2026-02-03T23:00:00
2252,user_2252,D,93.445,False,2026-01-09T22:00:00
2253,user_2253,D,19.699,True,2026-01-22T03:00:00
2254,user_2254,D,56.128,True,2026-01-05T02:00:00
2255,user_2255,B,10.723,True,2026-01-04T11:00:00
2256,user_2256,C,52.295,True,2026-01-29T13:00:00
2257,user_2257,A,11.649,True,2026-01-27T18:00:00
2258,user_2258,D,11.267,True,2026-01-18T04:00:00
2259,user_2259,D,15.094,False,2026-01-16T07:00:00
2260,user_2260,C,13.39,False,2026-01-08T17:00:00
2261,user_2261,B,38.135,True,2026-01-05T20:00:00
2262,user_2262,C,59.234,False,2026-01-08T19:00:00
2263,user_2263,C,28.563,True,2026-01-02T08:00:00
2264,user_2264,D,3.725,False,2026-01-08T18:00:00
2265,user_2265,D,20.443,False,2026-01-17T14:00:00
2266,user_2266,B,51.259,True,2026-01-03T09:00:00
2267,user_2267,C,75.838,False,2026-01-28T04:00:00
2268,user_2268,D,91.523,True,2026-02-07T11:00:00
2269,user_2269,D,57.039,False,2026-01-22T03:00:00
2270,user_2270,C,61.626,True,2026-02-08T09:00:00
2271,user_2271,A,31.296,False,2026-01-29T00:00:00
2272,user_2272,A,55.276,True,2026-01-01T14:00:00
2273,user_2273,C,33.881,False,2026-01-09T17:00:00
2274,user_2274,A,59.883,False,2026-01-24T00:00:00
2275,user_2275,A,0.039,False,2026-01-02T16:00:00
2276,user_2276,D,62.363,True,2026-01-04T10:00:00
2277,user_2277,D,43.242,True,2026-02-03T02:00:00
2278,user_2278,B,95.599,False,2026-01-05T01:00:00
2279,user_2279,D,81.55,False,2026-02-04T06:00:00
2280,user_2280,C,45.99,False,2026-01-24T10:00:00
2281,user_2281,A,24.742,False,2026-01-06T00:00:00
2282,user_2282,C,91.33,True,2026-01-02T21:00:00
2283,user_2283,A,93.833,False,2026-02-07T02:00:00
2284,user_2284,B,90.129,True,2026-01-14T13:00:00
2285,user_2285,D,93.505,False,2026-02-11T14:00:00
2286,user_2286,D,7.934,False,2026-01-05T15:00:00
2287,user_2287,C,77.973,False,2026-01-21T09:00:00
2288,user_2288,B,47.301,False,2026-01-20T03:00:00
2289,user_2289,D,38.29,True,2026-01-29T07:00:00
2290,user_2290,A,70.633,False,2026-01-04T17:00:00
2291,user_2291,D,27.226,False,2026-01-22T21:00:00
2292,user_2292,C,22.535,False,2026-01-14T19:00:00
2293,user_2293,C,18.443,True,2026-01-31T03:00:00
2294,user_2294,B,40.05,True,2026-02-07T18:00:00
2295,user_2295,C,91.97,False,2026-02-06T03:00:00
2296,user_2296,A,80.716,True,2026-01-10T05:00:00
2297,user_2297,A,44.015,True,2026-01-27T04:00:00
2298,user_2298,C,74.359,True,2026-01-06T13:00:00
2299,user_2299,D,71.382,True,2026-01-22T20:00:00
2300,user_2300,A,2.705,True,2026-01-30T10:00:00
2301,user_2301,B,72.229,False,2026-01-06T03:00:00
2302,user_2302,D,23.421,False,2026-01-20T19:00:00
2303,user_2303,A,64.98,True,2026-01-28T01:00:00
2304,user_2304,D,29.022,True,2026-02-10T15:00:00
2305,user_2305,C,62.231,True,2026-01-07T16:00:00
2306,user_2306,C,99.545,True,2026-01-14T14:00:00
2307,user_2307,B,23.422,False,2026-02-05T23:00:00
2308,user_2308,C,48.628,False,2026-01-30T10:00:00
2309,user_2309,C,75.939,False,2026-02-07T04:00:00
2310,user_2310,A,36.016,False,2026-01-28T01:00:00
2311,user_2311,A,70.199,False,2026-01-23T12:00:00
2312,user_2312,D,90.161,False,2026-02-03T03:00:00
2313,user_2313,A,53.972,False,2026-01-10T15:00:00
2314,user_2314,D,85.767,False,2026-02-04T11:00:00
2315,user_2315,C,86.829,True,2026-01-15T12:00:00
2316,user_2316,B,61.913,True,2026-01-14T09:00:00
2317,user_2317,C,79.91,False,2026-01-31T15:00:00
2318,user_2318,B,11.898,True,2026-01-09T01:00:00
2319,user_2319,A,32.011,False,2026-01-09T20:00:00
2320,user_2320,D,81.512,False,2026-02-06T01:00:00
2321,user_2321,C,42.135,True,2026-02-05T08:00:00
2322,user_2322,D,74.225,True,2026-01-01T15:00:00
2323,user_2323,D,46.913,False,2026-01-04T18:00:00
2324,user_2324,B,65.566,False,2026-01-23T06:00:00
2325,user_2325,B,57.809,True,2026-01-19T06:00:00
2326,user_2326,C,4.329,True,2026-01-13T02:00:00
2327,user_2327,C,29.342,True,2026-01-09T14:00:00
2328,user_2328,A,15.864,True,2026-02-07T07:00:00
2329,user_2329,D,57.219,True,2026-01-26T23:00:00
2330,user_2330,C,49.08,False,2026-02-05T20:00:00
2331,user_2331,C,49.004,True,2026-01-28T20:00:00
2332,user_2332,D,10.777,True,2026-01-29T08:00:00
2333,user_2333,A,58.504,True,2026-01-13T04:00:00
2334,user_2334,D,18.351,False,2026-01-04T11:00:00
2335,user_2335,D,95.936,True,2026-01-05T02:00:00
2336,user_2336,C,77.955,False,2026-01-19T16:00:00
2337,user_2337,B,66.864,True,2026-01-24T00:00:00
2338,user_2338,C,20.109,False,2026-02-03T05:00:00
2339,user_2339,D,1.509,True,2026-01-22T07:00:00
2340,user_2340,A,51.479,True,2026-01-06T05:00:00
2341,user_2341,B,10.58,False,2026-01-23T05:00:00
2342,user_2342,A,64.936,True,2026-01-12T13:00:00
2343,user_2343,D,95.11,False,2026-01-07T06:00:00
2344,user_2344,C,79.766,False,2026-01-31T18:00:00
2345,user_2345,D,87.472,True,2026-01-22T08:00:00
2346,user_2346,B,46.231,True,2026-01-13T06:00:00
2347,user_2347,D,22.615,True,2026-01-02T16:00:00
2348,user_2348,D,3.895,False,2026-01-27T11:00:00
2349,user_2349,D,30.064,True,2026-01-13T16:00:00
2350,user_2350,C,97.677,True,2026-01-11T09:00:00
2351,user_2351,B,21.892,False,2026-01-05T15:00:00
2352,user_2352,A,99.445,False,2026-02-02T03:00:00
2353,user_2353,D,90.445,False,2026-01-11T00:00:00
2354,user_2354,D,54.464,True,2026-02-04T04:00:00
2355,user_2355,A,23.072,False,2026-02-01T21:00:00
2356,user_2356,A,68.558,True,2026-01-22T10:00:00
2357,user_2357,B,46.676,False,2026-02-05T16:00:00
2358,user_2358,A,27.747,False,2026-01-02T19:00:00
2359,user_2359,C,84.993,True,2026-02-01T07:00:00
2360,user_2360,D,46.641,False,2026-01-26T23:00:00
2361,user_2361,C,77.62,True,2026-01-27T18:00:00
2362,user_2362,A,97.534,True,2026-02-11T08:00:00
2363,user_2363,A,1.08,True,2026-02-08T11:00:00
2364,user_2364,D,66.307,True,2026-01-27T19:00:00
2365,user_2365,B,3.08,True,2026-02-03T19:00:00
2366,user_2366,D,53.58,False,2026-01-18T22:00:00
2367,user_2367,B,19.82,True,2026-01-04T21:00:00
2368,user_2368,D,94.214,True,2026-02-01T05:00:00
2369,user_2369,D,22.719,True,2026-01-01T05:00:00
2370,user_2370,D,24.331,True,2026-01-16T07:00:00
2371,user_2371,A,85.843,True,2026-02-05T02:00:00
2372,user_2372,B,89.394,True,2026-01-27T23:00:00
2373,user_2373,D,70.482,True,2026-01-15T21:00:00
2374,user_2374,C,88.076,False,2026-01-28T07:00:00
2375,user_2375,B,94.468,True,2026-01-26T11:00:00
2376,user_2376,D,7.609,True,2026-01-11T06:00:00
2377,user_2377,C,32.687,True,2026-01-01T00:00:00
2378,user_2378,A,28.169,True,2026-01-19T09:00:00
2379,user_2379,D,72.636,True,2026-01-06T11:00:00
2380,user_2380,D,75.446,False,2026-01-10T02:00:00
2381,user_2381,A,15.236,False,2026-01-16T01:00:00
2382,user_2382,D,92.431,True,2026-01-03T14:00:00
2383,user_2383,C,16.107,True,2026-01-10T04:00:00
2384,user_2384,D,6.276,False,2026-01-03T22:00:00
2385,user_2385,A,50.519,False,2026-02-06T10:00:00
2386,user_2386,A,65.995,False,2026-01-28T10:00:00
2387,user_2387,C,7.114,True,2026-01-29T09:00:00
2388,user_2388,A,5.693,False,2026-01-17T12:00:00
2389,user_2389,D,17.098,False,2026-01-04T23:00:00
2390,user_2390,B,73.469,False,2026-01-01T07:00:00
2391,user_2391,A,64.21,True,2026-01-03T16:00:00
2392,user_2392,C,84.026,True,2026-01-19T13:00:00
2393,user_2393,D,26.722,True,2026-01-09T02:00:00
2394,user_2394,D,4.272,False,2026-01-01T00:00:00
2395,user_2395,A,13.764,True,2026-01-18T16:00:00
2396,user_2396,D,51.114,False,2026-02-02T17:00:00
2397,user_2397,B,21.532,True,2026-01-06T08:00:00
2398,user_2398,C,68.952,True,2026-01-28T20:00:00
2399,user_2399,A,80.823,True,2026-01-12T12:00:00
2400,user_2400,B,99.634,True,2026-01-18T21:00:00
2401,user_2401,B,55.984,True,2026-01-07T11:00:00
2402,user_2402,A,31.535,False,2026-01-11T19:00:00
2403,user_2403,B,5.338,False,2026-01-06T23:00:00
2404,user_2404,A,96.569,False,2026-02-03T16:00:00
2405,user_2405,C,24.696,False,2026-01-18T13:00:00
2406,user_2406,C,17.562,False,2026-01-24T21:00:00
2407,user_2407,B,2.976,True,2026-02-04T08:00:00
2408,user_2408,C,52.155,False,2026-01-23T18:00:00
2409,user_2409,C,14.15,True,2026-02-08T11:00:00
2410,user_2410,C,10.043,False,2026-01-15T07:00:00
2411,user_2411,C,42.961,True,2026-01-30T10:00:00
2412,user_2412,C,40.343,False,2026-01-19T08:00:00
2413,user_2413,D,91.236,True,2026-01-01T11:00:00
2414,user_2414,C,7.817,True,2026-01-15T06:00:00
2415,user_2415,B,33.441,True,2026-02-09T16:00:00
2416,user_2416,D,57.22,True,2026-01-04T06:00:00
2417,user_2417,A,57.193,True,2026-01-19T12:00:00
2418,user_2418,C,60.25,True,2026-01-03T09:00:00
2419,user_2419,A,70.498,True,2026-01-06T04:00:00
2420,user_2420,A,96.079,False,2026-02-07T12:00:00
2421,user_2421,C,15.013,True,2026-01-31T18:00:00
2422,user_2422,C,9.125,False,2026-01-29T07:00:00
2423,user_2423,D,29.91,False,2026-01-08T00:00:00
2424,user_2424,C,87.095,True,2026-01-07T01:00:00
2425,user_2425,C,12.352,False,2026-01-21T15:00:00
2426,user_2426,C,52.35,False,2026-01-08T03:00:00
2427,user_2427,C,26.493,False,2026-01-14T15:00:00
2428,user_2428,C,61.689,True,2026-01-08T18:00:00
2429,user_2429,A,76.816,True,2026-01-08T00:00:00
2430,user_2430,C,49.43,False,2026-01-05T21:00:00
2431,user_2431,B,73.567,True,2026-01-28T02:00:00
2432,user_2432,D,86.41,False,2026-01-18T02:00:00
2433,user_2433,B,27.15,False,2026-01-18T03:00:00
2434,user_2434,C,43.937,True,2026-01-29T23:00:00
2435,user_2435,B,58.136,False,2026-02-04T20:00:00
2436,user_2436,C,29.576,False,2026-01-01T23:00:00
2437,user_2437,D,58.348,False,2026-02-04T03:00:00
2438,user_2438,B,65.927,True,2026-01-22T14:00:00
2439,user_2439,A,95.082,False,2026-02-09T17:00:00
2440,user_2440,D,70.863,False,2026-01-03T01:00:00
2441,user_2441,A,42.193,False,2026-01-16T12:00:00
2442,user_2442,B,9.028,False,2026-01-24T14:00:00
2443,user_2443,B,13.133,True,2026-02-09T15:00:00
2444,user_2444,B,86.975,False,2026-02-05T01:00:00
2445,user_2445,C,92.282,False,2026-01-24T20:00:00
2446,user_2446,B,89.607,False,2026-01-09T06:00:00
2447,user_2447,B,21.422,True,2026-01-30T05:00:00
2448,user_2448,B,51.329,False,2026-02-04T15:00:00
2449,user_2449,C,43.859,True,2026-02-06T20:00:00
2450,user_2450,B,59.983,False,2026-01-26T20:00:00
2451,user_2451,C,37.275,False,2026-01-11T08:00:00
2452,user_2452,D,96.917,False,2026-02-07T16:00:00
2453,user_2453,B,43.533,False,2026-01-26T06:00:00
2454,user_2454,C,85.937,False,2026-02-07T06:00:00
2455,user_2455,D,28.9,True,2026-01-18T14:00:00
2456,user_2456,B,1.255,False,2026-02-10T12:00:00
2457,user_2457,B,62.401,False,2026-01-14T08:00:00
2458,user_2458,B,63.379,False,2026-01-20T11:00:00
2459,user_2459,C,32.663,True,2026-01-15T02:00:00
2460,user_2460,C,10.754,False,2026-01-21T06:00:00
2461,user_2461,C,20.329,False,2026-02-05T18:00:00
2462,user_2462,A,29.376,False,2026-01-13T18:00:00
2463,user_2463,A,60.728,False,2026-01-06T12:00:00
2464,user_2464,B,43.235,True,2026-01-06T11:00:00
2465,user_2465,B,74.655,True,2026-01-12T18:00:00
2466,user_2466,A,59.634,True,2026-02-06T11:00:00
2467,user_2467,C,36.038,False,2026-01-10T00:00:00
2468,user_2468,A,73.886,True,2026-01-27T17:00:00
2469,user_2469,D,96.683,True,2026-01-25T01:00:00
2470,user_2470,D,54.445,True,2026-01-25T08:00:00
2471,user_2471,D,80.005,False,2026-01-07T14:00:00
2472,user_2472,C,69.72,True,2026-01-26T13:00:00
2473,user_2473,B,97.414,True,2026-01-03T22:00:00
2474,user_2474,B,15.645,False,2026-01-03T05:00:00
2475,user_2475,A,43.425,False,2026-01-22T00:00:00
2476,user_2476,B,90.787,False,2026-02-07T09:00:00
2477,user_2477,B,42.158,True,2026-02-10T20:00:00
2478,user_2478,C,56.54,False,2026-01-13T03:00:00
2479,user_2479,A,26.393,True,2026-01-22T20:00:00
2480,user_2480,D,29.835,True,2026-01-24T16:00:00
2481,user_2481,C,58.505,False,2026-01-06T12:00:00
2482,user_2482,B,25.074,False,2026-01-19T12:00:00
2483,user_2483,B,7.598,False,2026-02-03T22:00:00
2484,user_2484,C,63.766,False,2026-01-24T05:00:00
2485,user_2485,C,35.259,False,2026-02-03T14:00:00
2486,user_2486,D,36.337,False,2026-01-25T06:00:00
2487,user_2487,C,30.257,False,2026-02-10T23:00:00
2488,user_2488,A,6.161,False,2026-01-15T22:00:00
2489,user_2489,B,39.571,False,2026-01-17T14:00:00
2490,user_2490,D,14.288,False,2026-02-03T17:00:00
2491,user_2491,B,63.358,False,2026-01-14T17:00:00
2492,user_2492,B,31.904,True,2026-02-10T17:00:00
2493,user_2493,A,84.27,True,2026-02-08T12:00:00
2494,user_2494,A,47.396,False,2026-01-31T12:00:00
2495,user_2495,D,80.851,True,2026-01-01T04:00:00
2496,user_2496,D,19.181,False,2026-01-31T16:00:00
2497,user_2497,A,78.439,True,2026-01-09T02:00:00
2498,user_2498,D,17.466,False,2026-01-02T04:00:00
2499,user_2499,A,1.368,False,2026-02-07T11:00:00
2500,user_2500,C,52.813,False,2026-01-15T11:00:00
2501,user_2501,A,41.223,False,2026-01-01T12:00:00
2502,user_2502,C,21.792,True,2026-01-06T03:00:00
2503,user_2503,A,94.847,False,2026-01-15T00:00:00
2504,user_2504,B,57.687,False,2026-02-02T10:00:00
2505,user_2505,D,85.616,False,2026-02-09T11:00:00
2506,user_2506,D,5.244,False,2026-01-30T19:00:00
2507,user_2507,A,16.511,False,2026-01-24T07:00:00
2508,user_2508,D,24.397,False,2026-01-24T05:00:00
2509,user_2509,B,9.42,False,2026-01-11T12:00:00
2510,user_2510,A,99.262,False,2026-01-05T06:00:00
2511,user_2511,A,40.814,False,2026-01-12T02:00:00
2512,user_2512,C,9.759,False,2026-01-03T07:00:00
2513,user_2513,D,44.696,False,2026-01-05T10:00:00
2514,user_2514,B,96.554,True,2026-01-02T09:00:00
2515,user_2515,B,59.181,False,2026-01-08T16:00:00
2516,user_2516,A,93.977,False,2026-01-27T18:00:00
2517,user_2517,D,14.199,True,2026-01-31T07:00:00
2518,user_2518,B,71.735,True,2026-01-22T01:00:00
2519,user_2519,D,71.356,False,2026-02-03T10:00:00
2520,user_2520,D,53.794,False,2026-01-16T15:00:00
2521,user_2521,C,24.666,False,2026-01-14T02:00:00
2522,user_2522,C,42.146,True,2026-01-22T02:00:00
2523,user_2523,B,51.936,True,2026-02-06T07:00:00
2524,user_2524,D,86.226,False,2026-01-25T11:00:00
2525,user_2525,B,54.081,False,2026-01-29T22:00:00
2526,user_2526,A,81.132,True,2026-01-22T03:00:00
2527,user_2527,D,32.115,False,2026-01-20T02:00:00
2528,user_2528,A,32.349,False,2026-01-09T12:00:00
2529,user_2529,C,66.155,False,2026-01-11T19:00:00
2530,user_2530,D,99.499,False,2026-02-10T05:00:00
2531,user_2531,D,10.425,True,2026-01-07T08:00:00
2532,user_2532,C,87.658,False,2026-01-14T14:00:00
2533,user_2533,C,8.595,True,2026-01-25T21:00:00
2534,user_2534,A,93.131,True,2026-02-10T03:00:00
2535,user_2535,C,43.542,False,2026-02-05T22:00:00
2536,user_2536,B,43.259,True,2026-01-06T05:00:00
2537,user_2537,B,43.332,False,2026-01-12T23:00:00
2538,user_2538,D,34.356,True,2026-02-05T03:00:00
2539,user_2539,A,42.59,True,2026-01-13T07:00:00
2540,user_2540,D,82.457,False,2026-02-01T13:00:00
2541,user_2541,C,65.545,True,2026-01-01T11:00:00
2542,user_2542,C,8.683,True,2026-01-19T19:00:00
2543,user_2543,A,36.696,False,2026-01-08T06:00:00
2544,user_2544,D,91.693,False,2026-02-10T04:00:00
2545,user_2545,D,75.445,False,2026-01-04T05:00:00
2546,user_2546,A,84.061,True,2026-01-14T17:00:00
2547,user_2547,A,97.678,False,2026-01-27T05:00:00
2548,user_2548,B,95.437,False,2026-01-22T11:00:00
2549,user_2549,C,50.551,False,2026-01-31T15:00:00
2550,user_2550,B,71.738,True,2026-01-23T07:00:00
2551,user_2551,C,22.07,True,2026-01-22T20:00:00
2552,user_2552,C,48.778,False,2026-02-01T04:00:00
2553,user_2553,A,73.108,False,2026-01-06T23:00:00
2554,user_2554,D,12.052,False,2026-01-22T03:00:00
2555,user_2555,C,59.196,True,2026-01-26T20:00:00
2556,user_2556,A,73.382,False,2026-02-02T20:00:00
2557,user_2557,D,6.699,False,2026-01-17T17:00:00
2558,user_2558,B,20.519,False,2026-01-01T19:00:00
2559,user_2559,C,11.378,True,2026-01-21T03:00:00
2560,user_2560,D,55.35,False,2026-02-08T01:00:00
2561,user_2561,C,42.454,True,2026-01-08T13:00:00
2562,user_2562,C,45.914,True,2026-01-31T11:00:00
2563,user_2563,C,96.023,False,2026-01-10T06:00:00
2564,user_2564,D,54.491,False,2026-02-10T13:00:00
2565,user_2565,A,98.166,False,2026-01-12T11:00:00
2566,user_2566,D,11.016,True,2026-01-04T01:00:00
2567,user_2567,D,20.827,False,2026-02-07T14:00:00
2568,user_2568,C,21.197,True,2026-01-25T16:00:00
2569,user_2569,B,10.819,True,2026-01-23T07:00:00
2570,user_2570,A,96.682,False,2026-01-16T11:00:00
2571,user_2571,C,77.109,False,2026-02-02T16:00:00
2572,user_2572,D,70.481,True,2026-02-06T15:00:00
2573,user_2573,A,56.9,True,2026-02-06T08:00:00
2574,user_2574,D,9.793,False,2026-01-24T05:00:00
2575,user_2575,D,88.541,False,2026-01-30T21:00:00
2576,user_2576,A,4.877,True,2026-01-31T09:00:00
2577,user_2577,C,16.3,False,2026-01-30T01:00:00
2578,user_2578,C,54.879,True,2026-01-22T08:00:00
2579,user_2579,B,53.124,True,2026-02-04T17:00:00
2580,user_2580,D,98.606,True,2026-01-02T18:00:00
2581,user_2581,C,36.868,False,2026-01-11T21:00:00
2582,user_2582,A,77.146,False,2026-01-25T00:00:00
2583,user_2583,A,6.262,True,2026-01-16T12:00:00
2584,user_2584,B,3.513,True,2026-01-02T12:00:00
2585,user_2585,A,93.213,False,2026-01-07T11:00:00
2586,user_2586,D,88.394,False,2026-01-13T18:00:00
2587,user_2587,D,90.006,True,2026-01-22T17:00:00
2588,user_2588,B,15.021,False,2026-01-25T23:00:00
2589,user_2589,A,42.201,True,2026-01-20T23:00:00
2590,user_2590,C,65.15,False,2026-01-22T11:00:00
2591,user_2591,A,64.83,True,2026-01-12T16:00:00
2592,user_2592,D,48.59,True,2026-01-23T08:00:00
2593,user_2593,C,68.704,True,2026-01-28T19:00:00
2594,user_2594,B,14.081,False,2026-01-05T00:00:00
2595,user_2595,D,45.022,True,2026-01-06T06:00:00
2596,user_2596,A,3.914,False,2026-01-20T12:00:00
2597,user_2597,D,56.745,False,2026-02-06T18:00:00
2598,user_2598,A,51.07,False,2026-01-12T06:00:00
2599,user_2599,D,91.459,True,2026-01-23T21:00:00
2600,user_2600,B,7.71,True,2026-02-08T21:00:00
2601,user_2601,D,96.628,False,2026-01-19T13:00:00
2602,user_2602,A,94.662,False,2026-02-03T05:00:00
2603,user_2603,B,84.19,False,2026-02-01T07:00:00
2604,user_2604,D,84.222,False,2026-02-02T04:00:00
2605,user_2605,C,15.425,True,2026-01-26T10:00:00
2606,user_2606,B,96.757,False,2026-01-03T01:00:00
2607,user_2607,D,53.685,False,2026-01-04T09:00:00
2608,user_2608,B,63.201,False,2026-01-28T15:00:00
2609,user_2609,A,29.161,True,2026-01-28T08:00:00
2610,user_2610,D,62.811,False,2026-01-12T13:00:00
2611,user_2611,A,15.703,True,2026-01-08T04:00:00
2612,user_2612,C,41.462,True,2026-01-20T14:00:00
2613,user_2613,B,76.07,False,2026-01-19T16:00:00
2614,user_2614,C,67.866,True,2026-02-03T17:00:00
2615,user_2615,B,95.77,True,2026-01-17T14:00:00
2616,user_2616,B,15.813,True,2026-01-23T05:00:00
2617,user_2617,A,30.948,False,2026-01-05T15:00:00
2618,user_2618,D,80.435,False,2026-01-30T06:00:00
2619,user_2619,C,27.525,False,2026-02-06T07:00:00
2620,user_2620,D,58.283,True,2026-01-25T04:00:00
2621,user_2621,B,94.881,True,2026-01-07T09:00:00
2622,user_2622,D,27.22,True,2026-01-17T09:00:00
2623,user_2623,D,35.27,False,2026-01-23T14:00:00
2624,user_2624,B,30.878,True,2026-02-09T13:00:00
2625,user_2625,B,7.975,False,2026-01-21T15:00:00
2626,user_2626,A,60.683,True,2026-01-23T04:00:00
2627,user_2627,C,64.447,False,2026-02-07T18:00:00
2628,user_2628,C,63.944,False,2026-01-20T08:00:00
2629,user_2629,C,46.859,True,2026-01-17T04:00:00
2630,user_2630,A,36.349,True,2026-02-06T08:00:00
2631,user_2631,B,15.38,False,2026-01-20T22:00:00
2632,user_2632,C,57.71,False,2026-01-23T21:00:00
2633,user_2633,B,3.87,True,2026-01-08T22:00:00
2634,user_2634,C,65.294,False,2026-01-22T19:00:00
2635,user_2635,B,55.396,True,2026-02-05T04:00:00
2636,user_2636,C,3.255,True,2026-01-12T10:00:00
2637,user_2637,A,16.885,False,2026-01-20T01:00:00
2638,user_2638,B,80.109,False,2026-01-11T07:00:00
2639,user_2639,A,14.714,False,2026-01-02T19:00:00
2640,user_2640,D,7.825,True,2026-01-14T05:00:00
2641,user_2641,A,22.215,True,2026-02-05T14:00:00
2642,user_2642,A,24.09,False,2026-01-31T03:00:00
2643,user_2643,A,96.332,True,2026-01-31T10:00:00
2644,user_2644,C,43.702,False,2026-01-30T19:00:00
2645,user_2645,A,26.302,False,2026-01-14T13:00:00
2646,user_2646,D,76.139,False,2026-01-18T13:00:00
2647,user_2647,A,46.098,True,2026-01-22T08:00:00
2648,user_2648,D,55.737,False,2026-01-17T14:00:00
2649,user_2649,A,64.559,True,2026-02-06T05:00:00
2650,user_2650,A,9.419,False,2026-02-06T10:00:00
2651,user_2651,B,80.145,False,2026-02-08T18:00:00
2652,user_2652,D,94.723,False,2026-01-10T20:00:00
2653,user_2653,A,13.975,True,2026-01-26T00:00:00
2654,user_2654,C,70.738,False,2026-01-16T12:00:00
2655,user_2655,A,97.161,False,2026-01-18T02:00:00
2656,user_2656,A,65.519,True,2026-02-05T15:00:00
2657,user_2657,A,51.227,False,2026-02-11T05:00:00
2658,user_2658,A,25.31,False,2026-02-08T04:00:00
2659,user_2659,D,99.317,True,2026-01-23T21:00:00
2660,user_2660,C,88.844,False,2026-01-23T17:00:00
2661,user_2661,A,78.209,True,2026-01-09T10:00:00
2662,user_2662,D,9.844,False,2026-01-03T12:00:00
2663,user_2663,A,19.701,True,2026-02-01T21:00:00
2664,user_2664,A,47.298,True,2026-01-31T14:00:00
2665,user_2665,C,17.733,True,2026-01-23T23:00:00
2666,user_2666,C,60.917,False,2026-01-13T10:00:00
2667,user_2667,C,15.45,False,2026-01-26T08:00:00
2668,user_2668,A,66.232,False,2026-02-03T06:00:00
2669,user_2669,B,23.037,True,2026-02-01T06:00:00
2670,user_2670,D,7.679,False,2026-01-13T23:00:00
2671,user_2671,C,46.198,True,2026-01-03T07:00:00
2672,user_2672,A,81.52,False,2026-01-11T12:00:00
2673,user_2673,D,71.947,True,2026-01-17T04:00:00
2674,user_2674,C,66.897,False,2026-01-20T11:00:00
2675,user_2675,B,21.509,True,2026-01-09T07:00:00
2676,user_2676,D,66.763,True,2026-01-06T19:00:00
2677,user_2677,B,1.901,True,2026-01-04T06:00:00
2678,user_2678,B,94.1,True,2026-02-09T17:00:00
2679,user_2679,C,89.086,False,2026-01-06T13:00:00
2680,user_2680,A,12.836,True,2026-02-08T17:00:00
2681,user_2681,A,91.213,False,2026-02-01T08:00:00
2682,user_2682,B,20.267,False,2026-01-08T12:00:00
2683,user_2683,A,51.682,True,2026-02-11T10:00:00
2684,user_2684,D,13.672,False,2026-02-05T15:00:00
2685,user_2685,B,71.299,True,2026-01-18T19:00:00
2686,user_2686,C,77.107,True,2026-01-03T23:00:00
2687,user_2687,C,70.1,False,2026-01-21T12:00:00
2688,user_2688,A,15.478,False,2026-01-02T02:00:00
2689,user_2689,A,39.357,False,2026-02-01T19:00:00
2690,user_2690,C,76.459,False,2026-01-16T02:00:00
2691,user_2691,A,37.266,False,2026-01-30T18:00:00
2692,user_2692,D,11.608,False,2026-01-21T01:00:00
2693,user_2693,D,53.988,False,2026-01-01T20:00:00
2694,user_2694,A,61.854,False,2026-01-10T15:00:00
2695,user_2695,B,92.119,True,2026-01-07T22:00:00
2696,user_2696,D,16.696,False,2026-01-03T14:00:00
2697,user_2697,C,98.123,False,2026-01-06T12:00:00
2698,user_2698,A,7.129,True,2026-01-01T03:00:00
2699,user_2699,A,56.49,False,2026-02-08T03:00:00
2700,user_2700,A,60.761,False,2026-01-30T02:00:00
2701,user_2701,C,35.327,False,2026-02-07T18:00:00
2702,user_2702,D,71.818,False,2026-01-03T22:00:00
2703,user_2703,A,25.229,False,2026-02-03T00:00:00
2704,user_2704,B,97.332,True,2026-01-22T10:00:00
2705,user_2705,A,9.269,False,2026-01-23T10:00:00
2706,user_2706,C,35.467,True,2026-01-14T09:00:00
2707,user_2707,B,12.464,False,2026-01-24T17:00:00
2708,user_2708,A,44.059,True,2026-01-21T15:00:00
2709,user_2709,C,94.392,True,2026-02-02T11:00:00
2710,user_2710,D,95.843,True,2026-01-14T05:00:00
2711,user_2711,A,24.483,True,2026-01-14T11:00:00
2712,user_2712,A,13.423,True,2026-01-05T21:00:00
2713,user_2713,B,32.769,True,2026-01-01T02:00:00
2714,user_2714,A,22.521,True,2026-01-02T06:00:00
2715,user_2715,D,0.56,False,2026-02-07T01:00:00
2716,user_2716,C,21.831,True,2026-01-01T04:00:00
2717,user_2717,C,29.914,True,2026-01-08T14:00:00
2718,user_2718,B,95.011,True,2026-01-22T14:00:00
2719,user_2719,B,52.542,True,2026-02-03T01:00:00
2720,user_2720,A,77.124,True,2026-01-15T06:00:00
2721,user_2721,B,11.51,True,2026-01-21T08:00:00
2722,user_2722,C,70.421,False,2026-01-02T18:00:00
2723,user_2723,D,2.71,False,2026-01-26T16:00:00
2724,user_2724,D,43.954,False,2026-01-21T04:00:00
2725,user_2725,B,41.843,False,2026-01-18T17:00:00
2726,user_2726,D,93.441,False,2026-01-13T18:00:00
2727,user_2727,A,87.131,False,2026-01-18T00:00:00
2728,user_2728,C,47.178,True,2026-01-03T04:00:00
2729,user_2729,D,56.164,True,2026-02-09T20:00:00
2730,user_2730,C,14.421,False,2026-01-24T17:00:00
2731,user_2731,D,98.329,True,2026-02-07T13:00:00
2732,user_2732,B,27.032,True,2026-01-15T02:00:00
2733,user_2733,D,45.931,True,2026-01-22T23:00:00
2734,user_2734,C,68.021,True,2026-01-08T14:00:00
2735,user_2735,B,20.039,True,2026-01-24T07:00:00
2736,user_2736,C,17.987,False,2026-01-23T04:00:00
2737,user_2737,A,35.25,True,2026-02-06T16:00:00
2738,user_2738,A,54.646,False,2026-02-08T21:00:00
2739,user_2739,C,84.753,True,2026-01-16T06:00:00
2740,user_2740,D,70.156,True,2026-02-07T06:00:00
2741,user_2741,D,40.663,True,2026-01-07T03:00:00
2742,user_2742,B,26.701,False,2026-01-26T08:00:00
2743,user_2743,D,59.366,True,2026-01-13T21:00:00
2744,user_2744,B,2.227,False,2026-01-13T10:00:00
2745,user_2745,A,44.73,False,2026-01-31T11:00:00
2746,user_2746,A,59.428,False,2026-02-01T12:00:00
2747,user_2747,D,24.688,False,2026-01-03T16:00:00
2748,user_2748,A,1.663,True,2026-01-24T21:00:00
2749,user_2749,B,29.989,False,2026-01-12T12:00:00
2750,user_2750,B,2.327,True,2026-01-29T01:00:00
2751,user_2751,C,73.036,False,2026-01-30T21:00:00
2752,user_2752,C,87.149,False,2026-01-22T07:00:00
2753,user_2753,D,59.261,True,2026-02-05T08:00:00
2754,user_2754,C,13.349,False,2026-01-23T02:00:00
2755,user_2755,B,68.002,False,2026-01-14T09:00:00
2756,user_2756,A,35.305,True,2026-01-28T04:00:00
2757,user_2757,D,61.37,True,2026-02-02T19:00:00
2758,user_2758,D,51.115,False,2026-01-15T10:00:00
2759,user_2759,A,28.406,False,2026-02-07T20:00:00
2760,user_2760,A,44.07,True,2026-01-07T06:00:00
2761,user_2761,A,44.783,True,2026-01-01T14:00:00
2762,user_2762,A,62.327,True,2026-01-13T13:00:00
2763,user_2763,B,48.658,True,2026-02-03T01:00:00
2764,user_2764,B,68.668,True,2026-01-30T06:00:00
2765,user_2765,C,84.433,True,2026-01-23T01:00:00
2766,user_2766,A,78.862,False,2026-01-06T08:00:00
2767,user_2767,D,7.25,True,2026-01-29T18:00:00
2768,user_2768,A,82.565,True,2026-02-09T02:00:00
2769,user_2769,D,27.855,False,2026-01-05T04:00:00
2770,user_2770,B,25.017,False,2026-02-04T18:00:00
2771,user_2771,D,97.306,False,2026-01-19T21:00:00
2772,user_2772,A,87.935,True,2026-02-09T13:00:00
2773,user_2773,B,66.575,True,2026-01-13T04:00:00
2774,user_2774,C,99.153,True,2026-01-13T13:00:00
2775,user_2775,B,75.67,True,2026-01-25T14:00:00
2776,user_2776,A,98.887,False,2026-01-10T07:00:00
2777,user_2777,C,1.896,True,2026-01-18T18:00:00
2778,user_2778,D,39.739,True,2026-01-07T16:00:00
2779,user_2779,C,29.072,True,2026-01-14T17:00:00
2780,user_2780,C,85.8,False,2026-02-08T13:00:00
2781,user_2781,D,95.648,True,2026-01-22T20:00:00
2782,user_2782,A,33.576,True,2026-01-04T02:00:00
2783,user_2783,C,67.476,False,2026-01-10T07:00:00
2784,user_2784,C,82.524,True,2026-01-02T03:00:00
2785,user_2785,D,31.221,False,2026-01-14T00:00:00
2786,user_2786,D,25.877,False,2026-02-08T09:00:00
2787,user_2787,B,87.389,False,2026-01-17T00:00:00
2788,user_2788,A,67.212,True,2026-01-15T13:00:00
2789,user_2789,D,5.45,False,2026-01-02T15:00:00
2790,user_2790,D,4.751,True,2026-01-15T00:00:00
2791,user_2791,D,16.238,False,2026-01-15T01:00:00
2792,user_2792,C,83.717,False,2026-01-14T19:00:00
2793,user_2793,A,33.86,False,2026-01-29T11:00:00
2794,user_2794,D,54.738,True,2026-01-31T17:00:00
2795,user_2795,C,73.23,False,2026-01-12T21:00:00
2796,user_2796,D,46.698,True,2026-01-31T07:00:00
2797,user_2797,D,80.221,True,2026-02-08T01:00:00
2798,user_2798,C,67.091,True,2026-01-28T16:00:00
2799,user_2799,D,42.631,True,2026-01-25T14:00:00
2800,user_2800,C,23.165,False,2026-02-09T11:00:00
2801,user_2801,D,31.475,True,2026-01-22T07:00:00
2802,user_2802,D,35.254,False,2026-01-30T19:00:00
2803,user_2803,B,47.575,False,2026-01-23T10:00:00
2804,user_2804,C,24.964,True,2026-01-29T07:00:00
2805,user_2805,B,10.189,False,2026-02-06T16:00:00
2806,user_2806,B,77.54,False,2026-02-03T20:00:00
2807,user_2807,C,23.009,False,2026-01-09T21:00:00
2808,user_2808,D,85.095,False,2026-02-06T09:00:00
2809,user_2809,D,25.779,False,2026-02-08T11:00:00
2810,user_2810,A,41.684,False,2026-02-10T06:00:00
2811,user_2811,B,30.354,True,2026-01-12T17:00:00
2812,user_2812,A,69.279,False,2026-01-20T07:00:00
2813,user_2813,C,78.94,False,2026-01-20T15:00:00
2814,user_2814,C,17.233,False,2026-01-15T15:00:00
2815,user_2815,D,57.695,True,2026-01-24T02:00:00
2816,user_2816,D,69.345,True,2026-02-10T09:00:00
2817,user_2817,A,21.82,True,2026-02-06T22:00:00
2818,user_2818,B,57.731,True,2026-01-03T22:00:00
2819,user_2819,D,69.341,False,2026-01-17T08:00:00
2820,user_2820,A,97.892,True,2026-01-09T18:00:00
2821,user_2821,C,91.36,True,2026-02-09T20:00:00
2822,user_2822,D,67.176,False,2026-01-21T07:00:00
2823,user_2823,D,65.547,False,2026-01-15T04:00:00
2824,user_2824,A,11.527,True,2026-01-04T20:00:00
2825,user_2825,D,25.445,True,2026-02-02T03:00:00
2826,user_2826,A,97.482,True,2026-01-01T09:00:00
2827,user_2827,D,69.068,False,2026-01-24T23:00:00
2828,user_2828,A,94.181,False,2026-01-04T02:00:00
2829,user_2829,A,61.724,True,2026-01-17T21:00:00
2830,user_2830,B,92.441,False,2026-01-26T07:00:00
2831,user_2831,D,20.313,True,2026-01-25T18:00:00
2832,user_2832,C,98.618,False,2026-01-14T01:00:00
2833,user_2833,D,83.636,True,2026-01-04T19:00:00
2834,user_2834,A,64.152,True,2026-01-18T15:00:00
2835,user_2835,D,46.71,True,2026-01-28T13:00:00
2836,user_2836,C,74.984,True,2026-01-22T15:00:00
2837,user_2837,C,32.29,False,2026-01-11T20:00:00
2838,user_2838,B,6.175,False,2026-02-10T09:00:00
2839,user_2839,B,58.852,False,2026-01-01T18:00:00
2840,user_2840,B,73.956,True,2026-01-06T12:00:00
2841,user_2841,C,47.468,False,2026-01-02T05:00:00
2842,user_2842,D,99.681,True,2026-01-26T17:00:00
2843,user_2843,A,39.686,False,2026-02-02T09:00:00
2844,user_2844,D,76.465,True,2026-02-10T20:00:00
2845,user_2845,D,0.513,True,2026-01-02T17:00:00
2846,user_2846,C,68.681,False,2026-01-01T19:00:00
2847,user_2847,C,41.264,True,2026-01-11T06:00:00
2848,user_2848,D,52.191,False,2026-01-10T04:00:00
2849,user_2849,B,66.639,True,2026-01-18T08:00:00
2850,user_2850,B,58.409,True,2026-01-12T10:00:00
2851,user_2851,D,21.944,False,2026-01-17T16:00:00
2852,user_2852,A,31.19,True,2026-01-22T15:00:00
2853,user_2853,C,88.988,True,2026-01-16T13:00:00
2854,user_2854,D,26.334,False,2026-01-13T23:00:00
2855,user_2855,B,99.498,False,2026-02-03T21:00:00
2856,user_2856,B,93.259,True,2026-01-03T14:00:00
2857,user_2857,D,31.225,False,2026-01-28T15:00:00
2858,user_2858,A,36.379,False,2026-01-18T19:00:00
2859,user_2859,B,79.566,False,2026-01-09T00:00:00
2860,user_2860,C,8.797,False,2026-01-29T05:00:00
2861,user_2861,B,57.427,False,2026-02-02T00:00:00
2862,user_2862,C,22.703,False,2026-01-17T11:00:00
2863,user_2863,A,45.415,True,2026-02-07T19:00:00
2864,user_2864,B,53.113,True,2026-01-02T18:00:00
2865,user_2865,C,74.086,True,2026-01-02T00:00:00
2866,user_2866,D,78.469,False,2026-02-09T03:00:00
2867,user_2867,A,87.767,True,2026-01-10T02:00:00
2868,user_2868,C,24.549,False,2026-01-04T09:00:00
2869,user_2869,A,53.527,False,2026-02-06T02:00:00
2870,user_2870,A,74.943,False,2026-02-01T05:00:00
2871,user_2871,C,21.26,False,2026-01-29T01:00:00
2872,user_2872,C,91.498,True,2026-01-09T05:00:00
2873,user_2873,D,29.575,False,2026-02-08T20:00:00
2874,user_2874,D,11.253,True,2026-01-10T17:00:00
2875,user_2875,A,79.876,False,2026-02-04T14:00:00
2876,user_2876,D,25.234,True,2026-01-11T23:00:00
2877,user_2877,D,25.062,False,2026-01-08T00:00:00
2878,user_2878,A,85.972,True,2026-01-13T23:00:00
2879,user_2879,A,78.601,False,2026-01-01T07:00:00
2880,user_2880,D,8.119,False,2026-01-30T17:00:00
2881,user_2881,D,20.34,True,2026-02-01T07:00:00
2882,user_2882,A,39.879,False,2026-01-30T14:00:00
2883,user_2883,A,42.431,False,2026-01-08T05:00:00
2884,user_2884,A,83.409,False,2026-01-24T00:00:00
2885,user_2885,A,87.372,False,2026-01-21T03:00:00
2886,user_2886,D,99.744,False,2026-01-26T05:00:00
2887,user_2887,D,17.456,False,2026-01-10T15:00:00
2888,user_2888,D,4.017,True,2026-02-05T17:00:00
2889,user_2889,C,54.904,False,2026-01-17T15:00:00
2890,user_2890,B,17.835,False,2026-01-16T08:00:00
2891,user_2891,A,50.882,False,2026-01-02T09:00:00
2892,user_2892,C,32.923,False,2026-02-04T01:00:00
2893,user_2893,A,78.14,False,2026-01-18T22:00:00
2894,user_2894,D,7.067,True,2026-01-21T18:00:00
2895,user_2895,B,38.404,False,2026-01-03T07:00:00
2896,user_2896,C,59.979,True,2026-01-13T13:00:00
2897,user_2897,B,68.828,True,2026-02-08T14:00:00
2898,user_2898,D,40.568,True,2026-01-09T19:00:00
2899,user_2899,C,92.342,False,2026-01-03T13:00:00
2900,user_2900,D,85.781,False,2026-01-05T01:00:00
2901,user_2901,C,96.7,False,2026-01-17T13:00:00
2902,user_2902,D,20.038,False,2026-01-15T10:00:00
2903,user_2903,A,3.597,True,2026-02-04T03:00:00
2904,user_2904,B,48.997,True,2026-01-29T07:00:00
2905,user_2905,B,34.195,True,2026-01-12T21:00:00
2906,user_2906,A,70.553,False,2026-01-18T16:00:00
2907,user_2907,A,33.552,False,2026-01-10T22:00:00
2908,user_2908,B,15.457,False,2026-02-10T16:00:00
2909,user_2909,D,74.641,False,2026-01-25T10:00:00
2910,user_2910,C,59.956,True,2026-01-01T10:00:00
2911,user_2911,B,53.994,False,2026-02-06T16:00:00
2912,user_2912,D,59.365,False,2026-02-02T12:00:00
2913,user_2913,C,13.257,True,2026-01-28T01:00:00
2914,user_2914,A,98.112,False,2026-01-21T16:00:00
2915,user_2915,B,53.29,True,2026-01-05T09:00:00
2916,user_2916,C,65.279,False,2026-01-07T09:00:00
2917,user_2917,A,24.882,False,2026-02-10T04:00:00
2918,user_2918,B,48.759,False,2026-01-07T01:00:00
2919,user_2919,A,71.8,False,2026-01-27T23:00:00
2920,user_2920,A,77.797,True,2026-01-21T15:00:00
2921,user_2921,A,45.013,False,2026-01-08T23:00:00
2922,user_2922,B,54.036,True,2026-01-21T10:00:00
2923,user_2923,C,71.609,False,2026-02-02T18:00:00
2924,user_2924,C,35.674,True,2026-01-23T04:00:00
2925,user_2925,D,57.791,False,2026-01-14T10:00:00
2926,user_2926,A,99.697,True,2026-01-24T09:00:00
2927,user_2927,A,42.43,True,2026-01-14T17:00:00
2928,user_2928,A,34.712,False,2026-02-04T11:00:00
2929,user_2929,A,90.334,False,2026-01-25T10:00:00
2930,user_2930,B,28.018,True,2026-01-14T05:00:00
2931,user_2931,D,64.876,True,2026-01-31T00:00:00
2932,user_2932,C,49.161,True,2026-01-15T01:00:00
2933,user_2933,C,58.863,True,2026-02-10T20:00:00
2934,user_2934,B,32.066,False,2026-02-11T08:00:00
2935,user_2935,D,64.807,True,2026-02-09T00:00:00
2936,user_2936,D,78.03,False,2026-01-01T00:00:00
2937,user_2937,B,7.728,False,2026-01-11T08:00:00
2938,user_2938,C,96.594,True,2026-01-07T16:00:00
2939,user_2939,B,36.388,False,2026-02-09T20:00:00
2940,user_2940,B,34.682,False,2026-01-30T04:00:00
2941,user_2941,B,25.802,False,2026-01-03T08:00:00
2942,user_2942,D,96.304,True,2026-01-30T00:00:00
2943,user_2943,D,6.109,True,2026-01-08T21:00:00
2944,user_2944,D,4.286,True,2026-01-01T04:00:00
2945,user_2945,A,52.146,False,2026-01-13T20:00:00
2946,user_2946,B,13.289,False,2026-01-20T03:00:00
2947,user_2947,B,93.5,False,2026-01-14T16:00:00
2948,user_2948,D,99.012,True,2026-01-18T10:00:00
2949,user_2949,C,69.938,True,2026-01-19T21:00:00
2950,user_2950,D,11.138,False,2026-01-25T08:00:00
2951,user_2951,D,28.35,False,2026-01-20T00:00:00
2952,user_2952,A,45.813,False,2026-01-26T05:00:00
2953,user_2953,D,99.326,True,2026-02-02T20:00:00
2954,user_2954,C,1.109,True,2026-01-31T03:00:00
2955,user_2955,A,1.552,True,2026-02-09T18:00:00
2956,user_2956,D,99.802,True,2026-01-16T10:00:00
2957,user_2957,D,33.833,False,2026-02-07T08:00:00
2958,user_2958,C,45.296,True,2026-02-05T07:00:00
2959,user_2959,D,84.939,True,2026-02-06T10:00:00
2960,user_2960,B,12.335,True,2026-01-03T19:00:00
2961,user_2961,B,86.63,False,2026-01-08T23:00:00
2962,user_2962,D,70.382,False,2026-01-22T03:00:00
2963,user_2963,C,88.733,True,2026-01-31T06:00:00
2964,user_2964,D,82.413,False,2026-02-05T03:00:00
2965,user_2965,B,12.725,True,2026-01-16T19:00:00
2966,user_2966,B,28.707,False,2026-01-12T02:00:00
2967,user_2967,A,71.673,False,2026-02-03T08:00:00
2968,user_2968,D,64.177,False,2026-02-08T19:00:00
2969,user_2969,B,58.229,True,2026-01-16T06:00:00
2970,user_2970,A,8.126,True,2026-01-28T11:00:00
2971,user_2971,D,65.209,False,2026-02-07T04:00:00
2972,user_2972,B,41.296,True,2026-01-20T18:00:00
2973,user_2973,C,17.725,True,2026-01-15T15:00:00
2974,user_2974,D,84.406,False,2026-02-05T02:00:00
2975,user_2975,A,15.986,False,2026-02-08T12:00:00
2976,user_2976,D,96.591,True,2026-02-07T20:00:00
2977,user_2977,C,80.332,False,2026-01-24T04:00:00
2978,user_2978,C,69.003,False,2026-02-04T10:00:00
2979,user_2979,C,84.6,False,2026-01-11T04:00:00
2980,user_2980,C,43.221,False,2026-01-21T22:00:00
2981,user_2981,D,68.616,False,2026-01-21T22:00:00
2982,user_2982,D,74.922,True,2026-01-29T15:00:00
2983,user_2983,C,44.772,False,2026-02-08T00:00:00
2984,user_2984,A,66.093,True,2026-01-17T20:00:00
2985,user_2985,A,62.867,True,2026-01-09T20:00:00
2986,user_2986,C,48.454,True,2026-02-07T15:00:00
2987,user_2987,D,5.977,True,2026-01-18T15:00:00
2988,user_2988,A,72.129,False,2026-01-18T20:00:00
2989,user_2989,B,16.243,True,2026-01-17T15:00:00
2990,user_2990,A,48.537,True,2026-01-23T16:00:00
2991,user_2991,C,49.346,False,2026-02-07T17:00:00
2992,user_2992,D,27.602,False,2026-01-21T09:00:00
2993,user_2993,C,8.11,False,2026-01-04T05:00:00
2994,user_2994,D,95.328,False,2026-01-01T11:00:00
2995,user_2995,D,67.359,False,2026-01-15T22:00:00
2996,user_2996,C,76.283,True,2026-01-23T03:00:00
2997,user_2997,D,27.469,False,2026-01-05T05:00:00
2998,user_2998,A,17.776,True,2026-01-01T08:00:00
2999,user_2999,B,63.421,False,2026-01-08T11:00:00
3000,user_3000,A,65.847,True,2026-01-31T06:00:00
3001,user_3001,A,71.486,False,2026-01-17T19:00:00
3002,user_3002,B,70.823,False,2026-02-01T12:00:00
3003,user_3003,C,28.0,False,2026-02-01T15:00:00
3004,user_3004,C,94.757,True,2026-01-02T13:00:00
3005,user_3005,A,48.861,False,2026-01-02T20:00:00
3006,user_3006,B,71.019,False,2026-01-17T05:00:00
3007,user_3007,A,69.956,True,2026-01-14T17:00:00
3008,user_3008,B,90.14,False,2026-01-20T02:00:00
3009,user_3009,A,62.441,True,2026-01-22T11:00:00
3010,user_3010,D,68.387,True,2026-02-04T15:00:00
3011,user_3011,C,18.414,False,2026-01-10T13:00:00
3012,user_3012,A,43.348,True,2026-01-16T22:00:00
3013,user_3013,D,71.827,False,2026-01-24T01:00:00
3014,user_3014,C,27.913,True,2026-01-26T17:00:00
3015,user_3015,A,23.064,True,2026-01-10T17:00:00
3016,user_3016,C,68.883,True,2026-02-01T10:00:00
3017,user_3017,B,5.762,False,2026-01-09T02:00:00
3018,user_3018,A,81.117,False,2026-02-09T10:00:00
3019,user_3019,B,7.05,False,2026-01-21T15:00:00
3020,user_3020,A,2.178,False,2026-01-05T15:00:00
3021,user_3021,D,57.74,False,2026-01-13T17:00:00
3022,user_3022,A,77.874,False,2026-01-12T00:00:00
3023,user_3023,C,10.59,False,2026-01-12T10:00:00
3024,user_3024,C,12.636,False,2026-01-08T12:00:00
3025,user_3025,B,87.059,True,2026-01-26T19:00:00
3026,user_3026,B,25.872,False,2026-02-06T14:00:00
3027,user_3027,D,98.921,False,2026-02-05T06:00:00
3028,user_3028,D,48.372,False,2026-01-22T16:00:00
3029,user_3029,C,44.308,True,2026-01-14T15:00:00
3030,user_3030,C,43.965,False,2026-01-28T10:00:00
3031,user_3031,C,25.492,False,2026-01-03T17:00:00
3032,user_3032,B,19.689,True,2026-02-03T15:00:00
3033,user_3033,C,92.799,False,2026-01-31T17:00:00
3034,user_3034,A,41.929,True,2026-01-21T07:00:00
3035,user_3035,C,55.679,False,2026-01-28T13:00:00
3036,user_3036,B,19.333,True,2026-01-18T12:00:00
3037,user_3037,B,82.04,False,2026-01-04T13:00:00
3038,user_3038,C,59.68,False,2026-02-03T00:00:00
3039,user_3039,D,14.228,False,2026-01-26T18:00:00
3040,user_3040,D,65.868,True,2026-01-16T23:00:00
3041,user_3041,C,82.787,True,2026-01-20T21:00:00
3042,user_3042,B,77.881,True,2026-01-03T10:00:00
3043,user_3043,B,12.22,False,2026-01-20T10:00:00
3044,user_3044,D,83.221,True,2026-01-20T05:00:00
3045,user_3045,A,47.508,False,2026-02-03T01:00:00
3046,user_3046,D,66.358,False,2026-02-02T15:00:00
3047,user_3047,A,7.469,False,2026-01-28T06:00:00
3048,user_3048,B,53.784,False,2026-01-12T19:00:00
3049,user_3049,D,24.194,False,2026-01-28T18:00:00
3050,user_3050,D,39.059,True,2026-02-05T22:00:00
3051,user_3051,D,36.881,False,2026-01-27T20:00:00
3052,user_3052,C,9.326,False,2026-01-13T04:00:00
3053,user_3053,A,19.435,True,2026-01-20T04:00:00
3054,user_3054,B,59.646,False,2026-02-10T12:00:00
3055,user_3055,A,59.551,False,2026-02-03T07:00:00
3056,user_3056,A,55.707,False,2026-02-03T06:00:00
3057,user_3057,C,8.567,True,2026-01-28T06:00:00
3058,user_3058,D,90.896,True,2026-02-06T05:00:00
3059,user_3059,A,76.153,True,2026-02-01T20:00:00
3060,user_3060,C,71.88,False,2026-02-02T11:00:00
3061,user_3061,C,18.392,False,2026-01-07T15:00:00
3062,user_3062,C,44.8,False,2026-01-21T10:00:00
3063,user_3063,A,83.41,False,2026-01-08T22:00:00
3064,user_3064,D,39.607,True,2026-01-26T06:00:00
3065,user_3065,B,31.476,False,2026-01-10T00:00:00
3066,user_3066,C,36.075,False,2026-02-04T01:00:00
3067,user_3067,B,4.07,False,2026-01-14T06:00:00
3068,user_3068,D,25.807,True,2026-01-08T02:00:00
3069,user_3069,A,72.803,True,2026-02-03T12:00:00
3070,user_3070,A,5.128,False,2026-01-08T12:00:00
3071,user_3071,D,65.052,False,2026-01-22T02:00:00
3072,user_3072,D,9.627,True,2026-01-26T21:00:00
3073,user_3073,B,43.753,False,2026-02-02T12:00:00
3074,user_3074,B,22.656,False,2026-01-16T04:00:00
3075,user_3075,D,14.091,False,2026-01-04T07:00:00
3076,user_3076,A,32.444,True,2026-01-21T13:00:00
3077,user_3077,A,13.283,False,2026-02-02T07:00:00
3078,user_3078,B,38.99,False,2026-01-06T01:00:00
3079,user_3079,D,47.225,False,2026-01-14T00:00:00
3080,user_3080,A,64.292,True,2026-01-06T16:00:00
3081,user_3081,A,88.647,True,2026-01-28T02:00:00
3082,user_3082,A,7.305,True,2026-01-09T04:00:00
3083,user_3083,B,39.145,False,2026-02-11T00:00:00
3084,user_3084,A,79.837,True,2026-01-21T09:00:00
3085,user_3085,D,78.74,False,2026-01-24T06:00:00
3086,user_3086,B,46.062,True,2026-02-04T15:00:00
3087,user_3087,A,71.989,False,2026-01-21T18:00:00
3088,user_3088,A,56.476,True,2026-01-26T17:00:00
3089,user_3089,D,98.923,False,2026-01-05T06:00:00
3090,user_3090,C,59.524,True,2026-01-16T17:00:00
3091,user_3091,A,84.015,True,2026-01-20T10:00:00
3092,user_3092,D,16.244,False,2026-01-04T01:00:00
3093,user_3093,C,64.367,True,2026-01-10T06:00:00
3094,user_3094,D,52.439,True,2026-01-24T10:00:00
3095,user_3095,D,76.035,False,2026-02-10T02:00:00
3096,user_3096,B,24.814,False,2026-01-29T16:00:00
3097,user_3097,A,33.366,True,2026-01-04T13:00:00
3098,user_3098,D,44.924,True,2026-01-09T04:00:00
3099,user_3099,B,46.246,True,2026-01-15T11:00:00
3100,user_3100,B,29.587,False,2026-01-22T23:00:00
3101,user_3101,C,57.254,True,2026-01-26T11:00:00
3102,user_3102,B,30.094,True,2026-02-02T13:00:00
3103,user_3103,C,50.655,True,2026-01-16T19:00:00
3104,user_3104,C,7.292,False,2026-01-13T23:00:00
3105,user_3105,B,26.956,False,2026-01-31T23:00:00
3106,user_3106,B,89.474,True,2026-01-03T18:00:00
3107,user_3107,A,21.324,True,2026-01-04T22:00:00
3108,user_3108,A,13.443,False,2026-01-30T07:00:00
3109,user_3109,D,36.939,False,2026-01-16T14:00:00
3110,user_3110,C,15.327,True,2026-02-07T13:00:00
3111,user_3111,A,65.978,True,2026-01-23T04:00:00
3112,user_3112,A,14.99,True,2026-02-02T12:00:00
3113,user_3113,D,44.457,False,2026-01-11T04:00:00
3114,user_3114,D,48.382,True,2026-02-02T15:00:00
3115,user_3115,A,21.401,True,2026-01-25T20:00:00
3116,user_3116,D,68.007,False,2026-01-01T22:00:00
3117,user_3117,A,94.598,True,2026-01-14T02:00:00
3118,user_3118,D,11.142,True,2026-01-05T04:00:00
3119,user_3119,C,67.77,False,2026-01-12T02:00:00
3120,user_3120,A,48.5,False,2026-01-12T13:00:00
3121,user_3121,D,91.439,False,2026-01-12T19:00:00
3122,user_3122,D,55.702,True,2026-01-22T03:00:00
3123,user_3123,C,46.948,False,2026-01-30T03:00:00
3124,user_3124,C,86.0,False,2026-01-26T23:00:00
3125,user_3125,A,38.794,True,2026-01-10T01:00:00
3126,user_3126,D,25.232,False,2026-02-05T05:00:00
3127,user_3127,A,32.479,False,2026-01-11T07:00:00
3128,user_3128,B,8.237,False,2026-01-27T18:00:00
3129,user_3129,A,80.096,False,2026-02-04T16:00:00
3130,user_3130,D,8.238,True,2026-02-10T19:00:00
3131,user_3131,D,53.773,True,2026-01-20T03:00:00
3132,user_3132,A,27.001,True,2026-01-26T22:00:00
3133,user_3133,B,32.443,True,2026-02-09T22:00:00
3134,user_3134,A,36.779,True,2026-02-05T23:00:00
3135,user_3135,D,19.812,True,2026-01-04T04:00:00
3136,user_3136,D,42.293,False,2026-01-21T02:00:00
3137,user_3137,D,28.406,True,2026-01-17T13:00:00
3138,user_3138,C,99.645,False,2026-01-17T04:00:00
3139,user_3139,B,54.495,True,2026-01-25T18:00:00
3140,user_3140,D,60.149,False,2026-01-09T21:00:00
3141,user_3141,D,1.329,False,2026-02-08T13:00:00
3142,user_3142,D,21.619,False,2026-01-24T11:00:00
3143,user_3143,C,19.58,True,2026-01-23T09:00:00
3144,user_3144,C,76.223,False,2026-01-07T10:00:00
3145,user_3145,C,92.516,False,2026-02-07T17:00:00
3146,user_3146,B,24.237,False,2026-01-23T12:00:00
3147,user_3147,B,79.109,False,2026-01-03T01:00:00
3148,user_3148,B,7.121,False,2026-01-13T09:00:00
3149,user_3149,B,45.176,False,2026-01-04T16:00:00
3150,user_3150,A,62.385,False,2026-01-05T12:00:00
3151,user_3151,B,80.279,True,2026-01-22T03:00:00
3152,user_3152,A,77.616,False,2026-01-27T03:00:00
3153,user_3153,B,3.948,False,2026-01-19T15:00:00
3154,user_3154,B,87.397,True,2026-01-17T02:00:00
3155,user_3155,B,55.503,True,2026-01-02T00:00:00
3156,user_3156,A,72.53,True,2026-01-18T00:00:00
3157,user_3157,B,81.88,False,2026-01-25T20:00:00
3158,user_3158,B,64.262,False,2026-01-17T13:00:00
3159,user_3159,B,97.688,True,2026-02-01T03:00:00
3160,user_3160,D,97.111,True,2026-01-15T22:00:00
3161,user_3161,A,0.996,True,2026-02-02T18:00:00
3162,user_3162,A,25.265,True,2026-01-21T23:00:00
3163,user_3163,D,9.242,True,2026-01-04T06:00:00
3164,user_3164,C,44.648,False,2026-01-09T12:00:00
3165,user_3165,C,84.813,False,2026-01-21T18:00:00
3166,user_3166,C,95.633,False,2026-02-04T01:00:00
3167,user_3167,B,11.741,False,2026-01-20T19:00:00
3168,user_3168,B,19.327,True,2026-01-07T15:00:00
3169,user_3169,D,27.837,False,2026-01-14T06:00:00
3170,user_3170,B,17.012,False,2026-01-06T00:00:00
3171,user_3171,B,69.691,False,2026-01-02T13:00:00
3172,user_3172,D,37.856,True,2026-02-08T22:00:00
3173,user_3173,D,74.156,False,2026-01-09T16:00:00
3174,user_3174,B,49.14,True,2026-01-20T21:00:00
3175,user_3175,A,89.901,True,2026-02-08T11:00:00
3176,user_3176,D,27.23,False,2026-02-03T17:00:00
3177,user_3177,A,82.628,False,2026-01-30T03:00:00
3178,user_3178,C,99.078,True,2026-01-09T08:00:00
3179,user_3179,A,2.892,True,2026-02-10T04:00:00
3180,user_3180,D,92.795,True,2026-01-01T18:00:00
3181,user_3181,D,3.936,True,2026-01-17T11:00:00
3182,user_3182,C,10.156,True,2026-02-08T20:00:00
3183,user_3183,D,33.665,True,2026-02-10T09:00:00
3184,user_3184,C,25.334,False,2026-01-12T16:00:00
3185,user_3185,B,73.279,True,2026-02-08T10:00:00
3186,user_3186,A,16.063,False,2026-01-16T09:00:00
3187,user_3187,D,37.95,True,2026-01-23T17:00:00
3188,user_3188,C,13.039,False,2026-01-21T03:00:00
3189,user_3189,D,55.831,False,2026-01-10T13:00:00
3190,user_3190,B,75.522,False,2026-01-14T15:00:00
3191,user_3191,B,56.326,False,2026-02-04T15:00:00
3192,user_3192,B,36.08,True,2026-02-09T06:00:00
3193,user_3193,C,72.035,False,2026-01-24T02:00:00
3194,user_3194,B,41.97,True,2026-01-30T10:00:00
3195,user_3195,D,37.908,True,2026-01-11T08:00:00
3196,user_3196,B,53.71,True,2026-02-06T01:00:00
3197,user_3197,C,82.297,True,2026-01-16T17:00:00
3198,user_3198,B,78.0,True,2026-02-03T04:00:00
3199,user_3199,A,78.36,False,2026-01-04T20:00:00
3200,user_3200,B,82.47,True,2026-01-13T23:00:00
3201,user_3201,C,90.586,True,2026-01-24T13:00:00
3202,user_3202,C,69.178,True,2026-01-02T19:00:00
3203,user_3203,D,55.448,True,2026-02-02T04:00:00
3204,user_3204,C,9.553,False,2026-01-06T14:00:00
3205,user_3205,C,62.013,False,2026-01-10T20:00:00
3206,user_3206,B,80.526,False,2026-01-09T04:00:00
3207,user_3207,B,47.895,False,2026-02-10T07:00:00
3208,user_3208,A,52.757,False,2026-01-28T05:00:00
3209,user_3209,C,40.595,True,2026-01-25T13:00:00
3210,user_3210,D,5.902,False,2026-02-11T06:00:00
3211,user_3211,B,60.556,True,2026-01-19T06:00:00
3212,user_3212,B,57.208,False,2026-01-05T00:00:00
3213,user_3213,C,61.005,False,2026-01-11T23:00:00
3214,user_3214,B,64.128,False,2026-02-06T19:00:00
3215,user_3215,A,69.76,False,2026-01-04T19:00:00
3216,user_3216,C,99.058,False,2026-01-01T06:00:00
3217,user_3217,D,5.613,False,2026-01-28T01:00:00
3218,user_3218,B,83.682,False,2026-01-08T07:00:00
3219,user_3219,D,74.732,False,2026-02-05T02:00:00
3220,user_3220,B,15.522,True,2026-01-28T07:00:00
3221,user_3221,D,3.998,True,2026-01-20T03:00:00
3222,user_3222,C,5.187,True,2026-01-20T17:00:00
3223,user_3223,D,40.45,False,2026-01-09T12:00:00
3224,user_3224,C,40.65,False,2026-01-01T14:00:00
3225,user_3225,B,1.474,False,2026-01-19T22:00:00
3226,user_3226,C,76.545,False,2026-02-07T03:00:00
3227,user_3227,C,65.991,True,2026-01-20T10:00:00
3228,user_3228,D,37.195,True,2026-01-24T14:00:00
3229,user_3229,B,95.594,False,2026-01-07T22:00:00
3230,user_3230,D,50.003,False,2026-02-02T12:00:00
3231,user_3231,A,16.112,False,2026-01-11T05:00:00
3232,user_3232,B,65.135,False,2026-01-09T16:00:00
3233,user_3233,A,43.715,True,2026-01-10T00:00:00
3234,user_3234,B,44.187,True,2026-02-05T02:00:00
3235,user_3235,B,48.735,True,2026-02-06T05:00:00
3236,user_3236,D,70.041,False,2026-02-09T10:00:00
3237,user_3237,D,25.717,True,2026-02-02T13:00:00
3238,user_3238,B,32.707,False,2026-01-20T05:00:00
3239,user_3239,B,57.432,False,2026-01-17T16:00:00
3240,user_3240,D,63.944,False,2026-02-02T12:00:00
3241,user_3241,A,23.092,True,2026-02-11T14:00:00
3242,user_3242,C,35.982,True,2026-01-14T11:00:00
3243,user_3243,A,72.294,True,2026-02-11T02:00:00
3244,user_3244,A,52.152,False,2026-02-08T14:00:00
3245,user_3245,C,73.685,False,2026-01-04T19:00:00
3246,user_3246,D,19.102,True,2026-01-05T02:00:00
3247,user_3247,A,38.659,True,2026-01-17T03:00:00
3248,user_3248,C,55.947,False,2026-01-13T00:00:00
3249,user_3249,C,47.487,False,2026-01-18T10:00:00
3250,user_3250,C,53.27,False,2026-02-08T01:00:00
3251,user_3251,B,88.987,True,2026-01-04T16:00:00
3252,user_3252,C,99.238,False,2026-02-09T07:00:00
3253,user_3253,B,50.491,True,2026-01-14T10:00:00
3254,user_3254,B,41.598,False,2026-01-03T23:00:00
3255,user_3255,A,42.122,True,2026-01-09T06:00:00
3256,user_3256,B,70.399,True,2026-01-26T16:00:00
3257,user_3257,B,71.525,True,2026-01-03T03:00:00
3258,user_3258,A,97.154,False,2026-01-18T18:00:00
3259,user_3259,C,94.194,False,2026-01-24T09:00:00
3260,user_3260,B,2.077,True,2026-01-22T20:00:00
3261,user_3261,C,79.068,True,2026-01-20T11:00:00
3262,user_3262,B,90.956,False,2026-01-25T22:00:00
3263,user_3263,A,6.659,True,2026-01-31T17:00:00
3264,user_3264,A,97.568,True,2026-01-26T11:00:00
3265,user_3265,D,24.153,False,2026-01-27T14:00:00
3266,user_3266,A,32.342,True,2026-01-02T17:00:00
3267,user_3267,C,3.691,True,2026-01-07T23:00:00
3268,user_3268,D,92.456,True,2026-02-05T07:00:00
3269,user_3269,A,3.885,True,2026-01-22T09:00:00
3270,user_3270,D,32.972,True,2026-01-09T03:00:00
3271,user_3271,A,70.96,True,2026-01-10T14:00:00
3272,user_3272,A,97.459,True,2026-01-08T15:00:00
3273,user_3273,A,88.757,False,2026-02-10T20:00:00
3274,user_3274,A,89.988,True,2026-01-18T19:00:00
3275,user_3275,B,18.604,True,2026-01-23T12:00:00
3276,user_3276,A,60.53,True,2026-01-27T18:00:00
3277,user_3277,A,13.268,True,2026-01-01T18:00:00
3278,user_3278,B,31.807,True,2026-01-12T04:00:00
3279,user_3279,A,21.654,False,2026-01-19T11:00:00
3280,user_3280,A,85.118,False,2026-02-06T12:00:00
3281,user_3281,C,44.733,True,2026-01-06T00:00:00
3282,user_3282,C,73.348,False,2026-01-22T19:00:00
3283,user_3283,A,52.577,False,2026-01-31T10:00:00
3284,user_3284,A,26.299,False,2026-01-10T01:00:00
3285,user_3285,A,61.254,True,2026-01-04T11:00:00
3286,user_3286,C,9.216,True,2026-01-17T17:00:00
3287,user_3287,D,87.762,True,2026-01-05T13:00:00
3288,user_3288,B,12.023,True,2026-02-06T07:00:00
3289,user_3289,A,96.347,False,2026-02-02T19:00:00
3290,user_3290,A,44.962,True,2026-01-18T22:00:00
3291,user_3291,A,96.484,True,2026-02-10T16:00:00
3292,user_3292,C,29.768,False,2026-01-25T21:00:00
3293,user_3293,D,16.43,True,2026-01-21T19:00:00
3294,user_3294,A,17.381,True,2026-01-02T01:00:00
3295,user_3295,D,66.991,True,2026-01-22T19:00:00
3296,user_3296,C,37.531,True,2026-01-08T06:00:00
3297,user_3297,B,50.345,False,2026-01-11T03:00:00
3298,user_3298,B,40.13,False,2026-02-10T15:00:00
3299,user_3299,D,73.041,True,2026-02-06T11:00:00
3300,user_3300,B,25.207,True,2026-01-22T20:00:00
3301,user_3301,B,72.177,True,2026-01-12T22:00:00
3302,user_3302,B,49.085,False,2026-01-18T04:00:00
3303,user_3303,C,75.758,True,2026-02-01T18:00:00
3304,user_3304,A,76.737,False,2026-02-07T09:00:00
3305,user_3305,A,21.67,True,2026-01-14T03:00:00
3306,user_3306,D,57.796,False,2026-01-23T09:00:00
3307,user_3307,B,4.613,False,2026-02-11T00:00:00
3308,user_3308,B,97.17,False,2026-01-23T09:00:00
3309,user_3309,A,58.028,True,2026-02-09T18:00:00
3310,user_3310,D,29.915,False,2026-01-02T02:00:00
3311,user_3311,C,88.131,False,2026-01-08T18:00:00
3312,user_3312,D,65.931,False,2026-01-23T04:00:00
3313,user_3313,A,5.282,False,2026-02-01T11:00:00
3314,user_3314,A,91.653,False,2026-02-08T01:00:00
3315,user_3315,D,18.243,False,2026-01-05T05:00:00
3316,user_3316,D,59.973,True,2026-01-09T04:00:00
3317,user_3317,D,44.95,True,2026-02-03T11:00:00
3318,user_3318,B,17.658,True,2026-02-06T22:00:00
3319,user_3319,D,16.609,True,2026-01-05T20:00:00
3320,user_3320,A,6.522,False,2026-02-06T23:00:00
3321,user_3321,D,19.404,False,2026-01-24T09:00:00
3322,user_3322,D,85.362,False,2026-01-09T13:00:00
3323,user_3323,B,64.374,True,2026-01-24T05:00:00
3324,user_3324,B,79.569,False,2026-01-18T08:00:00
3325,user_3325,A,73.331,True,2026-01-27T15:00:00
3326,user_3326,C,97.663,False,2026-01-25T02:00:00
3327,user_3327,D,64.275,True,2026-01-22T15:00:00
3328,user_3328,B,89.622,True,2026-01-10T11:00:00
3329,user_3329,C,39.564,False,2026-01-24T12:00:00
3330,user_3330,D,95.167,True,2026-01-30T11:00:00
3331,user_3331,A,80.249,False,2026-02-10T20:00:00
3332,user_3332,B,48.194,False,2026-01-09T04:00:00
3333,user_3333,D,57.447,True,2026-01-26T21:00:00
3334,user_3334,C,37.635,False,2026-01-30T10:00:00
3335,user_3335,B,90.483,False,2026-01-04T10:00:00
3336,user_3336,C,8.805,False,2026-01-14T22:00:00
3337,user_3337,D,27.775,True,2026-01-20T19:00:00
3338,user_3338,D,96.346,True,2026-01-22T21:00:00
3339,user_3339,D,95.253,True,2026-01-18T04:00:00
3340,user_3340,A,60.423,True,2026-01-05T07:00:00
3341,user_3341,C,75.622,False,2026-01-28T07:00:00
3342,user_3342,D,24.893,False,2026-02-03T09:00:00
3343,user_3343,D,52.672,False,2026-01-20T07:00:00
3344,user_3344,C,41.087,False,2026-01-05T17:00:00
3345,user_3345,B,77.496,True,2026-01-22T15:00:00
3346,user_3346,A,22.776,False,2026-02-10T01:00:00
3347,user_3347,B,56.685,False,2026-01-15T13:00:00
3348,user_3348,C,58.49,False,2026-01-11T13:00:00
3349,user_3349,C,63.053,False,2026-02-05T16:00:00
3350,user_3350,A,98.425,True,2026-01-16T18:00:00
3351,user_3351,C,82.737,False,2026-02-06T17:00:00
3352,user_3352,C,90.083,False,2026-01-01T08:00:00
3353,user_3353,A,28.058,False,2026-01-24T00:00:00
3354,user_3354,A,16.747,False,2026-01-30T16:00:00
3355,user_3355,B,68.35,False,2026-01-09T10:00:00
3356,user_3356,D,87.294,False,2026-01-24T02:00:00
3357,user_3357,A,5.299,False,2026-01-18T02:00:00
3358,user_3358,A,82.744,True,2026-01-10T22:00:00
3359,user_3359,B,38.739,False,2026-01-06T00:00:00
3360,user_3360,D,2.808,False,2026-01-11T18:00:00
3361,user_3361,B,12.764,True,2026-01-18T22:00:00
3362,user_3362,A,47.233,False,2026-01-18T16:00:00
3363,user_3363,B,44.557,True,2026-01-19T01:00:00
3364,user_3364,C,40.407,False,2026-01-04T06:00:00
3365,user_3365,C,15.747,True,2026-02-10T01:00:00
3366,user_3366,A,9.68,True,2026-01-25T12:00:00
3367,user_3367,A,60.225,True,2026-01-19T00:00:00
3368,user_3368,C,49.202,True,2026-01-25T09:00:00
3369,user_3369,D,4.371,False,2026-01-27T03:00:00
3370,user_3370,D,74.726,False,2026-02-01T03:00:00
3371,user_3371,A,22.81,True,2026-01-31T17:00:00
3372,user_3372,A,21.083,True,2026-01-06T17:00:00
3373,user_3373,A,66.696,False,2026-02-04T17:00:00
3374,user_3374,D,19.121,False,2026-02-03T09:00:00
3375,user_3375,C,71.826,True,2026-01-30T01:00:00
3376,user_3376,C,75.786,True,2026-02-07T14:00:00
3377,user_3377,C,33.259,True,2026-01-03T22:00:00
3378,user_3378,C,30.028,True,2026-01-14T20:00:00
3379,user_3379,B,25.101,True,2026-01-22T06:00:00
3380,user_3380,A,79.595,True,2026-02-07T13:00:00
3381,user_3381,D,17.519,True,2026-01-13T17:00:00
3382,user_3382,C,87.283,True,2026-02-07T08:00:00
3383,user_3383,A,36.718,False,2026-01-17T12:00:00
3384,user_3384,C,6.767,True,2026-01-21T05:00:00
3385,user_3385,A,98.176,True,2026-01-23T06:00:00
3386,user_3386,D,44.836,True,2026-01-21T20:00:00
3387,user_3387,D,13.473,True,2026-02-07T01:00:00
3388,user_3388,A,88.31,False,2026-01-18T20:00:00
3389,user_3389,B,78.028,False,2026-01-24T02:00:00
3390,user_3390,A,53.264,False,2026-01-28T06:00:00
3391,user_3391,C,71.692,True,2026-01-31T16:00:00
3392,user_3392,D,13.713,True,2026-01-06T23:00:00
3393,user_3393,D,57.148,False,2026-01-04T04:00:00
3394,user_3394,B,8.896,False,2026-02-03T02:00:00
3395,user_3395,B,32.713,True,2026-01-10T18:00:00
3396,user_3396,C,36.074,False,2026-01-14T10:00:00
3397,user_3397,D,49.094,False,2026-02-06T06:00:00
3398,user_3398,A,32.113,True,2026-01-22T14:00:00
3399,user_3399,A,43.215,False,2026-01-10T01:00:00
3400,user_3400,A,35.373,True,2026-02-08T13:00:00
3401,user_3401,B,2.88,False,2026-01-02T16:00:00
3402,user_3402,A,87.44,True,2026-02-10T11:00:00
3403,user_3403,A,39.717,True,2026-02-07T12:00:00
3404,user_3404,B,4.606,False,2026-02-07T14:00:00
3405,user_3405,A,99.785,True,2026-01-16T03:00:00
3406,user_3406,B,12.114,True,2026-01-10T07:00:00
3407,user_3407,C,75.553,False,2026-01-27T12:00:00
3408,user_3408,D,88.135,False,2026-02-08T13:00:00
3409,user_3409,C,36.243,True,2026-02-01T06:00:00
3410,user_3410,D,81.772,False,2026-01-12T19:00:00
3411,user_3411,B,94.618,False,2026-01-15T16:00:00
3412,user_3412,C,15.689,True,2026-01-09T21:00:00
3413,user_3413,A,72.842,True,2026-01-25T07:00:00
3414,user_3414,D,55.143,False,2026-01-01T01:00:00
3415,user_3415,B,66.475,False,2026-02-11T12:00:00
3416,user_3416,A,50.607,False,2026-01-29T01:00:00
3417,user_3417,B,21.821,False,2026-01-24T11:00:00
3418,user_3418,A,1.867,False,2026-01-17T17:00:00
3419,user_3419,D,74.509,False,2026-01-26T10:00:00
3420,user_3420,C,81.966,True,2026-01-24T23:00:00
3421,user_3421,C,82.075,False,2026-02-07T13:00:00
3422,user_3422,B,90.185,False,2026-02-05T01:00:00
3423,user_3423,D,92.959,True,2026-01-15T18:00:00
3424,user_3424,B,35.298,True,2026-02-11T15:00:00
3425,user_3425,C,82.813,False,2026-02-05T08:00:00
3426,user_3426,C,93.826,False,2026-01-24T17:00:00
3427,user_3427,A,14.864,False,2026-02-10T22:00:00
3428,user_3428,A,47.268,True,2026-01-03T13:00:00
3429,user_3429,B,45.463,False,2026-01-22T15:00:00
3430,user_3430,C,86.915,False,2026-01-09T10:00:00
3431,user_3431,D,35.761,True,2026-01-31T06:00:00
3432,user_3432,D,17.67,True,2026-01-10T19:00:00
3433,user_3433,C,15.564,True,2026-02-02T21:00:00
3434,user_3434,B,93.509,True,2026-01-02T04:00:00
3435,user_3435,A,58.087,True,2026-01-26T06:00:00
3436,user_3436,C,1.29,False,2026-01-28T19:00:00
3437,user_3437,D,52.777,False,2026-01-02T10:00:00
3438,user_3438,C,78.424,False,2026-01-11T09:00:00
3439,user_3439,D,67.216,True,2026-01-10T02:00:00
3440,user_3440,D,46.326,False,2026-01-27T12:00:00
3441,user_3441,C,62.607,False,2026-01-12T15:00:00
3442,user_3442,D,58.283,False,2026-01-28T22:00:00
3443,user_3443,C,9.972,False,2026-01-31T13:00:00
3444,user_3444,D,94.053,False,2026-01-09T14:00:00
3445,user_3445,D,13.01,True,2026-01-04T10:00:00
3446,user_3446,C,28.337,True,2026-01-23T01:00:00
3447,user_3447,B,13.59,False,2026-02-10T21:00:00
3448,user_3448,C,51.924,True,2026-01-13T18:00:00
3449,user_3449,B,71.215,False,2026-02-03T20:00:00
3450,user_3450,A,23.316,False,2026-01-12T13:00:00
3451,user_3451,D,8.902,True,2026-01-01T20:00:00
3452,user_3452,C,66.723,False,2026-02-04T05:00:00
3453,user_3453,A,29.607,False,2026-01-02T00:00:00
3454,user_3454,A,19.993,False,2026-01-09T22:00:00
3455,user_3455,D,26.026,True,2026-01-10T11:00:00
3456,user_3456,D,52.114,False,2026-01-25T10:00:00
3457,user_3457,A,65.241,True,2026-01-23T17:00:00
3458,user_3458,B,23.253,False,2026-01-29T08:00:00
3459,user_3459,B,54.614,True,2026-01-23T04:00:00
3460,user_3460,D,40.912,False,2026-01-13T18:00:00
3461,user_3461,D,0.18,False,2026-01-01T10:00:00
3462,user_3462,A,86.728,True,2026-01-22T01:00:00
3463,user_3463,A,48.647,True,2026-01-05T22:00:00
3464,user_3464,D,61.949,True,2026-01-25T16:00:00
3465,user_3465,B,51.155,True,2026-01-04T13:00:00
3466,user_3466,A,74.11,True,2026-01-25T06:00:00
3467,user_3467,C,70.832,False,2026-01-23T04:00:00
3468,user_3468,D,2.217,True,2026-02-05T09:00:00
3469,user_3469,B,78.076,True,2026-01-08T22:00:00
3470,user_3470,C,14.465,False,2026-01-31T05:00:00
3471,user_3471,D,51.132,False,2026-02-03T14:00:00
3472,user_3472,C,77.254,True,2026-01-08T05:00:00
3473,user_3473,B,71.874,True,2026-01-02T09:00:00
3474,user_3474,D,15.127,False,2026-01-10T19:00:00
3475,user_3475,C,30.796,True,2026-01-31T04:00:00
3476,user_3476,A,47.282,False,2026-01-18T12:00:00
3477,user_3477,B,72.939,False,2026-01-05T04:00:00
3478,user_3478,D,12.612,False,2026-01-14T21:00:00
3479,user_3479,A,40.851,False,2026-01-07T11:00:00
3480,user_3480,C,46.047,True,2026-01-05T18:00:00
3481,user_3481,B,15.884,False,2026-01-21T00:00:00
3482,user_3482,A,65.323,False,2026-01-31T14:00:00
3483,user_3483,D,30.72,True,2026-02-09T18:00:00
3484,user_3484,B,89.25,True,2026-01-11T12:00:00
3485,user_3485,B,82.076,False,2026-01-16T19:00:00
3486,user_3486,C,32.466,False,2026-01-22T07:00:00
3487,user_3487,B,4.229,True,2026-01-28T14:00:00
3488,user_3488,A,10.197,False,2026-01-29T13:00:00
3489,user_3489,D,86.139,False,2026-02-06T19:00:00
3490,user_3490,C,67.089,True,2026-01-13T09:00:00
3491,user_3491,D,71.348,True,2026-02-06T00:00:00
3492,user_3492,C,14.147,True,2026-01-17T14:00:00
3493,user_3493,C,96.337,False,2026-01-23T17:00:00
3494,user_3494,D,34.199,True,2026-01-05T18:00:00
3495,user_3495,A,55.797,False,2026-01-03T02:00:00
3496,user_3496,D,70.459,True,2026-01-14T14:00:00
3497,user_3497,B,66.69,True,2026-01-10T04:00:00
3498,user_3498,D,10.802,True,2026-01-17T18:00:00
3499,user_3499,D,41.036,True,2026-01-01T04:00:00
3500,user_3500,A,56.172,True,2026-01-31T07:00:00
3501,user_3501,B,7.562,True,2026-02-08T11:00:00
3502,user_3502,B,60.157,True,2026-02-03T07:00:00
3503,user_3503,D,24.564,True,2026-01-15T13:00:00
3504,user_3504,D,45.795,True,2026-01-13T02:00:00
3505,user_3505,B,60.049,True,2026-01-05T01:00:00
3506,user_3506,A,83.096,True,2026-01-28T02:00:00
3507,user_3507,D,26.242,True,2026-02-02T02:00:00
3508,user_3508,D,0.21,False,2026-02-07T07:00:00
3509,user_3509,C,72.645,True,2026-01-07T16:00:00
3510,user_3510,B,30.578,True,2026-02-01T12:00:00
3511,user_3511,B,54.892,False,2026-01-22T10:00:00
3512,user_3512,C,53.98,True,2026-01-31T05:00:00
3513,user_3513,C,61.64,True,2026-01-17T20:00:00
3514,user_3514,D,52.906,True,2026-02-05T05:00:00
3515,user_3515,D,99.439,True,2026-02-11T00:00:00
3516,user_3516,C,88.212,True,2026-01-04T20:00:00
3517,user_3517,A,95.768,True,2026-01-03T05:00:00
3518,user_3518,D,18.209,True,2026-01-09T15:00:00
3519,user_3519,B,36.021,True,2026-01-12T00:00:00
3520,user_3520,D,87.23,False,2026-01-12T19:00:00
3521,user_3521,B,82.103,True,2026-01-23T14:00:00
3522,user_3522,B,3.729,True,2026-01-11T01:00:00
3523,user_3523,B,58.216,False,2026-01-23T00:00:00
3524,user_3524,C,97.339,True,2026-01-08T06:00:00
3525,user_3525,D,56.631,True,2026-01-20T10:00:00
3526,user_3526,A,18.77,False,2026-02-02T09:00:00
3527,user_3527,C,74.922,False,2026-01-26T16:00:00
3528,user_3528,A,31.108,True,2026-01-25T09:00:00
3529,user_3529,C,58.627,False,2026-01-14T00:00:00
3530,user_3530,C,67.575,True,2026-01-17T21:00:00
3531,user_3531,D,71.351,True,2026-01-18T02:00:00
3532,user_3532,C,10.255,False,2026-01-27T01:00:00
3533,user_3533,B,39.001,True,2026-02-08T05:00:00
3534,user_3534,D,19.041,False,2026-01-17T17:00:00
3535,user_3535,C,12.025,True,2026-01-25T09:00:00
3536,user_3536,D,36.672,False,2026-01-13T20:00:00
3537,user_3537,A,82.323,False,2026-02-04T06:00:00
3538,user_3538,C,11.59,False,2026-01-09T06:00:00
3539,user_3539,D,48.067,True,2026-02-07T20:00:00
3540,user_3540,C,17.501,False,2026-01-02T12:00:00
3541,user_3541,B,29.859,False,2026-01-27T09:00:00
3542,user_3542,C,35.92,True,2026-01-22T11:00:00
3543,user_3543,B,38.254,False,2026-01-16T07:00:00
3544,user_3544,C,29.641,True,2026-02-06T17:00:00
3545,user_3545,A,10.688,True,2026-01-04T20:00:00
3546,user_3546,B,42.458,False,2026-01-01T18:00:00
3547,user_3547,A,66.64,False,2026-02-01T14:00:00
3548,user_3548,C,95.58,False,2026-01-02T01:00:00
3549,user_3549,D,44.354,False,2026-01-26T07:00:00
3550,user_3550,D,9.699,True,2026-01-10T12:00:00
3551,user_3551,C,73.896,False,2026-02-07T22:00:00
3552,user_3552,A,37.601,False,2026-01-15T01:00:00
3553,user_3553,A,16.883,False,2026-02-10T03:00:00
3554,user_3554,D,48.72,True,2026-01-31T01:00:00
3555,user_3555,D,55.596,False,2026-01-27T06:00:00
3556,user_3556,C,79.762,True,2026-01-17T07:00:00
3557,user_3557,C,50.729,True,2026-01-06T08:00:00
3558,user_3558,B,91.053,False,2026-02-10T19:00:00
3559,user_3559,D,38.7,False,2026-02-06T01:00:00
3560,user_3560,B,23.468,False,2026-01-31T08:00:00
3561,user_3561,D,90.342,False,2026-01-27T17:00:00
3562,user_3562,B,78.848,False,2026-02-10T19:00:00
3563,user_3563,B,33.643,False,2026-02-11T12:00:00
3564,user_3564,C,68.586,False,2026-02-08T20:00:00
3565,user_3565,A,47.28,True,2026-01-25T19:00:00
3566,user_3566,B,82.175,True,2026-01-24T11:00:00
3567,user_3567,B,59.95,True,2026-02-09T20:00:00
3568,user_3568,B,31.246,False,2026-01-07T12:00:00
3569,user_3569,B,38.958,False,2026-01-04T23:00:00
3570,user_3570,C,23.76,True,2026-01-21T16:00:00
3571,user_3571,C,86.573,True,2026-01-04T06:00:00
3572,user_3572,D,60.349,True,2026-01-24T14:00:00
3573,user_3573,A,4.629,False,2026-01-24T14:00:00
3574,user_3574,D,24.942,True,2026-01-27T21:00:00
3575,user_3575,B,70.094,True,2026-01-08T09:00:00
3576,user_3576,A,71.661,True,2026-01-05T13:00:00
3577,user_3577,A,6.263,True,2026-01-19T09:00:00
3578,user_3578,C,55.144,False,2026-02-07T02:00:00
3579,user_3579,D,20.007,True,2026-02-05T09:00:00
3580,user_3580,D,9.119,False,2026-01-10T05:00:00
3581,user_3581,B,74.281,False,2026-02-09T05:00:00
3582,user_3582,A,86.897,True,2026-01-09T22:00:00
3583,user_3583,C,78.024,False,2026-02-11T06:00:00
3584,user_3584,B,44.781,True,2026-01-02T16:00:00
3585,user_3585,B,94.202,True,2026-02-08T03:00:00
3586,user_3586,B,29.659,False,2026-01-23T03:00:00
3587,user_3587,D,12.481,False,2026-01-14T20:00:00
3588,user_3588,A,57.902,True,2026-01-17T17:00:00
3589,user_3589,A,77.704,False,2026-01-19T02:00:00
3590,user_3590,D,21.546,True,2026-01-16T21:00:00
3591,user_3591,A,61.784,False,2026-01-13T10:00:00
3592,user_3592,A,41.746,True,2026-01-30T19:00:00
3593,user_3593,D,11.59,True,2026-01-25T06:00:00
3594,user_3594,C,32.154,True,2026-02-06T22:00:00
3595,user_3595,A,84.993,False,2026-01-06T08:00:00
3596,user_3596,C,17.215,False,2026-01-02T22:00:00
3597,user_3597,A,71.386,False,2026-01-16T00:00:00
3598,user_3598,C,21.924,False,2026-01-26T15:00:00
3599,user_3599,C,62.06,False,2026-02-06T22:00:00
3600,user_3600,D,63.355,False,2026-01-28T17:00:00
3601,user_3601,A,22.328,True,2026-01-18T14:00:00
3602,user_3602,B,3.198,True,2026-01-01T18:00:00
3603,user_3603,C,81.76,False,2026-02-03T22:00:00
3604,user_3604,A,84.592,True,2026-01-17T00:00:00
3605,user_3605,A,89.767,False,2026-02-08T05:00:00
3606,user_3606,D,37.792,False,2026-01-27T02:00:00
3607,user_3607,B,81.688,False,2026-01-23T00:00:00
3608,user_3608,D,15.288,True,2026-01-16T12:00:00
3609,user_3609,B,4.534,False,2026-01-17T08:00:00
3610,user_3610,D,95.153,False,2026-01-12T08:00:00
3611,user_3611,A,67.25,False,2026-02-04T18:00:00
3612,user_3612,D,72.86,True,2026-02-01T18:00:00
3613,user_3613,A,40.318,True,2026-01-14T20:00:00
3614,user_3614,A,53.587,False,2026-02-09T06:00:00
3615,user_3615,C,22.753,True,2026-01-03T10:00:00
3616,user_3616,B,91.786,False,2026-01-21T19:00:00
3617,user_3617,A,87.907,True,2026-01-16T03:00:00
3618,user_3618,D,40.672,True,2026-01-07T10:00:00
3619,user_3619,C,95.404,True,2026-02-02T02:00:00
3620,user_3620,B,86.952,False,2026-01-07T20:00:00
3621,user_3621,B,2.573,True,2026-01-17T04:00:00
3622,user_3622,A,76.894,False,2026-01-03T15:00:00
3623,user_3623,B,41.433,True,2026-01-29T11:00:00
3624,user_3624,B,60.16,True,2026-02-05T13:00:00
3625,user_3625,D,80.402,True,2026-01-28T02:00:00
3626,user_3626,D,62.709,True,2026-02-04T02:00:00
3627,user_3627,A,3.093,True,2026-01-03T00:00:00
3628,user_3628,B,48.862,True,2026-01-06T06:00:00
3629,user_3629,C,6.655,False,2026-01-26T17:00:00
3630,user_3630,B,83.273,False,2026-01-18T05:00:00
3631,user_3631,A,21.6,False,2026-01-19T16:00:00
3632,user_3632,C,61.33,True,2026-01-26T14:00:00
3633,user_3633,B,95.513,False,2026-01-29T16:00:00
3634,user_3634,A,66.707,True,2026-01-31T03:00:00
3635,user_3635,B,79.718,True,2026-01-19T18:00:00
3636,user_3636,B,92.293,False,2026-01-08T14:00:00
3637,user_3637,A,85.538,True,2026-01-16T07:00:00
3638,user_3638,C,69.857,True,2026-01-28T09:00:00
3639,user_3639,D,20.553,False,2026-01-22T17:00:00
3640,user_3640,B,95.228,True,2026-02-08T18:00:00
3641,user_3641,C,24.878,True,2026-01-04T05:00:00
3642,user_3642,C,85.466,True,2026-01-22T19:00:00
3643,user_3643,A,94.24,False,2026-01-03T04:00:00
3644,user_3644,A,50.898,True,2026-01-13T07:00:00
3645,user_3645,D,70.079,False,2026-02-04T15:00:00
3646,user_3646,B,41.442,True,2026-02-01T01:00:00
3647,user_3647,A,5.191,True,2026-02-03T08:00:00
3648,user_3648,B,96.611,True,2026-01-29T14:00:00
3649,user_3649,B,31.149,False,2026-01-25T17:00:00
3650,user_3650,B,9.188,True,2026-01-13T23:00:00
3651,user_3651,A,77.693,True,2026-01-09T02:00:00
3652,user_3652,C,86.481,False,2026-01-07T01:00:00
3653,user_3653,B,30.863,False,2026-02-07T21:00:00
3654,user_3654,D,59.855,False,2026-01-19T07:00:00
3655,user_3655,B,36.337,False,2026-02-07T05:00:00
3656,user_3656,D,83.144,False,2026-01-28T03:00:00
3657,user_3657,D,19.159,False,2026-01-23T01:00:00
3658,user_3658,B,32.842,True,2026-01-30T19:00:00
3659,user_3659,C,89.607,False,2026-01-15T13:00:00
3660,user_3660,B,80.882,False,2026-01-14T14:00:00
3661,user_3661,B,8.994,False,2026-01-26T11:00:00
3662,user_3662,C,57.398,False,2026-01-15T09:00:00
3663,user_3663,A,63.783,False,2026-02-07T06:00:00
3664,user_3664,C,3.16,True,2026-02-04T08:00:00
3665,user_3665,A,99.923,False,2026-01-08T07:00:00
3666,user_3666,B,61.2,True,2026-01-10T16:00:00
3667,user_3667,B,75.202,True,2026-01-24T07:00:00
3668,user_3668,B,14.635,False,2026-01-16T12:00:00
3669,user_3669,A,21.23,False,2026-01-23T21:00:00
3670,user_3670,A,90.498,False,2026-01-29T05:00:00
3671,user_3671,A,28.617,False,2026-01-24T11:00:00
3672,user_3672,B,9.468,True,2026-01-02T00:00:00
3673,user_3673,C,83.994,True,2026-01-26T08:00:00
3674,user_3674,A,24.8,True,2026-01-03T15:00:00
3675,user_3675,A,6.245,False,2026-01-04T03:00:00
3676,user_3676,D,35.506,False,2026-01-27T22:00:00
3677,user_3677,B,35.631,True,2026-01-20T14:00:00
3678,user_3678,A,60.752,False,2026-01-31T06:00:00
3679,user_3679,A,74.449,True,2026-02-02T02:00:00
3680,user_3680,D,89.48,True,2026-01-17T08:00:00
3681,user_3681,D,92.336,True,2026-01-24T19:00:00
3682,user_3682,D,15.405,True,2026-01-24T21:00:00
3683,user_3683,D,19.62,False,2026-01-24T04:00:00
3684,user_3684,C,99.288,False,2026-01-19T04:00:00
3685,user_3685,A,96.243,False,2026-01-15T15:00:00
3686,user_3686,A,20.284,False,2026-02-01T09:00:00
3687,user_3687,C,89.165,True,2026-02-08T10:00:00
3688,user_3688,D,76.489,False,2026-01-17T23:00:00
3689,user_3689,B,30.555,False,2026-02-10T01:00:00
3690,user_3690,C,62.335,True,2026-01-03T22:00:00
3691,user_3691,D,53.381,True,2026-02-03T16:00:00
3692,user_3692,D,21.721,False,2026-01-07T19:00:00
3693,user_3693,A,32.681,False,2026-01-29T09:00:00
3694,user_3694,A,45.187,False,2026-01-03T23:00:00
3695,user_3695,A,43.143,False,2026-01-08T00:00:00
3696,user_3696,B,61.945,True,2026-01-25T09:00:00
3697,user_3697,D,41.242,True,2026-01-22T06:00:00
3698,user_3698,C,86.179,True,2026-01-24T16:00:00
3699,user_3699,A,14.725,True,2026-01-31T19:00:00
3700,user_3700,D,30.128,False,2026-02-06T05:00:00
3701,user_3701,B,44.055,True,2026-01-23T15:00:00
3702,user_3702,D,24.379,True,2026-01-04T22:00:00
3703,user_3703,A,35.953,False,2026-01-12T22:00:00
3704,user_3704,C,1.61,True,2026-02-03T17:00:00
3705,user_3705,B,94.548,False,2026-01-13T14:00:00
3706,user_3706,C,28.095,True,2026-02-07T11:00:00
3707,user_3707,B,55.098,True,2026-02-07T08:00:00
3708,user_3708,D,77.367,False,2026-02-10T10:00:00
3709,user_3709,C,90.863,False,2026-01-13T04:00:00
3710,user_3710,C,71.084,False,2026-01-17T00:00:00
3711,user_3711,C,83.095,False,2026-01-22T18:00:00
3712,user_3712,A,47.105,False,2026-02-08T20:00:00
3713,user_3713,D,42.794,False,2026-01-02T12:00:00
3714,user_3714,D,54.445,False,2026-01-16T02:00:00
3715,user_3715,D,44.115,True,2026-01-23T21:00:00
3716,user_3716,C,40.687,True,2026-02-11T01:00:00
3717,user_3717,C,81.669,True,2026-01-12T12:00:00
3718,user_3718,A,70.274,True,2026-02-11T07:00:00
3719,user_3719,B,86.267,True,2026-01-28T01:00:00
3720,user_3720,B,66.683,True,2026-01-28T05:00:00
3721,user_3721,B,47.153,False,2026-01-03T04:00:00
3722,user_3722,B,31.406,True,2026-01-18T14:00:00
3723,user_3723,B,78.685,False,2026-02-03T05:00:00
3724,user_3724,A,11.505,True,2026-02-10T05:00:00
3725,user_3725,B,29.223,False,2026-02-03T07:00:00
3726,user_3726,B,65.292,True,2026-01-05T00:00:00
3727,user_3727,A,33.599,False,2026-01-03T10:00:00
3728,user_3728,D,17.264,False,2026-02-10T22:00:00
3729,user_3729,A,3.515,False,2026-01-17T00:00:00
3730,user_3730,D,99.606,False,2026-02-06T16:00:00
3731,user_3731,B,68.234,True,2026-01-22T15:00:00
3732,user_3732,B,3.125,True,2026-01-19T07:00:00
3733,user_3733,B,2.507,False,2026-01-08T17:00:00
3734,user_3734,D,4.619,False,2026-01-08T19:00:00
3735,user_3735,D,82.236,True,2026-01-14T13:00:00
3736,user_3736,B,52.584,True,2026-01-07T04:00:00
3737,user_3737,C,99.406,False,2026-01-09T20:00:00
3738,user_3738,A,2.074,False,2026-01-26T02:00:00
3739,user_3739,D,91.222,True,2026-01-05T12:00:00
3740,user_3740,A,79.552,True,2026-01-25T13:00:00
3741,user_3741,A,41.38,True,2026-02-08T09:00:00
3742,user_3742,A,54.621,True,2026-01-29T20:00:00
3743,user_3743,A,56.893,False,2026-01-09T09:00:00
3744,user_3744,A,9.541,True,2026-01-16T06:00:00
3745,user_3745,D,59.922,False,2026-02-03T05:00:00
3746,user_3746,B,63.319,True,2026-01-26T20:00:00
3747,user_3747,B,18.553,False,2026-01-21T02:00:00
3748,user_3748,B,7.768,True,2026-01-21T19:00:00
3749,user_3749,C,3.023,True,2026-01-19T07:00:00
3750,user_3750,B,97.804,False,2026-01-11T21:00:00
3751,user_3751,B,54.632,False,2026-01-24T16:00:00
3752,user_3752,A,47.965,True,2026-01-18T03:00:00
3753,user_3753,B,17.651,False,2026-01-14T09:00:00
3754,user_3754,A,66.688,True,2026-02-04T23:00:00
3755,user_3755,A,22.645,False,2026-01-11T23:00:00
3756,user_3756,B,47.517,True,2026-01-21T09:00:00
3757,user_3757,D,78.912,False,2026-01-28T23:00:00
3758,user_3758,C,65.488,True,2026-02-11T11:00:00
3759,user_3759,C,38.783,True,2026-01-09T02:00:00
3760,user_3760,A,2.017,True,2026-01-09T07:00:00
3761,user_3761,A,31.168,True,2026-01-31T07:00:00
3762,user_3762,A,5.986,True,2026-01-22T10:00:00
3763,user_3763,D,76.859,True,2026-02-07T21:00:00
3764,user_3764,D,75.953,False,2026-01-21T16:00:00
3765,user_3765,B,44.3,True,2026-01-13T03:00:00
3766,user_3766,C,2.945,False,2026-01-10T12:00:00
3767,user_3767,C,9.361,True,2026-01-15T03:00:00
3768,user_3768,B,13.962,True,2026-01-30T18:00:00
3769,user_3769,A,28.08,True,2026-01-23T17:00:00
3770,user_3770,A,4.591,False,2026-02-09T18:00:00
3771,user_3771,B,24.274,False,2026-01-25T15:00:00
3772,user_3772,A,26.22,False,2026-01-13T17:00:00
3773,user_3773,B,40.168,True,2026-01-21T06:00:00
3774,user_3774,A,59.77,True,2026-01-20T06:00:00
3775,user_3775,B,65.216,True,2026-01-02T11:00:00
3776,user_3776,C,57.055,False,2026-01-25T23:00:00
3777,user_3777,D,44.635,True,2026-01-13T06:00:00
3778,user_3778,D,96.424,False,2026-02-01T20:00:00
3779,user_3779,B,43.698,False,2026-01-08T16:00:00
3780,user_3780,A,68.197,True,2026-01-21T15:00:00
3781,user_3781,B,98.161,True,2026-01-27T14:00:00
3782,user_3782,A,54.361,True,2026-01-16T16:00:00
3783,user_3783,B,0.586,True,2026-01-15T17:00:00
3784,user_3784,C,30.1,True,2026-02-02T21:00:00
3785,user_3785,B,12.374,True,2026-01-21T23:00:00
3786,user_3786,C,26.88,False,2026-02-03T17:00:00
3787,user_3787,B,45.359,True,2026-01-17T01:00:00
3788,user_3788,D,81.914,False,2026-02-11T15:00:00
3789,user_3789,B,23.469,True,2026-01-23T15:00:00
3790,user_3790,C,36.01,True,2026-01-17T18:00:00
3791,user_3791,A,2.381,False,2026-02-02T12:00:00
3792,user_3792,B,49.677,True,2026-02-03T12:00:00
3793,user_3793,A,51.041,True,2026-01-23T15:00:00
3794,user_3794,A,4.829,True,2026-01-02T15:00:00
3795,user_3795,C,74.983,False,2026-01-17T04:00:00
3796,user_3796,D,62.076,False,2026-01-31T08:00:00
3797,user_3797,B,46.986,False,2026-01-02T06:00:00
3798,user_3798,B,74.151,True,2026-01-11T21:00:00
3799,user_3799,B,15.407,True,2026-01-14T23:00:00
3800,user_3800,B,33.053,True,2026-01-12T01:00:00
3801,user_3801,B,15.958,False,2026-01-24T13:00:00
3802,user_3802,D,77.576,False,2026-01-28T10:00:00
3803,user_3803,A,6.567,True,2026-01-31T03:00:00
3804,user_3804,A,3.66,True,2026-02-02T01:00:00
3805,user_3805,A,92.066,True,2026-02-08T18:00:00
3806,user_3806,D,8.314,True,2026-01-23T00:00:00
3807,user_3807,B,67.565,False,2026-01-02T04:00:00
3808,user_3808,B,57.597,True,2026-01-29T00:00:00
3809,user_3809,D,4.29,True,2026-02-08T04:00:00
3810,user_3810,B,75.58,False,2026-01-26T23:00:00
3811,user_3811,A,86.996,True,2026-01-16T07:00:00
3812,user_3812,A,16.384,True,2026-01-07T00:00:00
3813,user_3813,D,43.224,True,2026-01-03T11:00:00
3814,user_3814,B,94.338,True,2026-01-31T15:00:00
3815,user_3815,C,35.86,True,2026-02-05T03:00:00
3816,user_3816,A,45.532,False,2026-01-08T22:00:00
3817,user_3817,D,91.349,False,2026-01-02T19:00:00
3818,user_3818,A,59.391,True,2026-01-27T13:00:00
3819,user_3819,D,16.629,True,2026-01-01T05:00:00
3820,user_3820,C,59.668,False,2026-01-06T12:00:00
3821,user_3821,A,94.571,True,2026-01-31T09:00:00
3822,user_3822,C,12.392,True,2026-01-09T15:00:00
3823,user_3823,D,4.069,True,2026-01-01T05:00:00
3824,user_3824,B,36.809,False,2026-01-09T13:00:00
3825,user_3825,D,65.535,True,2026-01-28T19:00:00
3826,user_3826,C,41.175,True,2026-01-24T08:00:00
3827,user_3827,B,81.243,False,2026-01-10T13:00:00
3828,user_3828,A,55.373,False,2026-01-29T15:00:00
3829,user_3829,B,52.077,False,2026-01-24T07:00:00
3830,user_3830,B,80.136,False,2026-01-17T22:00:00
3831,user_3831,A,56.328,True,2026-01-30T09:00:00
3832,user_3832,D,59.156,False,2026-01-14T18:00:00
3833,user_3833,A,31.103,True,2026-01-29T02:00:00
3834,user_3834,D,90.994,False,2026-01-02T08:00:00
3835,user_3835,C,61.669,True,2026-01-14T20:00:00
3836,user_3836,D,1.149,True,2026-02-11T13:00:00
3837,user_3837,A,79.482,True,2026-01-21T04:00:00
3838,user_3838,A,5.087,True,2026-02-07T06:00:00
3839,user_3839,D,49.649,False,2026-01-15T12:00:00
3840,user_3840,C,94.267,False,2026-01-11T12:00:00
3841,user_3841,A,71.835,True,2026-01-17T03:00:00
3842,user_3842,A,64.088,True,2026-01-26T23:00:00
3843,user_3843,D,74.126,False,2026-02-02T03:00:00
3844,user_3844,A,66.614,True,2026-01-08T04:00:00
3845,user_3845,B,66.436,True,2026-01-16T15:00:00
3846,user_3846,A,73.289,True,2026-01-28T00:00:00
3847,user_3847,B,94.048,True,2026-02-09T00:00:00
3848,user_3848,C,86.087,True,2026-02-08T05:00:00
3849,user_3849,C,88.71,False,2026-01-25T16:00:00
3850,user_3850,C,6.926,True,2026-01-13T14:00:00
3851,user_3851,B,68.965,False,2026-01-08T19:00:00
3852,user_3852,A,96.159,True,2026-01-13T13:00:00
3853,user_3853,A,78.029,True,2026-01-01T01:00:00
3854,user_3854,C,53.941,False,2026-01-27T09:00:00
3855,user_3855,A,97.756,True,2026-01-08T02:00:00
3856,user_3856,B,43.819,True,2026-02-08T13:00:00
3857,user_3857,D,75.635,False,2026-01-25T03:00:00
3858,user_3858,A,59.772,False,2026-02-09T07:00:00
3859,user_3859,D,37.07,False,2026-01-06T03:00:00
3860,user_3860,D,94.991,True,2026-02-07T18:00:00
3861,user_3861,A,47.832,True,2026-01-15T00:00:00
3862,user_3862,C,24.72,False,2026-01-08T16:00:00
3863,user_3863,D,22.9,True,2026-01-30T11:00:00
3864,user_3864,D,57.075,False,2026-02-01T00:00:00
3865,user_3865,C,42.901,True,2026-02-06T00:00:00
3866,user_3866,D,30.584,True,2026-02-07T22:00:00
3867,user_3867,D,33.384,False,2026-01-22T04:00:00
3868,user_3868,C,79.191,False,2026-01-10T06:00:00
3869,user_3869,B,61.012,True,2026-01-29T10:00:00
3870,user_3870,C,67.429,True,2026-02-11T06:00:00
3871,user_3871,A,30.075,True,2026-01-23T06:00:00
3872,user_3872,B,93.157,True,2026-01-10T20:00:00
3873,user_3873,C,83.974,False,2026-01-10T09:00:00
3874,user_3874,B,13.584,False,2026-01-12T07:00:00
3875,user_3875,D,16.305,True,2026-01-02T06:00:00
3876,user_3876,C,39.679,False,2026-01-01T04:00:00
3877,user_3877,C,0.517,True,2026-01-22T20:00:00
3878,user_3878,B,58.714,False,2026-02-05T18:00:00
3879,user_3879,A,95.543,False,2026-01-05T21:00:00
3880,user_3880,D,3.829,True,2026-01-30T10:00:00
3881,user_3881,C,78.186,False,2026-02-04T13:00:00
3882,user_3882,A,91.521,False,2026-01-10T03:00:00
3883,user_3883,A,76.528,False,2026-01-27T08:00:00
3884,user_3884,A,74.663,True,2026-01-22T06:00:00
3885,user_3885,C,76.118,True,2026-01-24T17:00:00
3886,user_3886,B,91.966,True,2026-01-28T08:00:00
3887,user_3887,C,99.34,True,2026-01-29T21:00:00
3888,user_3888,B,55.039,True,2026-01-01T16:00:00
3889,user_3889,B,74.868,False,2026-02-06T15:00:00
3890,user_3890,A,26.74,True,2026-01-28T12:00:00
3891,user_3891,A,64.987,False,2026-02-07T02:00:00
3892,user_3892,C,97.929,True,2026-02-01T12:00:00
3893,user_3893,A,30.61,True,2026-01-29T08:00:00
3894,user_3894,C,5.755,True,2026-01-09T03:00:00
3895,user_3895,C,81.828,True,2026-01-23T02:00:00
3896,user_3896,D,71.708,False,2026-02-05T11:00:00
3897,user_3897,C,42.246,True,2026-01-12T19:00:00
3898,user_3898,B,65.864,True,2026-02-04T14:00:00
3899,user_3899,C,25.224,False,2026-01-25T00:00:00
3900,user_3900,B,30.944,True,2026-01-22T15:00:00
3901,user_3901,A,64.195,True,2026-01-26T05:00:00
3902,user_3902,D,26.829,True,2026-02-10T17:00:00
3903,user_3903,C,11.063,True,2026-01-08T09:00:00
3904,user_3904,B,28.493,False,2026-01-13T09:00:00
3905,user_3905,A,22.29,True,2026-01-18T06:00:00
3906,user_3906,B,26.055,False,2026-02-08T01:00:00
3907,user_3907,C,8.864,True,2026-02-01T17:00:00
3908,user_3908,C,37.912,False,2026-01-16T11:00:00
3909,user_3909,C,71.124,False,2026-02-05T11:00:00
3910,user_3910,C,44.382,False,2026-01-14T00:00:00
3911,user_3911,B,70.557,True,2026-02-09T13:00:00
3912,user_3912,A,25.584,False,2026-01-04T16:00:00
3913,user_3913,A,84.839,False,2026-02-02T06:00:00
3914,user_3914,A,77.121,False,2026-01-02T08:00:00
3915,user_3915,C,81.879,False,2026-01-09T12:00:00
3916,user_3916,C,88.251,True,2026-01-23T11:00:00
3917,user_3917,A,13.539,True,2026-01-01T08:00:00
3918,user_3918,B,76.155,True,2026-01-22T20:00:00
3919,user_3919,A,85.874,True,2026-02-02T03:00:00
3920,user_3920,B,43.654,False,2026-02-09T22:00:00
3921,user_3921,C,46.831,False,2026-01-08T03:00:00
3922,user_3922,A,80.478,True,2026-02-06T01:00:00
3923,user_3923,C,1.965,False,2026-01-27T04:00:00
3924,user_3924,A,40.205,False,2026-01-11T20:00:00
3925,user_3925,A,78.847,True,2026-01-23T09:00:00
3926,user_3926,D,41.856,False,2026-01-21T18:00:00
3927,user_3927,B,13.459,False,2026-02-08T04:00:00
3928,user_3928,D,44.152,False,2026-02-03T12:00:00
3929,user_3929,A,40.714,False,2026-02-03T08:00:00
3930,user_3930,D,86.497,True,2026-01-15T05:00:00
3931,user_3931,D,27.458,False,2026-01-23T05:00:00
3932,user_3932,A,22.758,True,2026-01-02T22:00:00
3933,user_3933,A,35.486,False,2026-02-03T05:00:00
3934,user_3934,D,82.176,False,2026-01-17T02:00:00
3935,user_3935,B,60.849,False,2026-01-08T20:00:00
3936,user_3936,A,58.263,False,2026-01-02T08:00:00
3937,user_3937,A,69.678,False,2026-01-04T07:00:00
3938,user_3938,A,7.831,True,2026-01-16T22:00:00
3939,user_3939,B,55.107,False,2026-01-17T09:00:00
3940,user_3940,D,18.673,True,2026-01-22T10:00:00
3941,user_3941,D,46.637,False,2026-01-10T10:00:00
3942,user_3942,A,8.23,True,2026-01-07T14:00:00
3943,user_3943,C,59.726,False,2026-02-10T21:00:00
3944,user_3944,D,94.394,True,2026-01-17T03:00:00
3945,user_3945,B,27.906,False,2026-01-26T04:00:00
3946,user_3946,C,15.164,False,2026-01-19T21:00:00
3947,user_3947,A,97.145,True,2026-02-09T10:00:00
3948,user_3948,D,67.816,False,2026-01-27T05:00:00
3949,user_3949,C,90.095,False,2026-01-04T20:00:00
3950,user_3950,C,36.955,True,2026-02-03T10:00:00
3951,user_3951,C,77.448,True,2026-01-18T09:00:00
3952,user_3952,B,54.644,False,2026-01-02T04:00:00
3953,user_3953,C,68.75,True,2026-01-26T01:00:00
3954,user_3954,D,6.289,True,2026-01-08T19:00:00
3955,user_3955,A,27.443,False,2026-01-02T17:00:00
3956,user_3956,B,51.973,True,2026-01-09T04:00:00
3957,user_3957,A,67.914,False,2026-01-25T01:00:00
3958,user_3958,C,13.049,True,2026-01-27T15:00:00
3959,user_3959,B,7.934,False,2026-01-06T09:00:00
3960,user_3960,A,26.528,False,2026-01-09T21:00:00
3961,user_3961,B,75.193,True,2026-01-07T14:00:00
3962,user_3962,A,87.579,True,2026-01-12T06:00:00
3963,user_3963,C,6.647,True,2026-01-15T06:00:00
3964,user_3964,C,78.316,False,2026-02-10T10:00:00
3965,user_3965,C,48.732,False,2026-01-11T11:00:00
3966,user_3966,B,99.675,True,2026-01-25T18:00:00
3967,user_3967,C,44.294,True,2026-01-26T00:00:00
3968,user_3968,C,46.724,False,2026-01-14T08:00:00
3969,user_3969,C,24.565,True,2026-02-04T17:00:00
3970,user_3970,A,30.024,True,2026-01-17T11:00:00
3971,user_3971,B,97.065,True,2026-01-31T15:00:00
3972,user_3972,B,8.007,False,2026-01-26T06:00:00
3973,user_3973,B,97.261,True,2026-01-01T05:00:00
3974,user_3974,A,70.009,True,2026-01-09T20:00:00
3975,user_3975,C,41.098,True,2026-01-31T07:00:00
3976,user_3976,A,74.511,True,2026-01-13T17:00:00
3977,user_3977,A,51.502,True,2026-01-18T10:00:00
3978,user_3978,D,13.464,False,2026-01-23T21:00:00
3979,user_3979,C,27.475,True,2026-01-28T07:00:00
3980,user_3980,A,65.99,False,2026-01-30T21:00:00
3981,user_3981,D,61.725,False,2026-01-05T21:00:00
3982,user_3982,B,24.626,True,2026-01-27T14:00:00
3983,user_3983,A,94.329,False,2026-01-03T00:00:00
3984,user_3984,D,89.26,False,2026-01-20T22:00:00
3985,user_3985,D,50.785,False,2026-01-15T10:00:00
3986,user_3986,B,96.58,False,2026-01-09T21:00:00
3987,user_3987,A,4.815,False,2026-01-06T11:00:00
3988,user_3988,B,10.78,False,2026-02-03T16:00:00
3989,user_3989,B,25.304,False,2026-01-13T10:00:00
3990,user_3990,B,1.261,False,2026-01-16T07:00:00
3991,user_3991,A,97.268,True,2026-01-05T10:00:00
3992,user_3992,D,75.607,False,2026-01-25T01:00:00
3993,user_3993,D,65.238,True,2026-01-11T23:00:00
3994,user_3994,B,61.477,True,2026-02-09T22:00:00
3995,user_3995,C,29.151,False,2026-01-18T18:00:00
3996,user_3996,B,58.645,True,2026-02-09T22:00:00
3997,user_3997,A,27.009,True,2026-01-30T19:00:00
3998,user_3998,A,87.879,True,2026-01-23T08:00:00
3999,user_3999,B,8.685,True,2026-01-05T11:00:00
4000,user_4000,B,48.677,False,2026-01-12T07:00:00
4001,user_4001,D,59.62,True,2026-01-10T19:00:00
4002,user_4002,C,95.095,True,2026-02-03T16:00:00
4003,user_4003,A,68.239,True,2026-02-05T23:00:00
4004,user_4004,D,0.691,False,2026-01-31T21:00:00
4005,user_4005,D,74.536,False,2026-01-19T22:00:00
4006,user_4006,B,55.238,True,2026-02-06T21:00:00
4007,user_4007,B,55.338,False,2026-01-06T21:00:00
4008,user_4008,A,28.093,False,2026-02-05T22:00:00
4009,user_4009,A,28.843,False,2026-01-06T03:00:00
4010,user_4010,C,63.786,True,2026-01-10T13:00:00
4011,user_4011,C,76.859,False,2026-02-10T14:00:00
4012,user_4012,A,42.915,True,2026-01-24T16:00:00
4013,user_4013,D,47.943,True,2026-01-05T13:00:00
4014,user_4014,C,65.963,True,2026-01-25T07:00:00
4015,user_4015,B,36.938,False,2026-01-04T09:00:00
4016,user_4016,C,50.029,False,2026-01-15T08:00:00
4017,user_4017,B,29.218,False,2026-02-10T01:00:00
4018,user_4018,A,8.361,False,2026-01-30T23:00:00
4019,user_4019,B,12.334,False,2026-02-09T10:00:00
4020,user_4020,C,92.43,False,2026-01-17T14:00:00
4021,user_4021,B,79.023,False,2026-01-10T13:00:00
4022,user_4022,B,77.537,True,2026-01-20T19:00:00
4023,user_4023,A,93.523,False,2026-02-07T07:00:00
4024,user_4024,D,70.18,True,2026-01-30T00:00:00
4025,user_4025,C,6.064,True,2026-01-07T09:00:00
4026,user_4026,D,93.034,True,2026-01-14T06:00:00
4027,user_4027,B,86.855,False,2026-01-25T04:00:00
4028,user_4028,C,91.072,True,2026-01-20T23:00:00
4029,user_4029,A,87.801,True,2026-01-28T09:00:00
4030,user_4030,D,96.63,True,2026-01-23T12:00:00
4031,user_4031,C,55.594,False,2026-01-15T10:00:00
4032,user_4032,D,21.819,False,2026-01-31T19:00:00
4033,user_4033,D,88.847,True,2026-01-16T14:00:00
4034,user_4034,B,32.606,True,2026-02-05T05:00:00
4035,user_4035,D,78.552,False,2026-01-21T01:00:00
4036,user_4036,B,18.288,True,2026-01-24T08:00:00
4037,user_4037,A,80.348,False,2026-01-06T12:00:00
4038,user_4038,B,44.964,True,2026-01-13T04:00:00
4039,user_4039,D,67.706,True,2026-02-08T19:00:00
4040,user_4040,D,99.189,False,2026-01-22T23:00:00
4041,user_4041,B,39.505,True,2026-01-30T09:00:00
4042,user_4042,D,58.822,True,2026-01-04T15:00:00
4043,user_4043,D,94.756,True,2026-01-03T00:00:00
4044,user_4044,D,51.117,False,2026-01-02T16:00:00
4045,user_4045,A,67.916,True,2026-01-18T21:00:00
4046,user_4046,B,56.885,False,2026-02-04T21:00:00
4047,user_4047,D,34.316,False,2026-01-22T08:00:00
4048,user_4048,D,69.855,False,2026-01-01T19:00:00
4049,user_4049,A,79.761,False,2026-01-26T04:00:00
4050,user_4050,A,88.831,False,2026-02-10T22:00:00
4051,user_4051,C,85.635,True,2026-01-01T13:00:00
4052,user_4052,B,51.175,False,2026-02-01T09:00:00
4053,user_4053,C,36.595,True,2026-01-04T15:00:00
4054,user_4054,D,55.025,True,2026-01-01T22:00:00
4055,user_4055,D,31.459,True,2026-01-14T21:00:00
4056,user_4056,B,50.473,True,2026-01-18T22:00:00
4057,user_4057,A,69.18,True,2026-01-03T21:00:00
4058,user_4058,D,76.775,True,2026-01-29T12:00:00
4059,user_4059,C,73.126,True,2026-01-19T11:00:00
4060,user_4060,B,94.217,False,2026-01-05T03:00:00
4061,user_4061,C,26.072,True,2026-01-19T12:00:00
4062,user_4062,A,77.018,False,2026-01-14T23:00:00
4063,user_4063,A,86.303,False,2026-01-07T20:00:00
4064,user_4064,B,19.289,True,2026-01-26T21:00:00
4065,user_4065,A,20.156,False,2026-01-21T20:00:00
4066,user_4066,C,51.116,True,2026-01-25T04:00:00
4067,user_4067,B,16.208,True,2026-01-14T06:00:00
4068,user_4068,D,90.736,True,2026-01-12T21:00:00
4069,user_4069,D,88.693,False,2026-01-25T20:00:00
4070,user_4070,B,50.938,True,2026-01-28T13:00:00
4071,user_4071,B,17.976,True,2026-02-08T11:00:00
4072,user_4072,D,20.305,True,2026-01-24T19:00:00
4073,user_4073,B,64.639,True,2026-01-01T17:00:00
4074,user_4074,D,96.454,True,2026-02-05T13:00:00
4075,user_4075,C,3.103,True,2026-02-04T04:00:00
4076,user_4076,A,60.92,True,2026-02-06T19:00:00
4077,user_4077,B,91.649,True,2026-01-29T17:00:00
4078,user_4078,A,80.292,True,2026-01-11T07:00:00
4079,user_4079,B,47.659,False,2026-01-15T15:00:00
4080,user_4080,C,78.83,False,2026-02-04T14:00:00
4081,user_4081,A,35.061,True,2026-01-24T23:00:00
4082,user_4082,B,68.337,False,2026-01-20T08:00:00
4083,user_4083,B,26.564,True,2026-02-02T05:00:00
4084,user_4084,D,91.692,True,2026-01-20T19:00:00
4085,user_4085,A,75.366,False,2026-01-20T05:00:00
4086,user_4086,A,65.01,False,2026-01-16T03:00:00
4087,user_4087,C,54.224,False,2026-01-22T01:00:00
4088,user_4088,A,60.306,True,2026-02-05T09:00:00
4089,user_4089,B,78.244,False,2026-02-07T08:00:00
4090,user_4090,A,91.976,False,2026-01-01T18:00:00
4091,user_4091,A,84.35,True,2026-01-11T04:00:00
4092,user_4092,C,87.934,False,2026-01-20T08:00:00
4093,user_4093,A,24.14,False,2026-01-16T13:00:00
4094,user_4094,A,83.702,False,2026-02-04T19:00:00
4095,user_4095,B,97.531,False,2026-01-28T18:00:00
4096,user_4096,B,19.119,False,2026-01-29T07:00:00
4097,user_4097,B,86.956,True,2026-01-27T08:00:00
4098,user_4098,B,58.894,False,2026-02-01T01:00:00
4099,user_4099,D,44.369,False,2026-01-28T07:00:00
4100,user_4100,D,67.411,True,2026-01-06T10:00:00
4101,user_4101,A,97.661,False,2026-01-17T11:00:00
4102,user_4102,A,31.269,False,2026-01-07T01:00:00
4103,user_4103,C,43.164,False,2026-02-07T15:00:00
4104,user_4104,D,23.254,False,2026-01-17T02:00:00
4105,user_4105,D,50.369,False,2026-01-07T02:00:00
4106,user_4106,D,38.432,False,2026-01-16T17:00:00
4107,user_4107,D,13.0,False,2026-02-05T19:00:00
4108,user_4108,C,63.719,False,2026-01-04T19:00:00
4109,user_4109,B,85.528,True,2026-01-12T19:00:00
4110,user_4110,A,61.959,False,2026-01-27T09:00:00
4111,user_4111,B,21.828,False,2026-01-26T03:00:00
4112,user_4112,B,4.233,True,2026-02-09T13:00:00
4113,user_4113,A,9.294,False,2026-01-19T20:00:00
4114,user_4114,B,88.297,True,2026-01-29T07:00:00
4115,user_4115,B,19.059,True,2026-01-05T11:00:00
4116,user_4116,B,40.801,False,2026-02-06T14:00:00
4117,user_4117,C,86.383,True,2026-02-01T07:00:00
4118,user_4118,B,31.188,True,2026-02-07T15:00:00
4119,user_4119,B,83.602,True,2026-01-24T10:00:00
4120,user_4120,D,39.457,True,2026-02-04T15:00:00
4121,user_4121,A,29.775,False,2026-01-30T12:00:00
4122,user_4122,B,23.983,True,2026-01-10T22:00:00
4123,user_4123,B,83.414,False,2026-01-23T15:00:00
4124,user_4124,D,1.778,False,2026-02-08T06:00:00
4125,user_4125,A,65.079,True,2026-02-09T16:00:00
4126,user_4126,B,95.598,False,2026-02-09T06:00:00
4127,user_4127,C,4.843,True,2026-02-06T09:00:00
4128,user_4128,A,89.26,True,2026-01-13T21:00:00
4129,user_4129,B,54.412,True,2026-01-07T23:00:00
4130,user_4130,B,22.984,False,2026-01-28T16:00:00
4131,user_4131,D,14.466,True,2026-02-09T17:00:00
4132,user_4132,C,48.67,False,2026-01-14T20:00:00
4133,user_4133,A,73.329,True,2026-01-17T00:00:00
4134,user_4134,C,39.412,True,2026-02-02T09:00:00
4135,user_4135,C,27.078,False,2026-01-18T06:00:00
4136,user_4136,D,86.727,True,2026-01-22T13:00:00
4137,user_4137,A,47.128,False,2026-01-12T21:00:00
4138,user_4138,A,57.025,True,2026-01-23T09:00:00
4139,user_4139,B,29.034,False,2026-01-19T17:00:00
4140,user_4140,A,96.382,True,2026-02-06T15:00:00
4141,user_4141,C,66.31,True,2026-01-12T18:00:00
4142,user_4142,D,51.075,True,2026-01-19T13:00:00
4143,user_4143,B,33.073,True,2026-01-06T19:00:00
4144,user_4144,C,67.718,True,2026-01-05T10:00:00
4145,user_4145,B,88.393,True,2026-01-06T17:00:00
4146,user_4146,D,98.456,False,2026-01-20T23:00:00
4147,user_4147,D,75.799,False,2026-01-18T04:00:00
4148,user_4148,C,69.472,True,2026-01-20T02:00:00
4149,user_4149,D,67.634,True,2026-01-10T22:00:00
4150,user_4150,A,5.74,True,2026-02-10T04:00:00
4151,user_4151,B,96.947,False,2026-01-13T06:00:00
4152,user_4152,B,78.734,True,2026-02-01T06:00:00
4153,user_4153,A,26.972,True,2026-01-27T10:00:00
4154,user_4154,D,28.98,True,2026-01-28T08:00:00
4155,user_4155,B,56.293,True,2026-01-08T18:00:00
4156,user_4156,A,16.11,True,2026-01-29T14:00:00
4157,user_4157,A,81.723,True,2026-01-06T17:00:00
4158,user_4158,D,37.342,True,2026-01-16T12:00:00
4159,user_4159,C,4.383,False,2026-01-21T06:00:00
4160,user_4160,B,44.04,False,2026-01-07T22:00:00
4161,user_4161,C,2.532,False,2026-01-19T08:00:00
4162,user_4162,C,11.029,False,2026-01-12T01:00:00
4163,user_4163,C,10.596,True,2026-01-04T17:00:00
4164,user_4164,D,88.585,False,2026-01-07T17:00:00
4165,user_4165,A,74.828,True,2026-01-30T12:00:00
4166,user_4166,D,19.447,True,2026-01-30T14:00:00
4167,user_4167,D,70.701,True,2026-01-11T15:00:00
4168,user_4168,C,96.295,True,2026-01-12T21:00:00
4169,user_4169,A,47.998,False,2026-02-07T17:00:00
4170,user_4170,D,70.921,True,2026-01-14T16:00:00
4171,user_4171,C,73.133,True,2026-02-09T06:00:00
4172,user_4172,A,70.135,False,2026-02-08T22:00:00
4173,user_4173,B,5.26,True,2026-02-07T02:00:00
4174,user_4174,A,96.325,True,2026-01-16T06:00:00
4175,user_4175,B,38.432,True,2026-01-04T12:00:00
4176,user_4176,C,46.519,False,2026-01-28T18:00:00
4177,user_4177,D,0.781,False,2026-02-03T00:00:00
4178,user_4178,D,26.559,True,2026-01-28T02:00:00
4179,user_4179,B,85.199,False,2026-01-05T17:00:00
4180,user_4180,B,86.977,False,2026-01-09T06:00:00
4181,user_4181,C,46.487,True,2026-01-18T10:00:00
4182,user_4182,C,90.592,False,2026-01-01T05:00:00
4183,user_4183,A,53.634,True,2026-01-06T22:00:00
4184,user_4184,B,95.396,False,2026-02-07T22:00:00
4185,user_4185,A,24.726,False,2026-01-29T08:00:00
4186,user_4186,C,30.127,True,2026-01-30T09:00:00
4187,user_4187,D,26.026,False,2026-01-27T03:00:00
4188,user_4188,C,22.255,True,2026-02-02T07:00:00
4189,user_4189,A,71.832,True,2026-01-29T19:00:00
4190,user_4190,B,55.125,False,2026-01-12T10:00:00
4191,user_4191,A,57.475,True,2026-01-06T06:00:00
4192,user_4192,C,27.522,False,2026-01-12T20:00:00
4193,user_4193,C,83.253,True,2026-01-16T09:00:00
4194,user_4194,B,66.948,True,2026-01-24T00:00:00
4195,user_4195,A,27.492,False,2026-01-07T08:00:00
4196,user_4196,A,19.763,False,2026-02-08T07:00:00
4197,user_4197,D,2.044,False,2026-02-06T07:00:00
4198,user_4198,A,41.222,True,2026-01-02T16:00:00
4199,user_4199,A,82.549,True,2026-01-08T07:00:00
4200,user_4200,D,7.783,False,2026-01-31T19:00:00
4201,user_4201,A,30.039,True,2026-02-06T10:00:00
4202,user_4202,C,88.795,False,2026-01-30T10:00:00
4203,user_4203,B,89.803,True,2026-01-27T13:00:00
4204,user_4204,B,31.575,True,2026-01-13T01:00:00
4205,user_4205,D,79.852,False,2026-01-07T03:00:00
4206,user_4206,D,75.095,True,2026-01-16T15:00:00
4207,user_4207,A,97.845,True,2026-01-05T14:00:00
4208,user_4208,C,43.576,True,2026-01-12T13:00:00
4209,user_4209,A,38.654,True,2026-01-08T10:00:00
4210,user_4210,A,17.898,False,2026-01-28T08:00:00
4211,user_4211,B,82.036,False,2026-01-16T15:00:00
4212,user_4212,B,28.618,False,2026-01-12T19:00:00
4213,user_4213,B,80.086,True,2026-01-12T06:00:00
4214,user_4214,C,47.687,False,2026-01-07T19:00:00
4215,user_4215,B,60.279,True,2026-02-03T09:00:00
4216,user_4216,A,93.156,False,2026-01-08T06:00:00
4217,user_4217,A,54.699,False,2026-01-15T22:00:00
4218,user_4218,A,64.018,False,2026-01-14T04:00:00
4219,user_4219,C,57.059,False,2026-01-27T04:00:00
4220,user_4220,D,51.185,False,2026-01-29T22:00:00
4221,user_4221,D,55.573,False,2026-01-09T04:00:00
4222,user_4222,C,48.848,True,2026-01-18T11:00:00
4223,user_4223,B,47.524,False,2026-01-25T10:00:00
4224,user_4224,B,71.319,False,2026-01-05T03:00:00
4225,user_4225,D,9.39,True,2026-01-01T06:00:00
4226,user_4226,B,7.384,True,2026-01-01T01:00:00
4227,user_4227,C,58.77,False,2026-01-13T03:00:00
4228,user_4228,B,66.042,False,2026-01-31T07:00:00
4229,user_4229,A,55.578,False,2026-02-07T19:00:00
4230,user_4230,A,53.561,True,2026-01-19T01:00:00
4231,user_4231,D,45.35,False,2026-01-15T15:00:00
4232,user_4232,D,31.816,False,2026-02-06T01:00:00
4233,user_4233,B,84.96,True,2026-01-12T04:00:00
4234,user_4234,D,98.007,False,2026-01-29T15:00:00
4235,user_4235,C,94.888,True,2026-01-15T06:00:00
4236,user_4236,B,42.914,False,2026-01-06T22:00:00
4237,user_4237,A,14.028,False,2026-01-11T15:00:00
4238,user_4238,D,37.959,True,2026-01-09T20:00:00
4239,user_4239,C,39.332,False,2026-01-15T09:00:00
4240,user_4240,B,98.631,True,2026-02-07T02:00:00
4241,user_4241,A,17.389,True,2026-01-19T11:00:00
4242,user_4242,D,64.938,False,2026-01-15T20:00:00
4243,user_4243,C,83.602,False,2026-01-05T01:00:00
4244,user_4244,B,23.402,False,2026-02-11T00:00:00
4245,user_4245,B,80.594,True,2026-01-27T16:00:00
4246,user_4246,B,88.457,False,2026-01-20T04:00:00
4247,user_4247,D,67.869,False,2026-01-21T17:00:00
4248,user_4248,A,17.071,False,2026-02-09T21:00:00
4249,user_4249,A,59.694,True,2026-02-09T17:00:00
4250,user_4250,A,47.0,True,2026-01-25T01:00:00
4251,user_4251,C,20.625,False,2026-02-01T06:00:00
4252,user_4252,C,58.411,False,2026-01-02T17:00:00
4253,user_4253,A,23.313,False,2026-01-07T13:00:00
4254,user_4254,C,0.377,True,2026-02-03T20:00:00
4255,user_4255,B,69.074,False,2026-01-03T00:00:00
4256,user_4256,D,5.066,True,2026-01-10T23:00:00
4257,user_4257,D,31.631,False,2026-01-04T19:00:00
4258,user_4258,C,68.418,True,2026-01-29T01:00:00
4259,user_4259,C,33.281,True,2026-01-30T20:00:00
4260,user_4260,A,33.879,False,2026-01-02T12:00:00
4261,user_4261,A,89.34,True,2026-02-08T09:00:00
4262,user_4262,D,16.098,False,2026-01-02T12:00:00
4263,user_4263,C,78.475,False,2026-01-17T00:00:00
4264,user_4264,D,11.641,True,2026-01-06T17:00:00
4265,user_4265,B,27.633,False,2026-01-07T05:00:00
4266,user_4266,C,29.349,False,2026-02-08T02:00:00
4267,user_4267,A,16.741,True,2026-02-01T22:00:00
4268,user_4268,C,98.518,False,2026-01-31T16:00:00
4269,user_4269,B,48.136,False,2026-01-15T01:00:00
4270,user_4270,A,55.461,False,2026-01-02T17:00:00
4271,user_4271,B,17.22,True,2026-01-31T10:00:00
4272,user_4272,C,37.079,False,2026-01-02T14:00:00
4273,user_4273,C,32.909,True,2026-01-05T00:00:00
4274,user_4274,A,6.151,True,2026-01-08T19:00:00
4275,user_4275,B,75.584,True,2026-01-03T03:00:00
4276,user_4276,D,39.984,False,2026-01-09T05:00:00
4277,user_4277,C,44.198,True,2026-01-12T12:00:00
4278,user_4278,C,97.357,True,2026-01-13T07:00:00
4279,user_4279,C,15.087,False,2026-01-27T16:00:00
4280,user_4280,A,83.493,False,2026-02-10T02:00:00
4281,user_4281,D,27.986,True,2026-01-02T01:00:00
4282,user_4282,D,22.266,True,2026-01-16T18:00:00
4283,user_4283,C,9.919,True,2026-01-09T16:00:00
4284,user_4284,A,84.474,False,2026-01-16T22:00:00
4285,user_4285,B,4.602,False,2026-02-11T00:00:00
4286,user_4286,A,2.096,False,2026-01-25T11:00:00
4287,user_4287,C,80.737,True,2026-01-20T17:00:00
4288,user_4288,D,92.547,True,2026-01-23T07:00:00
4289,user_4289,D,47.531,False,2026-01-20T00:00:00
4290,user_4290,D,35.464,False,2026-01-27T11:00:00
4291,user_4291,A,70.054,True,2026-01-24T06:00:00
4292,user_4292,D,16.525,True,2026-01-30T18:00:00
4293,user_4293,A,4.698,False,2026-02-05T22:00:00
4294,user_4294,C,76.944,True,2026-01-03T21:00:00
4295,user_4295,D,93.627,True,2026-01-17T20:00:00
4296,user_4296,D,65.494,True,2026-01-28T05:00:00
4297,user_4297,C,90.278,True,2026-02-06T23:00:00
4298,user_4298,D,94.988,True,2026-01-12T21:00:00
4299,user_4299,A,32.121,True,2026-01-01T20:00:00
4300,user_4300,B,58.512,True,2026-01-19T16:00:00
4301,user_4301,C,42.805,False,2026-01-06T17:00:00
4302,user_4302,B,72.885,True,2026-01-05T06:00:00
4303,user_4303,A,4.915,True,2026-01-14T10:00:00
4304,user_4304,B,83.398,False,2026-01-22T18:00:00
4305,user_4305,A,74.549,True,2026-01-04T00:00:00
4306,user_4306,B,66.308,True,2026-01-03T12:00:00
4307,user_4307,B,80.856,True,2026-01-12T03:00:00
4308,user_4308,C,63.587,True,2026-02-05T22:00:00
4309,user_4309,C,86.799,True,2026-01-26T20:00:00
4310,user_4310,C,4.759,False,2026-01-26T13:00:00
4311,user_4311,D,50.134,True,2026-01-27T01:00:00
4312,user_4312,B,11.09,False,2026-02-03T11:00:00
4313,user_4313,D,61.916,False,2026-01-11T11:00:00
4314,user_4314,A,87.996,True,2026-02-09T16:00:00
4315,user_4315,B,10.186,True,2026-01-21T04:00:00
4316,user_4316,B,0.672,False,2026-01-07T05:00:00
4317,user_4317,D,40.156,False,2026-01-19T02:00:00
4318,user_4318,A,8.635,True,2026-01-26T10:00:00
4319,user_4319,A,64.741,True,2026-02-04T19:00:00
4320,user_4320,C,46.101,True,2026-01-26T11:00:00
4321,user_4321,C,45.704,True,2026-01-11T14:00:00
4322,user_4322,A,69.323,False,2026-02-07T13:00:00
4323,user_4323,A,36.523,True,2026-01-04T08:00:00
4324,user_4324,A,84.916,False,2026-02-10T04:00:00
4325,user_4325,C,55.427,True,2026-01-01T14:00:00
4326,user_4326,B,29.742,True,2026-01-02T04:00:00
4327,user_4327,B,25.828,True,2026-01-28T13:00:00
4328,user_4328,C,4.135,True,2026-01-23T03:00:00
4329,user_4329,A,10.341,False,2026-01-06T01:00:00
4330,user_4330,B,1.442,True,2026-02-03T12:00:00
4331,user_4331,A,83.28,False,2026-02-05T23:00:00
4332,user_4332,C,98.667,True,2026-01-25T07:00:00
4333,user_4333,B,26.649,False,2026-01-29T22:00:00
4334,user_4334,C,46.722,False,2026-01-04T02:00:00
4335,user_4335,A,3.47,False,2026-01-18T23:00:00
4336,user_4336,A,82.872,False,2026-01-05T23:00:00
4337,user_4337,C,85.796,False,2026-02-04T09:00:00
4338,user_4338,D,6.033,False,2026-02-02T04:00:00
4339,user_4339,B,84.913,False,2026-01-22T02:00:00
4340,user_4340,A,25.471,False,2026-01-26T04:00:00
4341,user_4341,C,91.027,False,2026-01-10T16:00:00
4342,user_4342,D,72.335,True,2026-01-29T17:00:00
4343,user_4343,C,84.816,False,2026-01-14T08:00:00
4344,user_4344,A,98.701,False,2026-02-06T06:00:00
4345,user_4345,A,54.216,True,2026-02-10T14:00:00
4346,user_4346,C,62.265,False,2026-02-08T21:00:00
4347,user_4347,B,12.708,False,2026-02-01T23:00:00
4348,user_4348,A,15.3,True,2026-02-01T22:00:00
4349,user_4349,C,60.584,True,2026-01-16T15:00:00
4350,user_4350,A,95.508,False,2026-01-09T21:00:00
4351,user_4351,D,68.39,True,2026-01-13T10:00:00
4352,user_4352,A,24.534,False,2026-02-02T15:00:00
4353,user_4353,D,26.588,True,2026-01-10T07:00:00
4354,user_4354,D,26.068,True,2026-01-11T03:00:00
4355,user_4355,B,16.788,False,2026-01-07T11:00:00
4356,user_4356,A,46.72,True,2026-01-11T19:00:00
4357,user_4357,C,7.763,True,2026-01-01T08:00:00
4358,user_4358,D,5.455,True,2026-01-28T08:00:00
4359,user_4359,D,51.934,True,2026-01-17T13:00:00
4360,user_4360,A,62.8,True,2026-02-06T17:00:00
4361,user_4361,A,6.052,True,2026-02-01T03:00:00
4362,user_4362,D,16.317,True,2026-01-20T21:00:00
4363,user_4363,D,64.721,True,2026-02-10T18:00:00
4364,user_4364,B,99.157,True,2026-01-28T22:00:00
4365,user_4365,B,41.559,True,2026-01-02T11:00:00
4366,user_4366,A,36.424,True,2026-02-07T20:00:00
4367,user_4367,D,84.247,True,2026-01-21T05:00:00
4368,user_4368,B,33.065,False,2026-01-15T11:00:00
4369,user_4369,A,83.291,False,2026-01-05T00:00:00
4370,user_4370,A,27.774,False,2026-02-02T05:00:00
4371,user_4371,D,62.237,False,2026-01-23T10:00:00
4372,user_4372,A,48.726,True,2026-01-16T13:00:00
4373,user_4373,D,84.147,False,2026-01-26T11:00:00
4374,user_4374,C,75.857,True,2026-01-18T20:00:00
4375,user_4375,C,56.35,True,2026-01-07T04:00:00
4376,user_4376,D,48.555,False,2026-02-02T05:00:00
4377,user_4377,A,6.848,True,2026-02-11T03:00:00
4378,user_4378,D,45.854,False,2026-01-21T20:00:00
4379,user_4379,B,11.699,True,2026-02-01T21:00:00
4380,user_4380,A,10.86,True,2026-01-05T22:00:00
4381,user_4381,C,25.372,True,2026-01-15T09:00:00
4382,user_4382,B,61.365,True,2026-01-25T18:00:00
4383,user_4383,B,0.551,False,2026-01-23T02:00:00
4384,user_4384,A,68.101,True,2026-02-09T11:00:00
4385,user_4385,D,52.749,True,2026-01-02T18:00:00
4386,user_4386,A,63.972,True,2026-01-06T05:00:00
4387,user_4387,C,29.442,True,2026-02-05T17:00:00
4388,user_4388,A,39.398,True,2026-01-22T15:00:00
4389,user_4389,A,57.049,False,2026-01-03T04:00:00
4390,user_4390,A,72.507,True,2026-01-25T04:00:00
4391,user_4391,D,58.032,True,2026-02-01T13:00:00
4392,user_4392,C,50.697,False,2026-01-09T02:00:00
4393,user_4393,B,22.493,False,2026-01-30T05:00:00
4394,user_4394,D,67.275,True,2026-01-28T17:00:00
4395,user_4395,A,4.524,True,2026-01-26T00:00:00
4396,user_4396,B,53.853,True,2026-01-04T11:00:00
4397,user_4397,C,52.873,True,2026-01-24T22:00:00
4398,user_4398,A,51.187,True,2026-01-10T17:00:00
4399,user_4399,D,97.75,False,2026-01-27T16:00:00
4400,user_4400,B,82.077,True,2026-01-13T15:00:00
4401,user_4401,B,16.334,True,2026-01-08T09:00:00
4402,user_4402,B,16.858,False,2026-01-16T07:00:00
4403,user_4403,B,89.257,False,2026-02-02T07:00:00
4404,user_4404,C,99.213,False,2026-01-10T00:00:00
4405,user_4405,D,19.177,False,2026-02-08T12:00:00
4406,user_4406,A,98.119,True,2026-01-21T01:00:00
4407,user_4407,B,94.184,False,2026-01-26T05:00:00
4408,user_4408,C,63.737,False,2026-02-03T18:00:00
4409,user_4409,B,74.242,False,2026-01-14T12:00:00
4410,user_4410,B,3.193,False,2026-01-12T10:00:00
4411,user_4411,C,16.156,True,2026-01-10T18:00:00
4412,user_4412,C,51.424,False,2026-02-09T20:00:00
4413,user_4413,C,5.377,True,2026-01-31T01:00:00
4414,user_4414,C,29.483,True,2026-01-08T20:00:00
4415,user_4415,C,1.0,True,2026-01-19T20:00:00
4416,user_4416,A,86.014,False,2026-01-17T01:00:00
4417,user_4417,A,54.118,False,2026-01-12T10:00:00
4418,user_4418,A,67.376,True,2026-02-07T20:00:00
4419,user_4419,D,58.17,True,2026-01-07T20:00:00
4420,user_4420,D,55.884,True,2026-02-03T19:00:00
4421,user_4421,B,18.051,False,2026-02-01T22:00:00
4422,user_4422,D,0.033,True,2026-01-02T03:00:00
4423,user_4423,C,49.285,True,2026-01-25T12:00:00
4424,user_4424,B,36.727,True,2026-01-31T23:00:00
4425,user_4425,C,52.271,True,2026-01-08T03:00:00
4426,user_4426,A,90.235,True,2026-01-26T10:00:00
4427,user_4427,A,84.729,False,2026-01-15T02:00:00
4428,user_4428,A,40.783,False,2026-01-08T16:00:00
4429,user_4429,D,84.878,True,2026-01-10T20:00:00
4430,user_4430,A,58.113,True,2026-02-05T22:00:00
4431,user_4431,D,43.899,False,2026-01-18T09:00:00
4432,user_4432,D,15.149,True,2026-01-05T10:00:00
4433,user_4433,C,49.019,True,2026-01-20T14:00:00
4434,user_4434,C,0.428,False,2026-02-09T18:00:00
4435,user_4435,B,47.306,True,2026-01-11T12:00:00
4436,user_4436,B,79.278,False,2026-01-02T23:00:00
4437,user_4437,A,34.153,False,2026-01-06T02:00:00
4438,user_4438,A,96.608,True,2026-01-05T20:00:00
4439,user_4439,A,1.959,False,2026-01-03T18:00:00
4440,user_4440,D,91.543,False,2026-01-20T11:00:00
4441,user_4441,C,33.43,False,2026-01-23T19:00:00
4442,user_4442,C,91.92,True,2026-01-03T14:00:00
4443,user_4443,A,53.457,False,2026-02-03T20:00:00
4444,user_4444,A,82.173,True,2026-01-19T19:00:00
4445,user_4445,B,88.212,False,2026-01-11T10:00:00
4446,user_4446,B,20.086,False,2026-02-06T23:00:00
4447,user_4447,D,14.518,True,2026-02-06T18:00:00
4448,user_4448,C,72.968,False,2026-01-26T14:00:00
4449,user_4449,C,40.284,False,2026-02-03T02:00:00
4450,user_4450,B,2.086,False,2026-02-01T00:00:00
4451,user_4451,B,17.343,True,2026-01-04T21:00:00
4452,user_4452,A,54.522,False,2026-02-02T09:00:00
4453,user_4453,A,31.514,True,2026-01-11T07:00:00
4454,user_4454,D,67.786,True,2026-01-11T18:00:00
4455,user_4455,B,6.618,True,2026-01-19T06:00:00
4456,user_4456,B,19.109,False,2026-01-30T10:00:00
4457,user_4457,A,46.05,True,2026-02-10T00:00:00
4458,user_4458,A,52.678,False,2026-01-16T08:00:00
4459,user_4459,C,84.963,False,2026-01-16T08:00:00
4460,user_4460,A,44.038,True,2026-01-05T03:00:00
4461,user_4461,B,12.713,False,2026-01-10T21:00:00
4462,user_4462,A,7.859,True,2026-01-17T02:00:00
4463,user_4463,B,23.85,True,2026-01-26T16:00:00
4464,user_4464,D,65.774,False,2026-01-24T12:00:00
4465,user_4465,B,16.649,False,2026-01-13T15:00:00
4466,user_4466,C,94.639,True,2026-01-22T21:00:00
4467,user_4467,B,23.871,True,2026-01-19T13:00:00
4468,user_4468,B,87.321,False,2026-01-10T13:00:00
4469,user_4469,B,91.588,False,2026-01-07T00:00:00
4470,user_4470,C,38.515,True,2026-01-09T07:00:00
4471,user_4471,B,98.299,True,2026-01-12T11:00:00
4472,user_4472,A,72.003,True,2026-01-29T05:00:00
4473,user_4473,D,82.742,False,2026-01-26T17:00:00
4474,user_4474,D,1.827,False,2026-01-30T20:00:00
4475,user_4475,C,63.689,True,2026-01-12T09:00:00
4476,user_4476,C,6.977,False,2026-02-02T19:00:00
4477,user_4477,A,45.645,True,2026-01-26T15:00:00
4478,user_4478,D,71.551,False,2026-02-10T17:00:00
4479,user_4479,B,1.025,False,2026-01-15T22:00:00
4480,user_4480,A,49.271,False,2026-01-21T22:00:00
4481,user_4481,A,53.192,False,2026-01-15T03:00:00
4482,user_4482,D,0.683,False,2026-02-01T10:00:00
4483,user_4483,C,12.293,False,2026-01-10T01:00:00
4484,user_4484,D,91.692,False,2026-01-28T12:00:00
4485,user_4485,D,82.055,True,2026-01-19T13:00:00
4486,user_4486,A,46.14,True,2026-02-09T01:00:00
4487,user_4487,C,80.769,False,2026-01-16T21:00:00
4488,user_4488,A,40.042,True,2026-01-07T11:00:00
4489,user_4489,A,1.405,True,2026-02-01T08:00:00
4490,user_4490,D,9.325,True,2026-02-04T21:00:00
4491,user_4491,C,20.545,True,2026-01-27T21:00:00
4492,user_4492,C,30.45,True,2026-01-07T11:00:00
4493,user_4493,B,42.782,True,2026-01-26T22:00:00
4494,user_4494,A,19.482,False,2026-01-13T23:00:00
4495,user_4495,B,54.854,False,2026-02-05T23:00:00
4496,user_4496,D,62.121,False,2026-02-10T01:00:00
4497,user_4497,B,48.692,False,2026-01-31T14:00:00
4498,user_4498,A,75.117,True,2026-01-21T02:00:00
4499,user_4499,C,76.181,True,2026-01-29T19:00:00
4500,user_4500,C,54.758,False,2026-01-20T19:00:00
4501,user_4501,A,61.805,True,2026-01-30T22:00:00
4502,user_4502,D,56.149,True,2026-01-15T01:00:00
4503,user_4503,A,82.518,False,2026-01-13T06:00:00
4504,user_4504,A,53.158,False,2026-02-11T05:00:00
4505,user_4505,C,83.342,True,2026-01-19T03:00:00
4506,user_4506,B,67.106,True,2026-01-15T18:00:00
4507,user_4507,A,17.463,False,2026-01-14T15:00:00
4508,user_4508,A,18.79,True,2026-02-04T09:00:00
4509,user_4509,B,38.015,True,2026-01-04T13:00:00
4510,user_4510,D,10.339,True,2026-01-21T11:00:00
4511,user_4511,D,38.683,True,2026-01-19T04:00:00
4512,user_4512,B,30.847,True,2026-01-06T00:00:00
4513,user_4513,A,77.196,False,2026-01-31T10:00:00
4514,user_4514,C,56.338,False,2026-01-08T15:00:00
4515,user_4515,D,36.745,True,2026-01-27T00:00:00
4516,user_4516,D,5.053,True,2026-01-16T19:00:00
4517,user_4517,B,4.952,False,2026-01-24T04:00:00
4518,user_4518,C,39.498,False,2026-01-27T11:00:00
4519,user_4519,A,17.054,False,2026-01-31T07:00:00
4520,user_4520,D,96.003,True,2026-01-06T01:00:00
4521,user_4521,D,67.391,False,2026-01-08T11:00:00
4522,user_4522,B,56.695,True,2026-01-25T05:00:00
4523,user_4523,C,96.121,False,2026-01-05T23:00:00
4524,user_4524,C,23.629,True,2026-01-02T04:00:00
4525,user_4525,A,43.502,True,2026-02-07T12:00:00
4526,user_4526,D,55.831,False,2026-02-05T01:00:00
4527,user_4527,D,31.927,False,2026-01-05T05:00:00
4528,user_4528,D,27.453,False,2026-01-26T13:00:00
4529,user_4529,B,33.319,True,2026-02-01T13:00:00
4530,user_4530,A,50.332,False,2026-02-06T19:00:00
4531,user_4531,C,48.151,False,2026-01-18T15:00:00
4532,user_4532,B,46.686,False,2026-02-10T01:00:00
4533,user_4533,B,13.749,False,2026-01-25T07:00:00
4534,user_4534,D,68.449,False,2026-01-03T08:00:00
4535,user_4535,A,66.015,True,2026-02-07T20:00:00
4536,user_4536,A,74.357,True,2026-01-08T09:00:00
4537,user_4537,D,58.436,False,2026-01-01T17:00:00
4538,user_4538,C,94.57,False,2026-02-02T01:00:00
4539,user_4539,C,85.124,True,2026-01-07T21:00:00
4540,user_4540,C,32.0,True,2026-01-31T07:00:00
4541,user_4541,B,38.188,True,2026-01-23T18:00:00
4542,user_4542,D,38.803,False,2026-02-10T04:00:00
4543,user_4543,C,24.761,True,2026-01-12T06:00:00
4544,user_4544,A,65.541,True,2026-02-09T11:00:00
4545,user_4545,A,65.931,False,2026-01-06T11:00:00
4546,user_4546,A,50.44,False,2026-01-19T10:00:00
4547,user_4547,D,91.411,True,2026-01-25T12:00:00
4548,user_4548,B,26.43,True,2026-01-30T12:00:00
4549,user_4549,A,31.885,True,2026-01-24T06:00:00
4550,user_4550,A,8.488,False,2026-01-15T06:00:00
4551,user_4551,B,71.87,True,2026-02-04T01:00:00
4552,user_4552,C,5.125,False,2026-01-07T08:00:00
4553,user_4553,D,21.234,False,2026-02-11T11:00:00
4554,user_4554,D,30.165,True,2026-01-07T20:00:00
4555,user_4555,A,39.445,False,2026-02-01T02:00:00
4556,user_4556,C,69.127,True,2026-01-14T13:00:00
4557,user_4557,C,78.397,True,2026-01-08T03:00:00
4558,user_4558,A,61.237,True,2026-01-22T02:00:00
4559,user_4559,A,18.773,True,2026-01-10T03:00:00
4560,user_4560,C,85.446,True,2026-01-29T23:00:00
4561,user_4561,C,52.587,True,2026-02-05T07:00:00
4562,user_4562,A,78.123,True,2026-01-22T02:00:00
4563,user_4563,D,43.447,False,2026-01-21T19:00:00
4564,user_4564,A,26.447,False,2026-01-06T16:00:00
4565,user_4565,C,68.226,False,2026-01-28T02:00:00
4566,user_4566,B,29.67,True,2026-01-11T23:00:00
4567,user_4567,D,53.459,True,2026-02-03T06:00:00
4568,user_4568,B,75.888,False,2026-01-03T21:00:00
4569,user_4569,C,56.247,False,2026-01-23T05:00:00
4570,user_4570,A,16.197,True,2026-02-05T13:00:00
4571,user_4571,B,35.394,False,2026-01-21T23:00:00
4572,user_4572,C,26.332,False,2026-02-02T12:00:00
4573,user_4573,B,91.09,False,2026-01-10T18:00:00
4574,user_4574,D,96.663,False,2026-01-21T08:00:00
4575,user_4575,C,37.976,True,2026-02-02T05:00:00
4576,user_4576,C,83.734,False,2026-02-04T23:00:00
4577,user_4577,C,99.63,False,2026-01-30T17:00:00
4578,user_4578,D,20.032,False,2026-01-07T14:00:00
4579,user_4579,B,8.085,False,2026-02-01T19:00:00
4580,user_4580,B,60.757,True,2026-02-09T09:00:00
4581,user_4581,D,81.721,False,2026-01-16T01:00:00
4582,user_4582,C,49.768,False,2026-01-13T20:00:00
4583,user_4583,C,88.883,True,2026-01-23T21:00:00
4584,user_4584,B,26.346,True,2026-01-21T11:00:00
4585,user_4585,C,60.73,True,2026-01-31T07:00:00
4586,user_4586,A,70.896,False,2026-01-15T03:00:00
4587,user_4587,B,37.49,False,2026-01-17T06:00:00
4588,user_4588,D,82.108,False,2026-01-13T20:00:00
4589,user_4589,D,60.798,False,2026-02-09T06:00:00
4590,user_4590,B,62.624,False,2026-01-29T04:00:00
4591,user_4591,A,26.613,False,2026-02-02T07:00:00
4592,user_4592,B,64.942,True,2026-01-14T08:00:00
4593,user_4593,B,20.104,False,2026-01-20T02:00:00
4594,user_4594,C,31.454,False,2026-02-02T06:00:00
4595,user_4595,B,88.814,False,2026-01-25T20:00:00
4596,user_4596,A,22.795,True,2026-01-07T02:00:00
4597,user_4597,B,94.955,True,2026-01-12T02:00:00
4598,user_4598,C,79.877,False,2026-01-18T17:00:00
4599,user_4599,B,41.32,False,2026-01-04T14:00:00
4600,user_4600,D,22.302,False,2026-01-18T01:00:00
4601,user_4601,C,7.926,False,2026-02-07T14:00:00
4602,user_4602,A,73.915,True,2026-01-25T13:00:00
4603,user_4603,D,93.342,False,2026-01-09T15:00:00
4604,user_4604,D,57.875,True,2026-02-04T20:00:00
4605,user_4605,A,26.014,True,2026-01-10T11:00:00
4606,user_4606,D,26.344,False,2026-01-17T15:00:00
4607,user_4607,A,61.271,False,2026-02-07T12:00:00
4608,user_4608,D,37.479,False,2026-01-13T01:00:00
4609,user_4609,B,86.29,True,2026-01-12T12:00:00
4610,user_4610,D,70.688,True,2026-01-04T00:00:00
4611,user_4611,D,29.85,False,2026-01-15T01:00:00
4612,user_4612,A,5.962,False,2026-02-04T14:00:00
4613,user_4613,C,36.825,False,2026-02-09T12:00:00
4614,user_4614,B,68.506,True,2026-02-10T14:00:00
4615,user_4615,C,80.787,False,2026-01-24T23:00:00
4616,user_4616,B,59.403,False,2026-02-01T21:00:00
4617,user_4617,B,77.473,False,2026-02-04T06:00:00
4618,user_4618,D,84.788,True,2026-01-07T07:00:00
4619,user_4619,D,17.595,True,2026-01-28T17:00:00
4620,user_4620,B,56.85,True,2026-01-03T20:00:00
4621,user_4621,A,93.785,False,2026-01-20T00:00:00
4622,user_4622,C,66.593,False,2026-02-05T11:00:00
4623,user_4623,C,51.267,True,2026-01-29T14:00:00
4624,user_4624,C,32.799,True,2026-01-31T03:00:00
4625,user_4625,D,23.671,True,2026-01-09T08:00:00
4626,user_4626,D,70.25,True,2026-02-04T05:00:00
4627,user_4627,B,45.748,True,2026-01-05T04:00:00
4628,user_4628,C,85.938,True,2026-01-31T13:00:00
4629,user_4629,B,27.119,False,2026-02-01T01:00:00
4630,user_4630,D,11.777,True,2026-02-09T21:00:00
4631,user_4631,B,82.477,True,2026-01-01T20:00:00
4632,user_4632,B,2.338,True,2026-01-21T16:00:00
4633,user_4633,B,74.501,False,2026-01-02T00:00:00
4634,user_4634,C,67.517,False,2026-02-01T05:00:00
4635,user_4635,C,40.573,True,2026-01-14T02:00:00
4636,user_4636,A,81.095,True,2026-02-03T07:00:00
4637,user_4637,A,71.385,False,2026-01-12T02:00:00
4638,user_4638,C,18.029,True,2026-01-12T23:00:00
4639,user_4639,A,18.855,False,2026-02-09T00:00:00
4640,user_4640,A,74.044,True,2026-01-21T14:00:00
4641,user_4641,C,74.422,False,2026-02-06T03:00:00
4642,user_4642,D,56.074,False,2026-01-03T00:00:00
4643,user_4643,A,64.915,False,2026-01-30T07:00:00
4644,user_4644,B,29.749,False,2026-02-08T23:00:00
4645,user_4645,A,27.834,True,2026-01-27T00:00:00
4646,user_4646,D,83.382,True,2026-01-14T07:00:00
4647,user_4647,B,44.975,True,2026-01-23T15:00:00
4648,user_4648,B,39.899,True,2026-01-21T12:00:00
4649,user_4649,C,48.827,True,2026-01-13T21:00:00
4650,user_4650,A,93.189,False,2026-01-19T15:00:00
4651,user_4651,C,53.545,False,2026-01-16T07:00:00
4652,user_4652,D,83.47,True,2026-01-17T06:00:00
4653,user_4653,A,7.454,True,2026-01-19T19:00:00
4654,user_4654,A,30.48,False,2026-01-24T12:00:00
4655,user_4655,D,6.962,False,2026-02-01T03:00:00
4656,user_4656,B,59.794,True,2026-01-16T05:00:00
4657,user_4657,D,40.836,True,2026-01-23T12:00:00
4658,user_4658,C,30.74,True,2026-01-25T21:00:00
4659,user_4659,C,45.822,False,2026-01-25T21:00:00
4660,user_4660,D,19.514,True,2026-01-18T07:00:00
4661,user_4661,A,88.208,True,2026-01-27T16:00:00
4662,user_4662,B,61.351,False,2026-02-06T18:00:00
4663,user_4663,B,71.235,True,2026-02-07T23:00:00
4664,user_4664,A,78.897,False,2026-01-06T11:00:00
4665,user_4665,A,77.547,False,2026-02-01T20:00:00
4666,user_4666,C,55.326,False,2026-02-02T00:00:00
4667,user_4667,D,87.086,False,2026-02-05T10:00:00
4668,user_4668,D,91.412,False,2026-01-26T04:00:00
4669,user_4669,A,44.835,True,2026-01-10T22:00:00
4670,user_4670,C,67.587,True,2026-01-25T01:00:00
4671,user_4671,D,14.491,False,2026-01-07T00:00:00
4672,user_4672,A,21.416,True,2026-02-08T04:00:00
4673,user_4673,C,13.154,False,2026-01-29T07:00:00
4674,user_4674,C,49.077,True,2026-02-10T12:00:00
4675,user_4675,B,46.544,False,2026-02-01T08:00:00
4676,user_4676,D,58.381,True,2026-01-13T05:00:00
4677,user_4677,A,36.39,True,2026-02-05T02:00:00
4678,user_4678,A,40.533,False,2026-02-10T06:00:00
4679,user_4679,C,35.812,False,2026-02-06T14:00:00
4680,user_4680,B,22.953,False,2026-01-19T11:00:00
4681,user_4681,B,28.755,False,2026-01-19T00:00:00
4682,user_4682,A,1.518,True,2026-01-13T09:00:00
4683,user_4683,A,21.097,False,2026-01-23T09:00:00
4684,user_4684,A,59.102,False,2026-02-02T23:00:00
4685,user_4685,A,67.717,True,2026-01-14T14:00:00
4686,user_4686,B,0.803,True,2026-01-16T00:00:00
4687,user_4687,B,92.038,True,2026-02-07T02:00:00
4688,user_4688,A,16.794,True,2026-02-07T01:00:00
4689,user_4689,A,66.12,True,2026-02-08T22:00:00
4690,user_4690,A,29.229,False,2026-01-01T04:00:00
4691,user_4691,B,83.795,False,2026-02-08T20:00:00
4692,user_4692,C,29.293,False,2026-02-08T09:00:00
4693,user_4693,D,7.91,False,2026-01-19T21:00:00
4694,user_4694,C,52.55,True,2026-01-09T23:00:00
4695,user_4695,C,30.807,True,2026-01-05T05:00:00
4696,user_4696,B,6.283,False,2026-02-05T00:00:00
4697,user_4697,C,79.508,False,2026-01-14T18:00:00
4698,user_4698,D,75.385,False,2026-01-14T22:00:00
4699,user_4699,D,35.745,True,2026-02-05T13:00:00
4700,user_4700,A,18.401,True,2026-01-17T01:00:00
4701,user_4701,A,43.689,False,2026-01-07T19:00:00
4702,user_4702,B,76.955,False,2026-01-25T07:00:00
4703,user_4703,D,10.696,True,2026-01-23T15:00:00
4704,user_4704,C,35.287,True,2026-01-01T15:00:00
4705,user_4705,A,82.105,True,2026-01-29T08:00:00
4706,user_4706,C,67.971,True,2026-01-12T22:00:00
4707,user_4707,C,8.39,True,2026-01-09T05:00:00
4708,user_4708,C,87.825,True,2026-01-03T13:00:00
4709,user_4709,B,80.184,False,2026-02-06T06:00:00
4710,user_4710,C,9.769,False,2026-02-05T17:00:00
4711,user_4711,D,28.649,False,2026-01-01T19:00:00
4712,user_4712,D,40.652,False,2026-01-13T15:00:00
4713,user_4713,D,81.398,True,2026-01-21T10:00:00
4714,user_4714,C,54.162,True,2026-01-31T21:00:00
4715,user_4715,C,42.762,False,2026-01-15T11:00:00
4716,user_4716,A,54.078,False,2026-01-12T14:00:00
4717,user_4717,B,29.292,True,2026-01-14T01:00:00
4718,user_4718,A,3.465,True,2026-01-12T03:00:00
4719,user_4719,B,15.797,False,2026-01-01T19:00:00
4720,user_4720,D,91.799,True,2026-01-14T11:00:00
4721,user_4721,D,57.478,False,2026-01-26T08:00:00
4722,user_4722,D,44.967,True,2026-02-03T00:00:00
4723,user_4723,D,56.507,True,2026-02-03T23:00:00
4724,user_4724,A,53.668,False,2026-02-08T10:00:00
4725,user_4725,D,68.272,True,2026-01-21T05:00:00
4726,user_4726,C,63.546,True,2026-01-04T10:00:00
4727,user_4727,C,24.226,False,2026-01-09T20:00:00
4728,user_4728,D,3.223,False,2026-02-01T20:00:00
4729,user_4729,A,30.16,False,2026-01-05T17:00:00
4730,user_4730,D,44.856,False,2026-01-29T01:00:00
4731,user_4731,B,91.407,True,2026-01-08T09:00:00
4732,user_4732,D,36.081,True,2026-02-03T07:00:00
4733,user_4733,D,13.776,True,2026-01-13T20:00:00
4734,user_4734,B,92.75,True,2026-01-27T20:00:00
4735,user_4735,A,13.961,True,2026-01-01T12:00:00
4736,user_4736,D,94.751,True,2026-02-11T08:00:00
4737,user_4737,B,29.332,False,2026-01-19T18:00:00
4738,user_4738,D,40.857,False,2026-01-15T06:00:00
4739,user_4739,D,2.545,True,2026-02-08T06:00:00
4740,user_4740,B,0.823,True,2026-01-14T05:00:00
4741,user_4741,B,27.928,True,2026-01-29T00:00:00
4742,user_4742,C,21.326,True,2026-01-22T03:00:00
4743,user_4743,D,70.931,True,2026-02-10T23:00:00
4744,user_4744,A,67.947,False,2026-01-04T14:00:00
4745,user_4745,B,74.967,False,2026-01-12T11:00:00
4746,user_4746,B,52.718,True,2026-02-08T13:00:00
4747,user_4747,B,74.23,True,2026-02-02T02:00:00
4748,user_4748,A,97.626,True,2026-01-16T13:00:00
4749,user_4749,A,15.113,False,2026-01-22T15:00:00
4750,user_4750,D,71.633,True,2026-02-05T11:00:00
4751,user_4751,D,41.755,True,2026-01-14T22:00:00
4752,user_4752,B,16.223,False,2026-01-18T01:00:00
4753,user_4753,D,77.573,True,2026-02-11T11:00:00
4754,user_4754,B,96.68,True,2026-01-14T18:00:00
4755,user_4755,C,18.924,False,2026-01-24T16:00:00
4756,user_4756,D,90.238,False,2026-01-13T19:00:00
4757,user_4757,D,80.742,True,2026-02-10T03:00:00
4758,user_4758,D,93.138,True,2026-01-18T18:00:00
4759,user_4759,B,52.883,True,2026-01-27T14:00:00
4760,user_4760,A,69.971,True,2026-01-29T20:00:00
4761,user_4761,D,85.956,False,2026-02-01T07:00:00
4762,user_4762,A,63.592,False,2026-01-19T09:00:00
4763,user_4763,D,59.563,False,2026-02-11T10:00:00
4764,user_4764,B,13.434,False,2026-01-02T04:00:00
4765,user_4765,C,55.708,True,2026-02-03T20:00:00
4766,user_4766,A,82.439,True,2026-01-11T08:00:00
4767,user_4767,A,6.993,True,2026-01-09T14:00:00
4768,user_4768,A,1.369,False,2026-02-08T09:00:00
4769,user_4769,D,73.263,False,2026-02-01T18:00:00
4770,user_4770,A,28.248,True,2026-01-07T09:00:00
4771,user_4771,D,96.026,False,2026-01-17T10:00:00
4772,user_4772,B,46.744,True,2026-01-08T08:00:00
4773,user_4773,B,53.864,True,2026-01-16T04:00:00
4774,user_4774,C,55.807,False,2026-01-03T18:00:00
4775,user_4775,B,66.041,False,2026-01-04T12:00:00
4776,user_4776,C,47.651,True,2026-01-14T00:00:00
4777,user_4777,A,58.023,False,2026-01-24T23:00:00
4778,user_4778,B,58.764,False,2026-02-10T17:00:00
4779,user_4779,B,54.813,False,2026-01-08T00:00:00
4780,user_4780,C,27.199,True,2026-02-11T04:00:00
4781,user_4781,B,80.702,True,2026-01-04T04:00:00
4782,user_4782,A,1.62,True,2026-02-07T18:00:00
4783,user_4783,B,69.176,True,2026-01-13T02:00:00
4784,user_4784,B,13.65,True,2026-01-12T07:00:00
4785,user_4785,D,81.498,True,2026-01-17T15:00:00
4786,user_4786,C,90.461,True,2026-02-11T15:00:00
4787,user_4787,D,34.607,True,2026-01-19T18:00:00
4788,user_4788,B,65.552,True,2026-02-05T19:00:00
4789,user_4789,B,76.061,False,2026-01-17T01:00:00
4790,user_4790,D,10.533,True,2026-02-09T15:00:00
4791,user_4791,A,73.079,True,2026-01-18T07:00:00
4792,user_4792,B,42.002,True,2026-02-11T09:00:00
4793,user_4793,D,33.606,True,2026-02-04T14:00:00
4794,user_4794,C,71.474,True,2026-01-26T04:00:00
4795,user_4795,A,17.42,True,2026-02-05T05:00:00
4796,user_4796,A,16.067,False,2026-02-06T12:00:00
4797,user_4797,C,13.82,False,2026-01-15T22:00:00
4798,user_4798,D,66.264,False,2026-01-27T00:00:00
4799,user_4799,C,46.152,False,2026-01-13T17:00:00
4800,user_4800,C,92.595,True,2026-02-10T17:00:00
4801,user_4801,B,7.599,False,2026-01-12T15:00:00
4802,user_4802,C,44.223,False,2026-01-12T07:00:00
4803,user_4803,A,13.236,True,2026-01-29T03:00:00
4804,user_4804,D,82.632,False,2026-01-17T02:00:00
4805,user_4805,C,33.119,False,2026-01-23T16:00:00
4806,user_4806,A,17.24,False,2026-02-04T10:00:00
4807,user_4807,D,58.519,False,2026-01-25T02:00:00
4808,user_4808,D,2.501,False,2026-01-05T01:00:00
4809,user_4809,A,90.303,True,2026-01-19T16:00:00
4810,user_4810,C,76.667,True,2026-01-04T21:00:00
4811,user_4811,D,52.239,True,2026-01-31T04:00:00
4812,user_4812,B,37.265,False,2026-01-19T13:00:00
4813,user_4813,C,19.574,True,2026-02-03T00:00:00
4814,user_4814,B,95.974,False,2026-01-28T21:00:00
4815,user_4815,C,60.202,False,2026-01-08T05:00:00
4816,user_4816,C,95.717,False,2026-01-13T08:00:00
4817,user_4817,C,2.331,True,2026-01-07T05:00:00
4818,user_4818,C,46.947,False,2026-02-05T00:00:00
4819,user_4819,A,14.598,True,2026-01-06T01:00:00
4820,user_4820,D,45.093,False,2026-01-11T01:00:00
4821,user_4821,A,22.537,True,2026-02-02T14:00:00
4822,user_4822,B,46.002,True,2026-01-31T22:00:00
4823,user_4823,A,94.248,True,2026-01-16T22:00:00
4824,user_4824,B,31.11,True,2026-02-08T12:00:00
4825,user_4825,A,31.595,True,2026-01-28T23:00:00
4826,user_4826,C,31.773,False,2026-01-13T00:00:00
4827,user_4827,B,46.988,False,2026-02-09T10:00:00
4828,user_4828,B,78.002,True,2026-01-09T09:00:00
4829,user_4829,B,55.522,True,2026-01-04T05:00:00
4830,user_4830,C,37.314,False,2026-02-11T06:00:00
4831,user_4831,C,39.493,True,2026-01-31T10:00:00
4832,user_4832,B,1.031,False,2026-01-27T04:00:00
4833,user_4833,B,38.599,False,2026-01-19T18:00:00
4834,user_4834,B,72.628,False,2026-01-17T12:00:00
4835,user_4835,B,53.71,True,2026-01-06T23:00:00
4836,user_4836,C,48.056,True,2026-01-09T16:00:00
4837,user_4837,A,29.447,True,2026-01-28T03:00:00
4838,user_4838,B,84.45,True,2026-01-16T01:00:00
4839,user_4839,C,96.988,False,2026-02-08T18:00:00
4840,user_4840,A,52.027,True,2026-01-21T17:00:00
4841,user_4841,B,69.355,True,2026-01-01T14:00:00
4842,user_4842,B,91.454,False,2026-01-16T01:00:00
4843,user_4843,D,2.014,False,2026-01-19T16:00:00
4844,user_4844,B,12.0,False,2026-01-07T04:00:00
4845,user_4845,C,72.57,False,2026-01-25T12:00:00
4846,user_4846,D,29.532,True,2026-01-09T09:00:00
4847,user_4847,C,31.367,True,2026-01-17T18:00:00
4848,user_4848,A,65.666,False,2026-01-04T09:00:00
4849,user_4849,A,83.145,True,2026-02-06T09:00:00
4850,user_4850,C,24.088,False,2026-01-01T21:00:00
4851,user_4851,D,66.15,False,2026-02-04T07:00:00
4852,user_4852,A,80.864,False,2026-02-04T13:00:00
4853,user_4853,C,50.063,True,2026-02-02T18:00:00
4854,user_4854,C,57.3,False,2026-01-06T06:00:00
4855,user_4855,C,57.424,True,2026-01-09T13:00:00
4856,user_4856,B,39.474,True,2026-01-23T21:00:00
4857,user_4857,D,62.995,True,2026-01-26T00:00:00
4858,user_4858,C,17.25,False,2026-01-20T02:00:00
4859,user_4859,A,80.384,True,2026-01-10T07:00:00
4860,user_4860,B,65.913,True,2026-02-04T08:00:00
4861,user_4861,C,3.19,False,2026-01-04T03:00:00
4862,user_4862,C,56.857,True,2026-01-30T09:00:00
4863,user_4863,D,74.894,False,2026-01-03T04:00:00
4864,user_4864,C,34.113,True,2026-01-27T00:00:00
4865,user_4865,D,64.289,False,2026-02-11T09:00:00
4866,user_4866,B,43.757,True,2026-01-12T18:00:00
4867,user_4867,D,17.198,False,2026-01-05T15:00:00
4868,user_4868,D,55.87,True,2026-01-24T02:00:00
4869,user_4869,C,8.118,True,2026-01-01T10:00:00
4870,user_4870,B,76.466,False,2026-02-01T02:00:00
4871,user_4871,A,18.833,False,2026-01-26T17:00:00
4872,user_4872,C,61.067,True,2026-01-15T05:00:00
4873,user_4873,C,35.617,False,2026-01-20T03:00:00
4874,user_4874,D,58.381,False,2026-02-09T13:00:00
4875,user_4875,D,35.282,True,2026-01-28T08:00:00
4876,user_4876,B,25.155,False,2026-01-03T03:00:00
4877,user_4877,B,5.768,False,2026-01-03T04:00:00
4878,user_4878,C,26.343,False,2026-01-30T04:00:00
4879,user_4879,B,14.779,True,2026-01-20T06:00:00
4880,user_4880,B,48.671,True,2026-01-02T14:00:00
4881,user_4881,B,1.366,True,2026-01-05T12:00:00
4882,user_4882,B,47.472,True,2026-01-05T11:00:00
4883,user_4883,A,69.756,True,2026-02-08T21:00:00
4884,user_4884,B,94.725,False,2026-01-26T17:00:00
4885,user_4885,D,5.985,True,2026-01-01T15:00:00
4886,user_4886,D,10.652,True,2026-01-26T04:00:00
4887,user_4887,C,53.753,False,2026-01-26T03:00:00
4888,user_4888,A,8.345,False,2026-01-13T00:00:00
4889,user_4889,C,46.958,True,2026-01-03T19:00:00
4890,user_4890,B,97.897,False,2026-01-04T15:00:00
4891,user_4891,D,47.313,True,2026-01-08T14:00:00
4892,user_4892,B,43.851,True,2026-01-05T23:00:00
4893,user_4893,A,26.013,False,2026-01-08T13:00:00
4894,user_4894,D,99.632,False,2026-01-07T10:00:00
4895,user_4895,C,11.531,False,2026-02-04T02:00:00
4896,user_4896,A,76.634,True,2026-02-08T09:00:00
4897,user_4897,D,97.827,False,2026-01-19T15:00:00
4898,user_4898,A,25.881,True,2026-01-06T01:00:00
4899,user_4899,D,71.36,True,2026-01-09T07:00:00
4900,user_4900,B,67.703,True,2026-01-05T10:00:00
4901,user_4901,C,6.812,True,2026-01-31T09:00:00
4902,user_4902,B,11.611,True,2026-01-26T15:00:00
4903,user_4903,D,2.74,False,2026-01-03T00:00:00
4904,user_4904,C,24.469,True,2026-02-07T11:00:00
4905,user_4905,B,67.435,False,2026-01-25T23:00:00
4906,user_4906,B,94.648,False,2026-02-04T07:00:00
4907,user_4907,B,3.185,False,2026-01-04T14:00:00
4908,user_4908,C,41.546,True,2026-01-07T05:00:00
4909,user_4909,A,78.328,False,2026-01-31T01:00:00
4910,user_4910,B,37.815,True,2026-02-09T14:00:00
4911,user_4911,C,53.896,True,2026-01-31T10:00:00
4912,user_4912,A,22.931,False,2026-02-09T16:00:00
4913,user_4913,D,83.973,False,2026-01-09T11:00:00
4914,user_4914,A,18.282,False,2026-01-09T04:00:00
4915,user_4915,B,47.877,True,2026-02-07T06:00:00
4916,user_4916,A,20.058,False,2026-01-03T16:00:00
4917,user_4917,D,62.206,False,2026-01-30T16:00:00
4918,user_4918,A,85.113,False,2026-01-06T09:00:00
4919,user_4919,D,25.333,False,2026-01-16T06:00:00
4920,user_4920,A,23.386,True,2026-01-04T23:00:00
4921,user_4921,D,82.2,False,2026-01-10T02:00:00
4922,user_4922,D,39.327,True,2026-01-05T06:00:00
4923,user_4923,B,94.958,True,2026-01-09T08:00:00
4924,user_4924,D,11.366,False,2026-01-31T10:00:00
4925,user_4925,D,51.104,False,2026-01-29T08:00:00
4926,user_4926,A,91.262,True,2026-01-23T09:00:00
4927,user_4927,C,81.65,False,2026-01-09T02:00:00
4928,user_4928,D,95.626,False,2026-01-04T12:00:00
4929,user_4929,D,99.673,True,2026-01-06T03:00:00
4930,user_4930,A,86.08,True,2026-01-04T01:00:00
4931,user_4931,A,67.384,False,2026-01-03T07:00:00
4932,user_4932,B,27.086,True,2026-01-23T05:00:00
4933,user_4933,D,13.842,True,2026-01-19T15:00:00
4934,user_4934,A,73.01,True,2026-01-11T15:00:00
4935,user_4935,B,89.11,True,2026-02-01T11:00:00
4936,user_4936,D,6.036,True,2026-02-11T15:00:00
4937,user_4937,B,92.317,False,2026-01-15T22:00:00
4938,user_4938,C,89.413,False,2026-01-06T12:00:00
4939,user_4939,A,88.188,False,2026-02-02T05:00:00
4940,user_4940,C,58.238,True,2026-01-27T12:00:00
4941,user_4941,D,41.566,False,2026-02-09T04:00:00
4942,user_4942,D,27.337,False,2026-02-01T14:00:00
4943,user_4943,A,72.239,False,2026-01-02T17:00:00
4944,user_4944,C,95.542,True,2026-01-15T04:00:00
4945,user_4945,D,60.713,True,2026-01-23T00:00:00
4946,user_4946,D,10.882,False,2026-01-08T01:00:00
4947,user_4947,B,39.776,False,2026-01-21T22:00:00
4948,user_4948,B,22.542,True,2026-01-08T14:00:00
4949,user_4949,D,25.605,True,2026-02-03T05:00:00
4950,user_4950,B,84.102,True,2026-02-10T05:00:00
4951,user_4951,B,12.83,True,2026-01-19T05:00:00
4952,user_4952,D,15.393,True,2026-01-04T18:00:00
4953,user_4953,C,42.16,True,2026-02-05T15:00:00
4954,user_4954,C,62.561,True,2026-01-01T21:00:00
4955,user_4955,B,31.372,False,2026-02-11T10:00:00
4956,user_4956,D,55.886,True,2026-02-05T05:00:00
4957,user_4957,B,6.35,True,2026-01-31T08:00:00
4958,user_4958,C,7.937,False,2026-01-09T17:00:00
4959,user_4959,C,48.018,False,2026-01-03T13:00:00
4960,user_4960,B,99.987,False,2026-01-23T12:00:00
4961,user_4961,D,93.117,False,2026-01-28T16:00:00
4962,user_4962,C,31.923,True,2026-01-15T04:00:00
4963,user_4963,A,31.333,False,2026-02-05T15:00:00
4964,user_4964,C,65.437,True,2026-01-27T12:00:00
4965,user_4965,A,86.549,True,2026-01-11T06:00:00
4966,user_4966,D,80.659,False,2026-01-21T06:00:00
4967,user_4967,A,6.119,True,2026-01-25T03:00:00
4968,user_4968,C,16.227,False,2026-01-30T00:00:00
4969,user_4969,A,68.785,True,2026-02-08T20:00:00
4970,user_4970,A,51.501,False,2026-01-27T21:00:00
4971,user_4971,A,48.204,False,2026-01-11T01:00:00
4972,user_4972,B,30.038,True,2026-01-14T21:00:00
4973,user_4973,D,54.013,True,2026-01-19T12:00:00
4974,user_4974,D,45.239,True,2026-01-24T23:00:00
4975,user_4975,D,93.073,False,2026-01-19T03:00:00
4976,user_4976,A,91.268,False,2026-01-26T19:00:00
4977,user_4977,C,73.323,True,2026-01-11T03:00:00
4978,user_4978,C,0.844,False,2026-01-18T23:00:00
4979,user_4979,D,44.197,True,2026-01-17T07:00:00
4980,user_4980,A,99.977,False,2026-01-21T00:00:00
4981,user_4981,B,52.353,True,2026-01-15T08:00:00
4982,user_4982,D,77.256,True,2026-01-03T22:00:00
4983,user_4983,A,26.506,False,2026-01-07T19:00:00
4984,user_4984,B,64.066,True,2026-01-04T09:00:00
4985,user_4985,B,25.727,True,2026-02-09T21:00:00
4986,user_4986,C,16.722,True,2026-01-29T08:00:00
4987,user_4987,D,40.931,True,2026-01-21T23:00:00
4988,user_4988,A,78.013,False,2026-02-11T11:00:00
4989,user_4989,A,78.538,True,2026-01-02T14:00:00
4990,user_4990,B,80.241,True,2026-01-31T16:00:00
4991,user_4991,D,54.419,True,2026-01-25T00:00:00
4992,user_4992,C,54.247,False,2026-02-10T13:00:00
4993,user_4993,B,78.597,True,2026-02-10T11:00:00
4994,user_4994,C,43.527,False,2026-01-12T16:00:00
4995,user_4995,C,46.011,False,2026-01-30T11:00:00
4996,user_4996,D,73.441,True,2026-01-13T07:00:00
4997,user_4997,C,18.552,False,2026-01-11T03:00:00
4998,user_4998,B,93.561,False,2026-01-08T11:00:00
4999,user_4999,A,2.194,True,2026-01-30T07:00:00
5000,user_5000,D,56.801,False,2026-02-04T19:00:00
5001,user_5001,C,96.249,False,2026-01-06T05:00:00
5002,user_5002,C,76.621,True,2026-01-10T02:00:00
5003,user_5003,A,83.313,False,2026-02-05T01:00:00
5004,user_5004,B,56.943,False,2026-02-11T04:00:00
5005,user_5005,D,60.758,True,2026-02-02T09:00:00
5006,user_5006,A,62.916,True,2026-01-02T04:00:00
5007,user_5007,C,26.594,False,2026-01-29T04:00:00
5008,user_5008,A,62.4,False,2026-01-07T19:00:00
5009,user_5009,C,97.407,False,2026-01-31T17:00:00
5010,user_5010,D,79.821,False,2026-02-10T22:00:00
5011,user_5011,A,37.226,True,2026-01-30T21:00:00
5012,user_5012,B,73.005,False,2026-01-24T09:00:00
5013,user_5013,A,27.901,False,2026-02-10T04:00:00
5014,user_5014,D,98.764,False,2026-01-06T17:00:00
5015,user_5015,D,22.672,True,2026-01-20T18:00:00
5016,user_5016,D,86.852,False,2026-01-01T06:00:00
5017,user_5017,A,88.435,False,2026-02-06T11:00:00
5018,user_5018,D,18.672,False,2026-02-10T02:00:00
5019,user_5019,A,62.413,False,2026-01-08T08:00:00
5020,user_5020,D,21.993,False,2026-01-05T20:00:00
5021,user_5021,A,88.039,True,2026-02-02T14:00:00
5022,user_5022,C,40.583,True,2026-01-08T19:00:00
5023,user_5023,A,3.933,False,2026-02-06T01:00:00
5024,user_5024,A,47.006,True,2026-01-17T00:00:00
5025,user_5025,D,27.823,True,2026-01-11T08:00:00
5026,user_5026,A,86.163,False,2026-01-31T02:00:00
5027,user_5027,C,75.975,True,2026-01-25T06:00:00
5028,user_5028,D,44.277,True,2026-01-02T17:00:00
5029,user_5029,D,88.481,False,2026-01-28T17:00:00
5030,user_5030,B,75.621,False,2026-02-07T00:00:00
5031,user_5031,D,10.864,True,2026-01-13T23:00:00
5032,user_5032,D,87.679,False,2026-01-08T15:00:00
5033,user_5033,A,96.735,False,2026-02-01T16:00:00
5034,user_5034,A,8.657,False,2026-01-16T07:00:00
5035,user_5035,A,64.581,False,2026-02-01T20:00:00
5036,user_5036,D,74.672,False,2026-01-25T02:00:00
5037,user_5037,D,64.074,False,2026-02-11T10:00:00
5038,user_5038,B,68.835,False,2026-02-08T21:00:00
5039,user_5039,C,5.785,False,2026-01-06T10:00:00
5040,user_5040,B,89.682,True,2026-01-17T03:00:00
5041,user_5041,C,48.448,False,2026-01-21T00:00:00
5042,user_5042,C,29.159,False,2026-02-02T19:00:00
5043,user_5043,D,15.021,True,2026-01-19T15:00:00
5044,user_5044,C,46.336,True,2026-02-04T01:00:00
5045,user_5045,D,39.235,False,2026-01-04T15:00:00
5046,user_5046,A,75.967,False,2026-01-07T22:00:00
5047,user_5047,D,38.382,True,2026-02-05T03:00:00
5048,user_5048,B,47.183,True,2026-01-08T10:00:00
5049,user_5049,B,57.055,True,2026-01-27T00:00:00
5050,user_5050,D,34.076,False,2026-01-02T18:00:00
5051,user_5051,C,31.969,True,2026-01-10T08:00:00
5052,user_5052,B,32.239,True,2026-01-27T22:00:00
5053,user_5053,A,69.005,True,2026-01-10T03:00:00
5054,user_5054,A,45.48,True,2026-02-04T00:00:00
5055,user_5055,A,57.245,False,2026-01-05T20:00:00
5056,user_5056,B,98.254,False,2026-02-11T12:00:00
5057,user_5057,C,23.185,True,2026-02-02T09:00:00
5058,user_5058,A,6.762,True,2026-01-04T12:00:00
5059,user_5059,A,23.452,True,2026-01-03T19:00:00
5060,user_5060,B,70.212,False,2026-02-09T10:00:00
5061,user_5061,B,75.481,False,2026-01-23T06:00:00
5062,user_5062,C,18.962,False,2026-01-30T22:00:00
5063,user_5063,A,38.369,True,2026-02-06T16:00:00
5064,user_5064,D,42.692,False,2026-01-13T07:00:00
5065,user_5065,B,41.322,True,2026-01-21T07:00:00
5066,user_5066,D,70.7,False,2026-01-10T10:00:00
5067,user_5067,D,97.194,True,2026-02-01T12:00:00
5068,user_5068,C,21.641,True,2026-01-21T17:00:00
5069,user_5069,A,47.585,False,2026-01-28T11:00:00
5070,user_5070,A,48.483,False,2026-01-15T08:00:00
5071,user_5071,A,17.865,False,2026-01-29T09:00:00
5072,user_5072,A,51.633,True,2026-01-11T05:00:00
5073,user_5073,D,22.427,True,2026-01-13T16:00:00
5074,user_5074,C,57.918,True,2026-01-22T21:00:00
5075,user_5075,C,30.872,False,2026-01-08T11:00:00
5076,user_5076,A,31.451,False,2026-01-16T04:00:00
5077,user_5077,B,48.142,False,2026-02-07T00:00:00
5078,user_5078,C,94.349,True,2026-02-02T20:00:00
5079,user_5079,C,88.33,False,2026-01-19T08:00:00
5080,user_5080,B,67.041,True,2026-01-15T23:00:00
5081,user_5081,A,99.133,True,2026-01-03T19:00:00
5082,user_5082,B,34.57,True,2026-02-04T16:00:00
5083,user_5083,B,3.883,False,2026-01-01T20:00:00
5084,user_5084,C,35.619,True,2026-01-06T04:00:00
5085,user_5085,A,45.199,True,2026-01-22T15:00:00
5086,user_5086,C,48.632,True,2026-01-08T16:00:00
5087,user_5087,A,83.064,True,2026-01-04T22:00:00
5088,user_5088,C,31.298,False,2026-01-25T14:00:00
5089,user_5089,B,51.861,True,2026-01-29T16:00:00
5090,user_5090,D,85.706,True,2026-01-09T13:00:00
5091,user_5091,A,18.255,False,2026-01-17T13:00:00
5092,user_5092,C,90.915,False,2026-01-09T22:00:00
5093,user_5093,B,13.703,True,2026-01-13T13:00:00
5094,user_5094,B,69.213,False,2026-01-01T03:00:00
5095,user_5095,C,95.074,False,2026-01-01T21:00:00
5096,user_5096,C,60.708,True,2026-02-05T18:00:00
5097,user_5097,D,68.496,False,2026-01-12T18:00:00
5098,user_5098,C,76.751,True,2026-02-05T23:00:00
5099,user_5099,A,24.129,False,2026-01-16T19:00:00
5100,user_5100,A,9.948,False,2026-01-09T00:00:00
5101,user_5101,B,43.676,True,2026-02-04T04:00:00
5102,user_5102,B,57.984,True,2026-01-31T09:00:00
5103,user_5103,B,26.987,True,2026-01-20T04:00:00
5104,user_5104,C,4.38,True,2026-02-05T21:00:00
5105,user_5105,B,83.77,True,2026-01-09T16:00:00
5106,user_5106,D,75.11,True,2026-02-08T03:00:00
5107,user_5107,D,94.623,True,2026-01-31T04:00:00
5108,user_5108,C,15.373,False,2026-02-02T12:00:00
5109,user_5109,B,3.335,False,2026-01-02T19:00:00
5110,user_5110,D,73.886,False,2026-01-12T01:00:00
5111,user_5111,D,86.634,True,2026-01-17T14:00:00
5112,user_5112,C,22.213,True,2026-01-13T09:00:00
5113,user_5113,A,37.735,False,2026-01-02T08:00:00
5114,user_5114,A,84.748,True,2026-02-02T12:00:00
5115,user_5115,B,1.148,True,2026-01-30T02:00:00
5116,user_5116,A,26.708,False,2026-01-08T12:00:00
5117,user_5117,B,12.976,True,2026-01-16T17:00:00
5118,user_5118,A,94.785,True,2026-01-24T02:00:00
5119,user_5119,C,4.432,False,2026-01-02T07:00:00
5120,user_5120,B,53.274,False,2026-02-01T19:00:00
5121,user_5121,C,70.192,True,2026-01-02T03:00:00
5122,user_5122,C,47.517,False,2026-01-07T04:00:00
5123,user_5123,B,26.277,False,2026-01-25T10:00:00
5124,user_5124,C,33.086,True,2026-01-10T09:00:00
5125,user_5125,A,22.329,False,2026-02-06T01:00:00
5126,user_5126,B,85.472,False,2026-02-09T20:00:00
5127,user_5127,D,0.283,True,2026-01-18T21:00:00
5128,user_5128,C,12.585,False,2026-02-03T15:00:00
5129,user_5129,B,86.664,False,2026-02-07T16:00:00
5130,user_5130,D,98.107,False,2026-01-04T02:00:00
5131,user_5131,A,44.275,True,2026-01-04T17:00:00
5132,user_5132,A,77.349,False,2026-01-24T05:00:00
5133,user_5133,C,88.513,True,2026-01-25T07:00:00
5134,user_5134,D,82.162,True,2026-01-06T10:00:00
5135,user_5135,A,42.051,False,2026-01-09T00:00:00
5136,user_5136,A,87.946,False,2026-01-30T15:00:00
5137,user_5137,D,45.872,True,2026-01-07T11:00:00
5138,user_5138,B,69.289,True,2026-01-06T02:00:00
5139,user_5139,C,98.513,False,2026-02-03T23:00:00
5140,user_5140,C,34.909,True,2026-01-16T08:00:00
5141,user_5141,C,37.768,False,2026-01-21T18:00:00
5142,user_5142,C,73.721,True,2026-01-30T19:00:00
5143,user_5143,A,75.637,True,2026-02-10T04:00:00
5144,user_5144,A,8.551,False,2026-01-04T14:00:00
5145,user_5145,B,21.337,True,2026-01-03T16:00:00
5146,user_5146,C,40.62,False,2026-01-13T03:00:00
5147,user_5147,C,41.301,True,2026-01-13T18:00:00
5148,user_5148,A,12.859,False,2026-01-13T20:00:00
5149,user_5149,D,14.876,True,2026-01-03T20:00:00
5150,user_5150,C,29.182,True,2026-01-28T18:00:00
5151,user_5151,B,76.294,True,2026-02-07T07:00:00
5152,user_5152,A,50.196,False,2026-01-30T06:00:00
5153,user_5153,D,23.99,False,2026-02-04T20:00:00
5154,user_5154,C,19.763,False,2026-01-07T20:00:00
5155,user_5155,B,6.479,False,2026-02-09T10:00:00
5156,user_5156,C,45.578,False,2026-02-06T09:00:00
5157,user_5157,A,98.613,True,2026-01-16T17:00:00
5158,user_5158,A,27.294,False,2026-01-24T21:00:00
5159,user_5159,B,62.982,True,2026-01-19T19:00:00
5160,user_5160,A,46.32,False,2026-01-09T18:00:00
5161,user_5161,D,54.865,True,2026-01-10T06:00:00
5162,user_5162,A,22.445,True,2026-01-11T03:00:00
5163,user_5163,A,77.269,False,2026-01-08T15:00:00
5164,user_5164,B,74.277,False,2026-01-02T08:00:00
5165,user_5165,B,76.15,False,2026-01-22T00:00:00
5166,user_5166,C,57.276,False,2026-01-01T17:00:00
5167,user_5167,D,8.611,True,2026-01-06T03:00:00
5168,user_5168,C,81.983,False,2026-01-10T20:00:00
5169,user_5169,A,1.421,True,2026-01-15T10:00:00
5170,user_5170,A,24.183,True,2026-01-22T05:00:00
5171,user_5171,B,40.853,False,2026-02-10T09:00:00
5172,user_5172,D,30.625,True,2026-01-11T08:00:00
5173,user_5173,B,49.916,True,2026-02-08T22:00:00
5174,user_5174,D,37.023,True,2026-01-24T15:00:00
5175,user_5175,B,33.186,True,2026-01-31T23:00:00
5176,user_5176,D,26.333,False,2026-01-13T17:00:00
5177,user_5177,C,7.202,True,2026-01-04T14:00:00
5178,user_5178,C,43.429,True,2026-01-10T20:00:00
5179,user_5179,C,3.129,True,2026-02-04T15:00:00
5180,user_5180,B,8.5,False,2026-01-15T16:00:00
5181,user_5181,B,17.913,False,2026-01-17T05:00:00
5182,user_5182,B,32.02,True,2026-01-31T05:00:00
5183,user_5183,A,97.717,False,2026-01-26T22:00:00
5184,user_5184,A,79.522,False,2026-02-01T03:00:00
5185,user_5185,B,2.098,False,2026-01-12T07:00:00
5186,user_5186,B,73.37,False,2026-01-16T05:00:00
5187,user_5187,A,16.812,False,2026-01-19T16:00:00
5188,user_5188,C,16.187,False,2026-01-29T14:00:00
5189,user_5189,C,76.874,False,2026-01-14T17:00:00
5190,user_5190,C,19.991,False,2026-01-02T02:00:00
5191,user_5191,D,42.684,False,2026-01-01T23:00:00
5192,user_5192,C,57.735,True,2026-01-24T11:00:00
5193,user_5193,A,73.906,True,2026-01-07T23:00:00
5194,user_5194,C,71.417,False,2026-02-03T06:00:00
5195,user_5195,B,38.006,True,2026-02-04T01:00:00
5196,user_5196,B,51.424,True,2026-02-09T14:00:00
5197,user_5197,D,30.329,False,2026-02-04T18:00:00
5198,user_5198,C,67.437,True,2026-01-17T10:00:00
5199,user_5199,D,42.187,False,2026-01-03T07:00:00
5200,user_5200,B,80.045,False,2026-01-31T15:00:00
5201,user_5201,C,99.974,False,2026-01-27T10:00:00
5202,user_5202,D,36.857,False,2026-01-10T17:00:00
5203,user_5203,C,40.021,True,2026-02-03T18:00:00
5204,user_5204,C,80.836,True,2026-01-14T06:00:00
5205,user_5205,A,30.54,True,2026-01-20T00:00:00
5206,user_5206,B,31.48,False,2026-01-28T19:00:00
5207,user_5207,B,53.967,False,2026-02-05T08:00:00
5208,user_5208,D,37.039,False,2026-01-27T18:00:00
5209,user_5209,D,11.115,False,2026-01-30T20:00:00
5210,user_5210,C,29.495,False,2026-01-25T04:00:00
5211,user_5211,C,99.78,True,2026-01-18T12:00:00
5212,user_5212,A,44.237,False,2026-01-22T21:00:00
5213,user_5213,B,84.837,True,2026-01-31T09:00:00
5214,user_5214,D,12.787,True,2026-01-07T06:00:00
5215,user_5215,C,44.216,False,2026-02-05T13:00:00
5216,user_5216,A,11.297,True,2026-01-13T23:00:00
5217,user_5217,C,72.503,True,2026-02-01T03:00:00
5218,user_5218,C,32.943,False,2026-01-15T00:00:00
5219,user_5219,D,90.012,True,2026-01-23T10:00:00
5220,user_5220,B,35.57,True,2026-01-22T16:00:00
5221,user_5221,C,99.626,False,2026-01-26T05:00:00
5222,user_5222,D,50.945,True,2026-02-06T06:00:00
5223,user_5223,D,97.675,True,2026-02-09T04:00:00
5224,user_5224,B,42.557,False,2026-01-17T14:00:00
5225,user_5225,C,31.035,False,2026-01-17T14:00:00
5226,user_5226,A,78.928,True,2026-01-05T03:00:00
5227,user_5227,D,37.16,True,2026-01-19T06:00:00
5228,user_5228,B,33.502,False,2026-02-03T13:00:00
5229,user_5229,B,88.619,True,2026-01-08T07:00:00
5230,user_5230,B,62.854,False,2026-02-08T14:00:00
5231,user_5231,C,46.607,True,2026-02-09T02:00:00
5232,user_5232,A,76.102,False,2026-01-06T17:00:00
5233,user_5233,C,30.379,False,2026-01-14T23:00:00
5234,user_5234,B,16.981,True,2026-02-02T12:00:00
5235,user_5235,A,83.96,True,2026-01-14T14:00:00
5236,user_5236,C,24.738,True,2026-01-13T14:00:00
5237,user_5237,C,19.638,False,2026-02-11T13:00:00
5238,user_5238,B,33.097,True,2026-02-01T13:00:00
5239,user_5239,B,12.908,False,2026-01-08T12:00:00
5240,user_5240,C,87.437,True,2026-01-29T19:00:00
5241,user_5241,B,46.501,True,2026-01-22T17:00:00
5242,user_5242,D,15.385,False,2026-02-02T09:00:00
5243,user_5243,C,49.209,True,2026-01-12T06:00:00
5244,user_5244,B,41.565,True,2026-02-01T23:00:00
5245,user_5245,C,45.591,False,2026-01-22T07:00:00
5246,user_5246,D,0.251,True,2026-01-11T23:00:00
5247,user_5247,C,32.418,False,2026-01-01T12:00:00
5248,user_5248,B,83.828,True,2026-01-27T11:00:00
5249,user_5249,D,55.389,False,2026-01-04T19:00:00
5250,user_5250,B,75.882,False,2026-02-03T03:00:00
5251,user_5251,B,50.212,False,2026-01-29T15:00:00
5252,user_5252,A,17.172,False,2026-01-01T00:00:00
5253,user_5253,C,9.608,True,2026-01-31T19:00:00
5254,user_5254,A,22.718,False,2026-02-06T08:00:00
5255,user_5255,A,74.601,True,2026-02-10T05:00:00
5256,user_5256,A,46.025,False,2026-01-16T03:00:00
5257,user_5257,C,25.385,False,2026-01-08T23:00:00
5258,user_5258,A,20.899,False,2026-01-18T20:00:00
5259,user_5259,A,85.063,True,2026-01-26T22:00:00
5260,user_5260,B,68.274,True,2026-02-09T08:00:00
5261,user_5261,D,0.486,False,2026-02-11T13:00:00
5262,user_5262,B,97.015,False,2026-01-24T19:00:00
5263,user_5263,D,77.748,False,2026-01-31T21:00:00
5264,user_5264,A,80.903,True,2026-01-07T17:00:00
5265,user_5265,A,9.327,True,2026-02-05T20:00:00
5266,user_5266,C,65.119,True,2026-01-01T20:00:00
5267,user_5267,D,37.529,True,2026-01-17T22:00:00
5268,user_5268,D,43.083,False,2026-01-14T19:00:00
5269,user_5269,B,41.195,True,2026-01-22T06:00:00
5270,user_5270,B,42.327,True,2026-01-31T05:00:00
5271,user_5271,D,4.785,False,2026-01-09T12:00:00
5272,user_5272,D,11.148,True,2026-01-08T00:00:00
5273,user_5273,D,86.233,False,2026-02-05T09:00:00
5274,user_5274,A,4.863,True,2026-01-03T03:00:00
5275,user_5275,B,68.387,True,2026-01-15T23:00:00
5276,user_5276,B,91.517,True,2026-01-24T08:00:00
5277,user_5277,C,60.096,False,2026-01-13T12:00:00
5278,user_5278,B,35.644,False,2026-01-04T10:00:00
5279,user_5279,D,13.603,True,2026-01-19T12:00:00
5280,user_5280,A,81.778,True,2026-01-18T19:00:00
5281,user_5281,D,42.539,False,2026-01-18T16:00:00
5282,user_5282,B,53.075,True,2026-01-01T08:00:00
5283,user_5283,B,50.792,True,2026-01-28T01:00:00
5284,user_5284,D,88.189,False,2026-01-28T02:00:00
5285,user_5285,D,72.671,False,2026-01-20T09:00:00
5286,user_5286,D,59.879,False,2026-02-11T12:00:00
5287,user_5287,B,96.27,True,2026-02-09T00:00:00
5288,user_5288,D,77.854,True,2026-01-15T03:00:00
5289,user_5289,A,33.021,False,2026-01-06T06:00:00
5290,user_5290,A,43.037,False,2026-01-12T02:00:00
5291,user_5291,B,54.116,True,2026-01-19T01:00:00
5292,user_5292,A,74.478,False,2026-01-02T14:00:00
5293,user_5293,A,49.251,True,2026-02-04T04:00:00
5294,user_5294,D,79.727,False,2026-01-17T13:00:00
5295,user_5295,C,19.128,True,2026-01-12T05:00:00
5296,user_5296,C,80.664,False,2026-02-04T05:00:00
5297,user_5297,C,77.457,False,2026-01-29T17:00:00
5298,user_5298,B,38.266,False,2026-01-15T11:00:00
5299,user_5299,A,13.531,True,2026-01-18T18:00:00
5300,user_5300,B,70.985,True,2026-02-08T18:00:00
5301,user_5301,C,76.459,True,2026-01-06T21:00:00
5302,user_5302,D,23.558,True,2026-01-13T05:00:00
5303,user_5303,A,66.603,False,2026-02-04T01:00:00
5304,user_5304,A,58.91,True,2026-01-14T16:00:00
5305,user_5305,C,65.939,True,2026-02-04T20:00:00
5306,user_5306,A,61.169,True,2026-01-29T02:00:00
5307,user_5307,B,30.157,False,2026-01-20T05:00:00
5308,user_5308,A,80.515,False,2026-01-05T11:00:00
5309,user_5309,D,53.25,True,2026-01-20T18:00:00
5310,user_5310,B,56.388,False,2026-01-11T05:00:00
5311,user_5311,B,96.502,False,2026-01-19T02:00:00
5312,user_5312,A,31.392,True,2026-01-31T14:00:00
5313,user_5313,D,19.414,False,2026-01-03T17:00:00
5314,user_5314,D,22.317,True,2026-01-22T04:00:00
5315,user_5315,B,43.605,True,2026-01-30T13:00:00
5316,user_5316,B,10.194,False,2026-01-12T04:00:00
5317,user_5317,B,36.737,False,2026-01-23T13:00:00
5318,user_5318,A,36.161,False,2026-02-07T22:00:00
5319,user_5319,B,13.223,False,2026-01-20T10:00:00
5320,user_5320,C,35.753,False,2026-01-08T23:00:00
5321,user_5321,C,45.017,True,2026-01-15T19:00:00
5322,user_5322,D,8.585,False,2026-01-14T09:00:00
5323,user_5323,D,69.09,True,2026-01-18T07:00:00
5324,user_5324,A,76.059,True,2026-01-17T08:00:00
5325,user_5325,A,50.809,False,2026-01-16T00:00:00
5326,user_5326,B,75.882,True,2026-01-31T12:00:00
5327,user_5327,C,40.864,True,2026-01-14T02:00:00
5328,user_5328,B,30.525,False,2026-01-31T08:00:00
5329,user_5329,C,20.95,False,2026-01-24T02:00:00
5330,user_5330,A,29.528,False,2026-02-04T01:00:00
5331,user_5331,D,27.382,True,2026-01-28T09:00:00
5332,user_5332,D,89.592,True,2026-01-04T22:00:00
5333,user_5333,B,63.103,False,2026-01-31T07:00:00
5334,user_5334,B,89.633,False,2026-01-05T07:00:00
5335,user_5335,C,5.119,False,2026-02-08T22:00:00
5336,user_5336,C,80.849,True,2026-01-04T06:00:00
5337,user_5337,B,3.599,False,2026-01-16T00:00:00
5338,user_5338,C,27.267,False,2026-02-11T09:00:00
5339,user_5339,C,46.172,True,2026-02-07T20:00:00
5340,user_5340,D,89.12,True,2026-01-18T20:00:00
5341,user_5341,D,9.809,False,2026-02-07T20:00:00
5342,user_5342,A,68.572,False,2026-01-11T19:00:00
5343,user_5343,A,55.663,False,2026-01-02T13:00:00
5344,user_5344,C,42.922,True,2026-01-07T15:00:00
5345,user_5345,C,23.58,False,2026-01-16T15:00:00
5346,user_5346,C,33.91,True,2026-02-04T16:00:00
5347,user_5347,A,39.143,False,2026-01-23T04:00:00
5348,user_5348,C,96.466,True,2026-01-10T23:00:00
5349,user_5349,D,5.112,True,2026-01-23T19:00:00
5350,user_5350,B,95.152,True,2026-01-24T01:00:00
5351,user_5351,C,26.171,True,2026-02-01T01:00:00
5352,user_5352,D,3.605,True,2026-01-15T18:00:00
5353,user_5353,C,54.992,False,2026-02-04T07:00:00
5354,user_5354,A,72.206,False,2026-01-03T17:00:00
5355,user_5355,B,66.442,True,2026-02-08T09:00:00
5356,user_5356,D,92.989,False,2026-01-04T13:00:00
5357,user_5357,B,59.786,True,2026-02-07T00:00:00
5358,user_5358,D,75.823,False,2026-01-20T01:00:00
5359,user_5359,A,73.472,False,2026-01-26T08:00:00
5360,user_5360,A,82.831,False,2026-01-17T12:00:00
5361,user_5361,D,55.5,True,2026-01-25T10:00:00
5362,user_5362,A,0.514,False,2026-01-16T16:00:00
5363,user_5363,A,72.619,False,2026-01-02T18:00:00
5364,user_5364,B,36.491,True,2026-01-29T13:00:00
5365,user_5365,C,60.787,False,2026-01-06T14:00:00
5366,user_5366,D,93.474,True,2026-01-18T01:00:00
5367,user_5367,C,14.429,True,2026-01-06T01:00:00
5368,user_5368,C,95.676,True,2026-01-27T20:00:00
5369,user_5369,B,86.899,False,2026-01-08T13:00:00
5370,user_5370,B,3.856,True,2026-02-10T07:00:00
5371,user_5371,A,28.388,False,2026-01-31T03:00:00
5372,user_5372,C,68.987,True,2026-01-31T20:00:00
5373,user_5373,A,31.24,True,2026-01-08T16:00:00
5374,user_5374,C,53.888,False,2026-01-11T01:00:00
5375,user_5375,A,42.196,False,2026-01-21T18:00:00
5376,user_5376,D,93.408,False,2026-02-03T08:00:00
5377,user_5377,B,50.723,False,2026-02-03T23:00:00
5378,user_5378,C,90.54,True,2026-02-11T02:00:00
5379,user_5379,B,71.668,True,2026-01-07T19:00:00
5380,user_5380,A,67.884,False,2026-01-23T03:00:00
5381,user_5381,A,54.314,True,2026-01-14T09:00:00
5382,user_5382,C,95.083,True,2026-01-24T06:00:00
5383,user_5383,D,75.325,False,2026-02-01T00:00:00
5384,user_5384,A,2.375,True,2026-02-09T00:00:00
5385,user_5385,B,85.047,True,2026-02-07T20:00:00
5386,user_5386,C,9.418,True,2026-01-23T21:00:00
5387,user_5387,A,62.752,False,2026-01-19T22:00:00
5388,user_5388,C,48.677,False,2026-01-24T16:00:00
5389,user_5389,B,39.822,True,2026-01-15T21:00:00
5390,user_5390,C,17.752,True,2026-01-26T01:00:00
5391,user_5391,B,83.782,True,2026-02-10T05:00:00
5392,user_5392,A,59.914,True,2026-01-27T23:00:00
5393,user_5393,B,69.173,True,2026-01-11T10:00:00
5394,user_5394,A,49.269,True,2026-01-21T20:00:00
5395,user_5395,A,12.475,False,2026-01-31T07:00:00
5396,user_5396,C,28.814,False,2026-01-16T02:00:00
5397,user_5397,B,73.926,True,2026-01-14T07:00:00
5398,user_5398,A,81.63,False,2026-01-25T15:00:00
5399,user_5399,C,79.81,False,2026-01-18T10:00:00
5400,user_5400,A,30.699,True,2026-01-13T23:00:00
5401,user_5401,A,97.615,False,2026-02-05T06:00:00
5402,user_5402,B,75.551,True,2026-01-27T14:00:00
5403,user_5403,A,73.509,True,2026-01-29T04:00:00
5404,user_5404,D,83.956,True,2026-01-24T12:00:00
5405,user_5405,B,60.185,False,2026-02-03T09:00:00
5406,user_5406,C,53.051,False,2026-01-08T19:00:00
5407,user_5407,B,97.798,False,2026-02-04T07:00:00
5408,user_5408,C,8.545,False,2026-02-11T03:00:00
5409,user_5409,C,14.02,True,2026-01-20T21:00:00
5410,user_5410,D,96.633,True,2026-01-02T10:00:00
5411,user_5411,B,45.033,False,2026-01-19T17:00:00
5412,user_5412,B,40.782,True,2026-02-04T05:00:00
5413,user_5413,A,86.524,False,2026-01-31T16:00:00
5414,user_5414,A,84.838,True,2026-01-28T08:00:00
5415,user_5415,D,63.111,True,2026-02-04T00:00:00
5416,user_5416,B,33.978,False,2026-01-03T02:00:00
5417,user_5417,B,86.999,False,2026-02-07T22:00:00
5418,user_5418,D,10.291,False,2026-01-21T18:00:00
5419,user_5419,C,65.365,False,2026-02-04T17:00:00
5420,user_5420,C,76.006,False,2026-02-02T16:00:00
5421,user_5421,A,54.693,True,2026-02-05T07:00:00
5422,user_5422,C,57.9,True,2026-01-22T01:00:00
5423,user_5423,A,97.635,True,2026-01-12T04:00:00
5424,user_5424,A,59.54,False,2026-02-01T01:00:00
5425,user_5425,C,44.629,True,2026-01-25T20:00:00
5426,user_5426,D,84.687,True,2026-01-29T21:00:00
5427,user_5427,A,19.531,True,2026-01-15T18:00:00
5428,user_5428,D,17.827,True,2026-01-03T09:00:00
5429,user_5429,C,81.375,False,2026-02-08T22:00:00
5430,user_5430,A,79.914,False,2026-01-18T00:00:00
5431,user_5431,C,15.39,False,2026-01-20T08:00:00
5432,user_5432,C,37.438,False,2026-02-09T04:00:00
5433,user_5433,C,50.836,False,2026-01-15T01:00:00
5434,user_5434,C,57.267,False,2026-01-17T15:00:00
5435,user_5435,D,8.761,True,2026-01-03T02:00:00
5436,user_5436,C,19.26,True,2026-02-01T06:00:00
5437,user_5437,B,65.617,True,2026-01-11T10:00:00
5438,user_5438,C,12.077,False,2026-01-16T16:00:00
5439,user_5439,D,29.868,True,2026-01-26T22:00:00
5440,user_5440,A,20.336,True,2026-01-25T19:00:00
5441,user_5441,C,4.18,True,2026-02-05T01:00:00
5442,user_5442,A,49.993,True,2026-01-21T07:00:00
5443,user_5443,C,77.359,True,2026-01-02T19:00:00
5444,user_5444,B,51.608,True,2026-01-07T14:00:00
5445,user_5445,B,7.466,True,2026-02-08T02:00:00
5446,user_5446,B,90.565,True,2026-01-16T01:00:00
5447,user_5447,C,85.976,True,2026-01-27T00:00:00
5448,user_5448,D,14.245,False,2026-01-10T10:00:00
5449,user_5449,D,22.415,False,2026-01-26T02:00:00
5450,user_5450,A,45.435,True,2026-01-17T06:00:00
5451,user_5451,C,55.951,True,2026-02-05T07:00:00
5452,user_5452,D,19.521,True,2026-01-10T16:00:00
5453,user_5453,C,6.446,True,2026-01-08T18:00:00
5454,user_5454,A,83.673,True,2026-02-04T02:00:00
5455,user_5455,A,72.007,False,2026-01-21T02:00:00
5456,user_5456,B,85.099,False,2026-01-04T03:00:00
5457,user_5457,A,28.208,True,2026-01-12T00:00:00
5458,user_5458,B,0.624,True,2026-01-17T18:00:00
5459,user_5459,D,49.4,True,2026-02-04T06:00:00
5460,user_5460,C,42.353,True,2026-02-07T08:00:00
5461,user_5461,A,44.625,False,2026-01-30T05:00:00
5462,user_5462,C,79.508,False,2026-01-28T01:00:00
5463,user_5463,B,70.637,False,2026-01-27T21:00:00
5464,user_5464,A,68.325,False,2026-01-31T09:00:00
5465,user_5465,B,42.703,False,2026-01-19T23:00:00
5466,user_5466,B,42.668,False,2026-01-23T03:00:00
5467,user_5467,D,35.136,False,2026-01-26T08:00:00
5468,user_5468,D,78.844,False,2026-01-27T10:00:00
5469,user_5469,B,51.947,False,2026-01-01T02:00:00
5470,user_5470,B,93.272,True,2026-01-07T09:00:00
5471,user_5471,A,25.967,False,2026-01-03T18:00:00
5472,user_5472,D,32.414,False,2026-01-04T21:00:00
5473,user_5473,B,77.532,False,2026-02-11T12:00:00
5474,user_5474,A,2.063,True,2026-01-30T15:00:00
5475,user_5475,D,35.207,False,2026-02-03T12:00:00
5476,user_5476,C,99.073,True,2026-01-16T11:00:00
5477,user_5477,A,39.714,True,2026-01-26T10:00:00
5478,user_5478,D,4.836,True,2026-01-03T18:00:00
5479,user_5479,C,44.789,True,2026-01-07T08:00:00
5480,user_5480,C,21.623,False,2026-01-13T12:00:00
5481,user_5481,C,20.822,True,2026-01-15T08:00:00
5482,user_5482,A,76.233,False,2026-01-07T18:00:00
5483,user_5483,B,24.203,False,2026-01-06T15:00:00
5484,user_5484,D,18.125,False,2026-01-22T09:00:00
5485,user_5485,D,44.826,True,2026-01-02T21:00:00
5486,user_5486,C,86.929,False,2026-02-01T17:00:00
5487,user_5487,B,88.649,False,2026-01-22T16:00:00
5488,user_5488,A,81.296,False,2026-02-01T10:00:00
5489,user_5489,C,17.123,True,2026-02-03T06:00:00
5490,user_5490,B,71.835,False,2026-01-22T03:00:00
5491,user_5491,A,47.93,True,2026-01-24T23:00:00
5492,user_5492,C,85.089,True,2026-01-22T22:00:00
5493,user_5493,A,96.624,False,2026-01-08T12:00:00
5494,user_5494,A,73.868,True,2026-01-28T01:00:00
5495,user_5495,C,23.732,True,2026-02-06T10:00:00
5496,user_5496,C,4.089,True,2026-02-02T03:00:00
5497,user_5497,B,56.224,True,2026-02-10T21:00:00
5498,user_5498,D,46.58,False,2026-02-11T12:00:00
5499,user_5499,C,96.405,False,2026-01-15T19:00:00
5500,user_5500,A,68.595,True,2026-02-10T17:00:00
5501,user_5501,C,26.975,True,2026-01-01T02:00:00
5502,user_5502,D,5.798,False,2026-01-18T22:00:00
5503,user_5503,B,3.482,False,2026-02-02T01:00:00
5504,user_5504,D,98.843,False,2026-01-11T22:00:00
5505,user_5505,B,60.239,False,2026-01-01T02:00:00
5506,user_5506,D,18.245,True,2026-02-06T09:00:00
5507,user_5507,D,50.913,True,2026-01-08T02:00:00
5508,user_5508,C,16.03,True,2026-01-09T00:00:00
5509,user_5509,A,68.926,True,2026-02-05T07:00:00
5510,user_5510,C,16.623,False,2026-01-15T13:00:00
5511,user_5511,C,57.187,False,2026-01-05T10:00:00
5512,user_5512,A,61.918,False,2026-01-08T07:00:00
5513,user_5513,D,94.889,False,2026-01-26T17:00:00
5514,user_5514,C,43.895,False,2026-01-10T06:00:00
5515,user_5515,A,93.974,True,2026-01-14T01:00:00
5516,user_5516,D,0.098,False,2026-01-24T20:00:00
5517,user_5517,C,85.614,False,2026-01-04T10:00:00
5518,user_5518,D,70.389,True,2026-01-10T08:00:00
5519,user_5519,A,34.6,True,2026-01-10T08:00:00
5520,user_5520,B,77.691,False,2026-02-03T09:00:00
5521,user_5521,B,98.219,True,2026-01-28T01:00:00
5522,user_5522,D,45.954,True,2026-01-16T13:00:00
5523,user_5523,A,27.948,True,2026-01-23T01:00:00
5524,user_5524,A,74.874,True,2026-02-03T16:00:00
5525,user_5525,B,3.525,True,2026-01-08T10:00:00
5526,user_5526,A,83.661,True,2026-01-07T07:00:00
5527,user_5527,D,68.838,True,2026-01-05T04:00:00
5528,user_5528,B,79.343,False,2026-01-19T19:00:00
5529,user_5529,A,44.377,True,2026-01-04T20:00:00
5530,user_5530,B,35.015,True,2026-02-11T15:00:00
5531,user_5531,D,35.639,True,2026-01-14T13:00:00
5532,user_5532,C,76.441,True,2026-01-04T09:00:00
5533,user_5533,B,96.154,False,2026-01-18T10:00:00
5534,user_5534,C,54.715,True,2026-01-18T15:00:00
5535,user_5535,B,17.839,False,2026-01-20T12:00:00
5536,user_5536,C,61.736,False,2026-01-01T15:00:00
5537,user_5537,B,13.448,True,2026-01-18T00:00:00
5538,user_5538,D,59.978,True,2026-01-14T04:00:00
5539,user_5539,D,6.65,False,2026-01-11T23:00:00
5540,user_5540,A,58.159,True,2026-01-23T00:00:00
5541,user_5541,A,82.82,False,2026-01-03T17:00:00
5542,user_5542,C,44.958,False,2026-02-05T10:00:00
5543,user_5543,D,60.109,True,2026-01-17T15:00:00
5544,user_5544,D,50.319,True,2026-01-21T11:00:00
5545,user_5545,C,55.401,False,2026-01-06T04:00:00
5546,user_5546,C,80.645,False,2026-02-09T10:00:00
5547,user_5547,B,40.063,True,2026-01-14T12:00:00
5548,user_5548,A,26.206,False,2026-02-04T06:00:00
5549,user_5549,C,24.166,True,2026-01-19T07:00:00
5550,user_5550,B,63.335,False,2026-02-10T23:00:00
5551,user_5551,D,82.505,False,2026-01-31T20:00:00
5552,user_5552,B,54.104,False,2026-01-02T18:00:00
5553,user_5553,D,66.795,False,2026-01-31T04:00:00
5554,user_5554,D,26.618,False,2026-01-19T22:00:00
5555,user_5555,A,68.859,False,2026-01-15T11:00:00
5556,user_5556,A,17.667,True,2026-01-09T12:00:00
5557,user_5557,A,12.616,True,2026-01-05T11:00:00
5558,user_5558,B,0.57,True,2026-01-13T05:00:00
5559,user_5559,B,3.504,True,2026-01-08T16:00:00
5560,user_5560,A,45.321,False,2026-01-30T02:00:00
5561,user_5561,B,72.171,False,2026-01-31T10:00:00
5562,user_5562,D,37.779,True,2026-01-25T06:00:00
5563,user_5563,B,46.446,False,2026-01-21T05:00:00
5564,user_5564,A,59.75,False,2026-02-05T06:00:00
5565,user_5565,A,2.124,True,2026-02-09T06:00:00
5566,user_5566,C,22.222,False,2026-02-08T23:00:00
5567,user_5567,B,1.304,True,2026-01-05T15:00:00
5568,user_5568,B,75.768,True,2026-01-20T14:00:00
5569,user_5569,C,1.969,False,2026-01-11T05:00:00
5570,user_5570,A,84.228,True,2026-01-06T14:00:00
5571,user_5571,B,64.876,False,2026-01-22T19:00:00
5572,user_5572,D,65.883,False,2026-02-07T00:00:00
5573,user_5573,C,80.744,True,2026-02-07T21:00:00
5574,user_5574,A,52.748,True,2026-01-14T00:00:00
5575,user_5575,C,99.747,True,2026-01-03T10:00:00
5576,user_5576,B,86.824,True,2026-02-04T15:00:00
5577,user_5577,D,22.108,False,2026-01-06T17:00:00
5578,user_5578,C,0.626,True,2026-02-07T04:00:00
5579,user_5579,C,54.06,True,2026-01-19T15:00:00
5580,user_5580,B,94.768,False,2026-01-10T17:00:00
5581,user_5581,D,88.787,False,2026-01-31T09:00:00
5582,user_5582,C,32.099,False,2026-01-04T01:00:00
5583,user_5583,C,16.251,True,2026-01-26T23:00:00
5584,user_5584,B,19.649,True,2026-02-04T13:00:00
5585,user_5585,A,43.732,False,2026-01-31T13:00:00
5586,user_5586,A,87.997,False,2026-01-26T17:00:00
5587,user_5587,B,47.132,True,2026-01-20T11:00:00
5588,user_5588,D,92.888,False,2026-01-15T18:00:00
5589,user_5589,B,51.794,True,2026-01-18T01:00:00
5590,user_5590,A,3.675,False,2026-01-03T02:00:00
5591,user_5591,A,59.235,True,2026-01-22T22:00:00
5592,user_5592,A,87.454,False,2026-02-02T15:00:00
5593,user_5593,C,81.354,False,2026-01-20T04:00:00
5594,user_5594,B,88.809,False,2026-01-15T08:00:00
5595,user_5595,D,89.043,False,2026-01-21T09:00:00
5596,user_5596,B,43.481,False,2026-02-03T08:00:00
5597,user_5597,D,7.395,True,2026-01-03T11:00:00
5598,user_5598,B,23.282,False,2026-01-07T06:00:00
5599,user_5599,B,95.702,True,2026-01-06T04:00:00
5600,user_5600,A,33.92,False,2026-02-07T18:00:00
5601,user_5601,B,75.161,False,2026-01-07T15:00:00
5602,user_5602,C,92.667,False,2026-01-10T15:00:00
5603,user_5603,B,16.038,True,2026-01-15T17:00:00
5604,user_5604,B,8.74,True,2026-02-06T01:00:00
5605,user_5605,B,51.165,True,2026-01-18T14:00:00
5606,user_5606,D,69.627,True,2026-01-14T06:00:00
5607,user_5607,B,8.211,False,2026-02-05T12:00:00
5608,user_5608,B,57.572,False,2026-01-27T07:00:00
5609,user_5609,D,84.174,True,2026-02-09T00:00:00
5610,user_5610,A,55.6,True,2026-02-07T06:00:00
5611,user_5611,A,47.186,False,2026-01-07T05:00:00
5612,user_5612,C,16.508,True,2026-01-26T05:00:00
5613,user_5613,B,9.284,False,2026-01-06T04:00:00
5614,user_5614,A,74.83,True,2026-01-14T08:00:00
5615,user_5615,D,31.387,True,2026-01-15T02:00:00
5616,user_5616,A,65.435,True,2026-01-17T07:00:00
5617,user_5617,C,33.464,True,2026-02-06T02:00:00
5618,user_5618,A,48.479,False,2026-01-20T03:00:00
5619,user_5619,B,16.052,False,2026-01-16T07:00:00
5620,user_5620,D,21.648,False,2026-01-25T15:00:00
5621,user_5621,D,16.309,True,2026-01-23T15:00:00
5622,user_5622,A,42.347,True,2026-01-31T08:00:00
5623,user_5623,D,37.559,False,2026-01-30T05:00:00
5624,user_5624,C,6.785,False,2026-01-06T01:00:00
5625,user_5625,D,70.392,False,2026-02-05T22:00:00
5626,user_5626,C,5.31,True,2026-01-03T15:00:00
5627,user_5627,D,37.201,False,2026-01-27T13:00:00
5628,user_5628,D,21.909,True,2026-01-04T15:00:00
5629,user_5629,C,81.178,False,2026-02-07T18:00:00
5630,user_5630,A,6.413,True,2026-01-17T16:00:00
5631,user_5631,B,37.243,False,2026-01-16T02:00:00
5632,user_5632,B,50.336,True,2026-01-31T03:00:00
5633,user_5633,A,54.505,True,2026-01-12T18:00:00
5634,user_5634,A,29.422,False,2026-01-05T01:00:00
5635,user_5635,D,14.206,False,2026-01-03T14:00:00
5636,user_5636,A,74.491,False,2026-02-02T07:00:00
5637,user_5637,A,44.597,True,2026-01-20T10:00:00
5638,user_5638,D,77.546,False,2026-01-09T16:00:00
5639,user_5639,D,32.087,False,2026-01-12T20:00:00
5640,user_5640,A,48.453,True,2026-01-18T22:00:00
5641,user_5641,C,18.609,True,2026-01-28T14:00:00
5642,user_5642,D,54.738,False,2026-01-13T18:00:00
5643,user_5643,B,46.258,False,2026-01-25T21:00:00
5644,user_5644,B,31.763,False,2026-01-12T13:00:00
5645,user_5645,B,73.689,False,2026-01-18T22:00:00
5646,user_5646,A,84.65,False,2026-01-02T08:00:00
5647,user_5647,A,66.13,False,2026-01-30T15:00:00
5648,user_5648,C,39.409,False,2026-01-23T12:00:00
5649,user_5649,D,54.925,True,2026-01-19T11:00:00
5650,user_5650,A,93.741,False,2026-01-15T17:00:00
5651,user_5651,C,30.734,True,2026-01-20T17:00:00
5652,user_5652,D,40.968,True,2026-02-02T03:00:00
5653,user_5653,D,65.702,False,2026-01-26T17:00:00
5654,user_5654,B,57.918,True,2026-01-24T20:00:00
5655,user_5655,C,96.67,True,2026-02-04T05:00:00
5656,user_5656,C,20.397,True,2026-02-09T05:00:00
5657,user_5657,D,12.971,False,2026-02-04T08:00:00
5658,user_5658,C,21.529,False,2026-01-19T21:00:00
5659,user_5659,A,60.492,True,2026-01-01T17:00:00
5660,user_5660,B,6.65,True,2026-01-07T03:00:00
5661,user_5661,C,63.574,False,2026-01-31T11:00:00
5662,user_5662,A,40.021,True,2026-01-03T19:00:00
5663,user_5663,C,47.93,True,2026-02-03T19:00:00
5664,user_5664,D,58.628,True,2026-02-10T16:00:00
5665,user_5665,B,85.585,False,2026-02-05T01:00:00
5666,user_5666,A,31.213,True,2026-01-25T08:00:00
5667,user_5667,A,66.556,False,2026-01-06T00:00:00
5668,user_5668,C,77.354,False,2026-01-05T04:00:00
5669,user_5669,B,1.731,True,2026-01-18T08:00:00
5670,user_5670,A,37.144,True,2026-01-20T02:00:00
5671,user_5671,A,90.899,False,2026-02-04T03:00:00
5672,user_5672,D,14.729,True,2026-01-22T21:00:00
5673,user_5673,C,44.433,False,2026-01-13T16:00:00
5674,user_5674,A,40.661,True,2026-02-11T01:00:00
5675,user_5675,D,37.329,True,2026-01-01T20:00:00
5676,user_5676,C,39.538,True,2026-01-06T03:00:00
5677,user_5677,D,45.493,True,2026-02-08T01:00:00
5678,user_5678,B,74.422,True,2026-02-04T03:00:00
5679,user_5679,B,43.273,False,2026-01-21T17:00:00
5680,user_5680,A,92.649,False,2026-01-07T05:00:00
5681,user_5681,C,77.964,False,2026-01-01T00:00:00
5682,user_5682,D,82.222,False,2026-01-12T12:00:00
5683,user_5683,B,24.081,False,2026-01-14T07:00:00
5684,user_5684,B,49.543,False,2026-01-25T13:00:00
5685,user_5685,B,36.679,True,2026-01-07T17:00:00
5686,user_5686,C,12.422,True,2026-01-08T21:00:00
5687,user_5687,B,65.069,True,2026-01-06T17:00:00
5688,user_5688,B,82.387,True,2026-01-19T14:00:00
5689,user_5689,D,61.049,False,2026-01-30T00:00:00
5690,user_5690,D,97.46,True,2026-01-24T20:00:00
5691,user_5691,B,20.924,False,2026-01-08T21:00:00
5692,user_5692,D,62.143,False,2026-01-16T20:00:00
5693,user_5693,C,65.521,False,2026-01-06T08:00:00
5694,user_5694,C,92.267,True,2026-02-07T01:00:00
5695,user_5695,D,19.535,True,2026-01-22T02:00:00
5696,user_5696,A,70.025,True,2026-01-28T00:00:00
5697,user_5697,D,78.128,True,2026-02-11T04:00:00
5698,user_5698,D,99.431,True,2026-01-09T13:00:00
5699,user_5699,C,2.349,False,2026-01-28T04:00:00
5700,user_5700,B,26.882,True,2026-01-29T08:00:00
5701,user_5701,C,92.444,True,2026-02-02T11:00:00
5702,user_5702,C,49.267,True,2026-01-07T18:00:00
5703,user_5703,D,61.01,False,2026-01-29T12:00:00
5704,user_5704,A,88.578,True,2026-01-24T06:00:00
5705,user_5705,B,11.896,True,2026-01-05T18:00:00
5706,user_5706,C,98.113,True,2026-01-10T06:00:00
5707,user_5707,B,49.654,True,2026-01-13T13:00:00
5708,user_5708,B,40.264,True,2026-02-05T04:00:00
5709,user_5709,D,75.122,False,2026-01-13T19:00:00
5710,user_5710,C,54.669,False,2026-01-30T03:00:00
5711,user_5711,A,44.553,True,2026-02-05T05:00:00
5712,user_5712,B,3.311,True,2026-01-31T16:00:00
5713,user_5713,D,48.358,True,2026-01-24T04:00:00
5714,user_5714,A,68.212,True,2026-02-08T18:00:00
5715,user_5715,D,44.669,False,2026-01-08T11:00:00
5716,user_5716,A,14.753,False,2026-01-04T17:00:00
5717,user_5717,D,50.648,False,2026-01-20T05:00:00
5718,user_5718,A,11.606,False,2026-02-02T18:00:00
5719,user_5719,B,85.919,True,2026-01-08T13:00:00
5720,user_5720,A,9.418,False,2026-01-21T01:00:00
5721,user_5721,C,19.358,False,2026-02-08T23:00:00
5722,user_5722,B,7.714,False,2026-01-24T10:00:00
5723,user_5723,D,74.95,False,2026-01-31T04:00:00
5724,user_5724,C,82.79,False,2026-01-28T05:00:00
5725,user_5725,A,33.228,False,2026-01-27T02:00:00
5726,user_5726,D,71.917,True,2026-02-07T17:00:00
5727,user_5727,D,98.216,False,2026-02-05T19:00:00
5728,user_5728,D,92.807,True,2026-01-17T16:00:00
5729,user_5729,D,96.573,True,2026-01-25T19:00:00
5730,user_5730,A,22.654,False,2026-01-17T18:00:00
5731,user_5731,C,55.961,True,2026-01-04T12:00:00
5732,user_5732,C,61.47,False,2026-01-21T03:00:00
5733,user_5733,C,25.117,True,2026-02-01T19:00:00
5734,user_5734,A,8.083,True,2026-01-27T12:00:00
5735,user_5735,D,43.75,False,2026-01-27T00:00:00
5736,user_5736,A,90.999,False,2026-01-27T05:00:00
5737,user_5737,B,6.731,True,2026-01-27T15:00:00
5738,user_5738,C,53.045,True,2026-02-09T04:00:00
5739,user_5739,B,75.173,False,2026-01-27T18:00:00
5740,user_5740,B,74.574,True,2026-01-21T01:00:00
5741,user_5741,B,89.474,True,2026-02-04T23:00:00
5742,user_5742,B,25.598,False,2026-01-31T18:00:00
5743,user_5743,C,36.586,True,2026-01-19T01:00:00
5744,user_5744,A,21.72,True,2026-01-28T18:00:00
5745,user_5745,C,91.875,False,2026-01-27T17:00:00
5746,user_5746,D,53.67,True,2026-02-10T17:00:00
5747,user_5747,B,68.064,False,2026-01-19T11:00:00
5748,user_5748,D,35.723,True,2026-01-30T09:00:00
5749,user_5749,B,96.424,True,2026-01-13T06:00:00
5750,user_5750,D,6.508,False,2026-01-18T21:00:00
5751,user_5751,A,4.834,False,2026-01-27T12:00:00
5752,user_5752,B,52.82,True,2026-01-21T04:00:00
5753,user_5753,C,73.074,True,2026-01-12T04:00:00
5754,user_5754,B,30.344,False,2026-01-02T04:00:00
5755,user_5755,A,41.885,False,2026-01-25T12:00:00
5756,user_5756,C,87.212,False,2026-02-09T03:00:00
5757,user_5757,C,43.124,True,2026-01-08T03:00:00
5758,user_5758,A,36.827,True,2026-01-25T18:00:00
5759,user_5759,D,75.843,False,2026-01-17T18:00:00
5760,user_5760,B,86.98,True,2026-02-09T09:00:00
5761,user_5761,B,34.414,False,2026-01-29T10:00:00
5762,user_5762,C,81.766,True,2026-02-01T05:00:00
5763,user_5763,A,50.928,False,2026-01-29T11:00:00
5764,user_5764,D,69.537,False,2026-01-15T20:00:00
5765,user_5765,D,91.133,True,2026-02-03T00:00:00
5766,user_5766,D,41.576,True,2026-02-05T10:00:00
5767,user_5767,B,6.224,True,2026-02-06T00:00:00
5768,user_5768,C,80.371,True,2026-01-06T18:00:00
5769,user_5769,B,7.41,True,2026-01-04T05:00:00
5770,user_5770,A,46.263,True,2026-01-31T05:00:00
5771,user_5771,D,89.61,False,2026-01-09T22:00:00
5772,user_5772,A,21.048,False,2026-01-10T19:00:00
5773,user_5773,C,36.682,True,2026-01-11T22:00:00
5774,user_5774,C,63.806,True,2026-01-08T23:00:00
5775,user_5775,B,62.776,True,2026-01-17T16:00:00
5776,user_5776,A,98.198,True,2026-02-05T22:00:00
5777,user_5777,D,44.271,False,2026-02-06T02:00:00
5778,user_5778,C,16.104,True,2026-01-06T03:00:00
5779,user_5779,A,64.93,False,2026-01-02T14:00:00
5780,user_5780,A,35.113,False,2026-02-03T19:00:00
5781,user_5781,A,81.829,False,2026-01-02T01:00:00
5782,user_5782,A,10.951,True,2026-01-15T11:00:00
5783,user_5783,C,98.905,True,2026-02-07T23:00:00
5784,user_5784,C,25.621,False,2026-02-11T01:00:00
5785,user_5785,B,6.201,True,2026-01-21T09:00:00
5786,user_5786,B,83.48,True,2026-01-12T09:00:00
5787,user_5787,C,74.891,True,2026-01-30T14:00:00
5788,user_5788,A,19.693,True,2026-02-07T12:00:00
5789,user_5789,D,0.893,False,2026-01-26T00:00:00
5790,user_5790,D,99.93,True,2026-01-21T11:00:00
5791,user_5791,B,26.617,True,2026-01-13T11:00:00
5792,user_5792,C,96.827,True,2026-01-06T18:00:00
5793,user_5793,D,49.807,True,2026-01-15T23:00:00
5794,user_5794,D,82.485,True,2026-01-17T09:00:00
5795,user_5795,A,88.184,False,2026-01-03T07:00:00
5796,user_5796,A,14.655,False,2026-01-06T15:00:00
5797,user_5797,D,62.515,True,2026-01-27T04:00:00
5798,user_5798,C,50.09,False,2026-01-21T08:00:00
5799,user_5799,D,16.3,False,2026-01-03T09:00:00
5800,user_5800,C,84.446,True,2026-01-30T08:00:00
5801,user_5801,A,66.989,False,2026-02-09T18:00:00
5802,user_5802,B,47.378,True,2026-02-09T09:00:00
5803,user_5803,C,33.857,True,2026-01-06T18:00:00
5804,user_5804,C,94.264,True,2026-01-05T12:00:00
5805,user_5805,D,61.031,True,2026-02-10T10:00:00
5806,user_5806,D,26.315,True,2026-01-29T22:00:00
5807,user_5807,B,32.765,False,2026-02-07T15:00:00
5808,user_5808,C,53.464,False,2026-01-15T21:00:00
5809,user_5809,B,15.885,False,2026-01-27T22:00:00
5810,user_5810,A,48.016,True,2026-01-18T07:00:00
5811,user_5811,C,7.216,True,2026-01-07T03:00:00
5812,user_5812,A,4.723,True,2026-02-04T10:00:00
5813,user_5813,D,23.38,False,2026-01-25T04:00:00
5814,user_5814,D,37.919,False,2026-02-02T18:00:00
5815,user_5815,B,8.243,False,2026-01-18T14:00:00
5816,user_5816,D,12.301,False,2026-01-04T06:00:00
5817,user_5817,D,9.622,True,2026-02-06T04:00:00
5818,user_5818,A,62.453,False,2026-01-19T23:00:00
5819,user_5819,D,74.96,False,2026-01-12T23:00:00
5820,user_5820,C,95.947,True,2026-01-06T22:00:00
5821,user_5821,A,27.65,True,2026-01-21T03:00:00
5822,user_5822,C,99.204,True,2026-01-28T14:00:00
5823,user_5823,C,15.199,True,2026-02-06T15:00:00
5824,user_5824,B,67.566,True,2026-01-28T10:00:00
5825,user_5825,D,21.568,False,2026-01-05T22:00:00
5826,user_5826,B,73.72,False,2026-01-29T15:00:00
5827,user_5827,D,42.916,True,2026-01-23T15:00:00
5828,user_5828,A,36.669,True,2026-01-23T18:00:00
5829,user_5829,B,93.654,False,2026-01-04T18:00:00
5830,user_5830,D,30.968,False,2026-01-28T04:00:00
5831,user_5831,A,81.922,False,2026-02-06T15:00:00
5832,user_5832,D,99.621,False,2026-01-06T17:00:00
5833,user_5833,A,2.017,True,2026-01-10T08:00:00
5834,user_5834,A,93.8,True,2026-01-22T10:00:00
5835,user_5835,D,11.651,False,2026-02-08T03:00:00
5836,user_5836,D,81.054,True,2026-01-30T06:00:00
5837,user_5837,B,13.62,False,2026-02-09T21:00:00
5838,user_5838,D,45.654,False,2026-01-13T09:00:00
5839,user_5839,D,65.27,False,2026-02-01T10:00:00
5840,user_5840,B,92.316,False,2026-01-01T01:00:00
5841,user_5841,C,49.315,True,2026-02-10T02:00:00
5842,user_5842,B,32.032,True,2026-02-01T11:00:00
5843,user_5843,A,69.057,True,2026-02-04T07:00:00
5844,user_5844,D,52.796,True,2026-01-18T05:00:00
5845,user_5845,B,44.463,False,2026-01-22T15:00:00
5846,user_5846,B,88.734,False,2026-01-18T07:00:00
5847,user_5847,D,37.724,False,2026-02-09T15:00:00
5848,user_5848,D,6.813,True,2026-02-09T04:00:00
5849,user_5849,D,91.944,True,2026-01-13T14:00:00
5850,user_5850,C,49.703,True,2026-01-24T03:00:00
5851,user_5851,B,9.377,False,2026-01-11T21:00:00
5852,user_5852,C,5.938,True,2026-02-02T12:00:00
5853,user_5853,D,47.798,False,2026-01-14T21:00:00
5854,user_5854,C,13.104,True,2026-01-29T17:00:00
5855,user_5855,A,26.789,False,2026-01-25T09:00:00
5856,user_5856,D,67.573,False,2026-02-04T13:00:00
5857,user_5857,C,30.807,True,2026-01-23T04:00:00
5858,user_5858,D,58.944,False,2026-01-05T01:00:00
5859,user_5859,A,69.738,False,2026-01-28T19:00:00
5860,user_5860,D,38.171,True,2026-01-26T08:00:00
5861,user_5861,D,39.999,False,2026-01-27T07:00:00
5862,user_5862,D,5.577,False,2026-01-29T23:00:00
5863,user_5863,C,30.339,True,2026-01-12T09:00:00
5864,user_5864,C,90.173,True,2026-02-02T02:00:00
5865,user_5865,B,98.588,True,2026-01-27T16:00:00
5866,user_5866,C,64.833,False,2026-01-12T14:00:00
5867,user_5867,D,80.647,True,2026-01-11T18:00:00
5868,user_5868,C,36.413,False,2026-01-15T04:00:00
5869,user_5869,A,16.276,True,2026-02-06T17:00:00
5870,user_5870,B,41.864,True,2026-02-05T20:00:00
5871,user_5871,B,4.708,True,2026-01-14T16:00:00
5872,user_5872,D,47.613,False,2026-02-09T11:00:00
5873,user_5873,B,46.816,True,2026-01-27T16:00:00
5874,user_5874,B,10.594,True,2026-02-01T18:00:00
5875,user_5875,D,42.089,True,2026-01-04T06:00:00
5876,user_5876,B,10.205,False,2026-02-11T01:00:00
5877,user_5877,A,66.455,False,2026-01-19T22:00:00
5878,user_5878,B,25.297,True,2026-02-02T05:00:00
5879,user_5879,C,96.741,True,2026-01-06T15:00:00
5880,user_5880,D,12.449,False,2026-02-06T14:00:00
5881,user_5881,A,59.096,True,2026-02-10T00:00:00
5882,user_5882,B,10.838,True,2026-01-12T07:00:00
5883,user_5883,C,39.145,True,2026-02-02T14:00:00
5884,user_5884,C,69.085,False,2026-01-17T02:00:00
5885,user_5885,B,53.253,True,2026-01-09T12:00:00
5886,user_5886,A,41.833,True,2026-01-18T06:00:00
5887,user_5887,D,88.163,True,2026-01-10T21:00:00
5888,user_5888,C,37.587,False,2026-01-18T01:00:00
5889,user_5889,C,90.66,True,2026-02-07T11:00:00
5890,user_5890,D,52.335,False,2026-01-18T09:00:00
5891,user_5891,D,21.438,False,2026-01-27T18:00:00
5892,user_5892,B,42.746,False,2026-02-04T02:00:00
5893,user_5893,B,27.812,False,2026-02-11T01:00:00
5894,user_5894,A,51.683,False,2026-01-02T05:00:00
5895,user_5895,A,6.011,False,2026-01-16T08:00:00
5896,user_5896,B,49.4,False,2026-01-12T07:00:00
5897,user_5897,B,50.988,False,2026-01-11T12:00:00
5898,user_5898,C,75.29,False,2026-01-25T09:00:00
5899,user_5899,A,7.839,False,2026-01-07T04:00:00
5900,user_5900,A,68.972,False,2026-01-26T04:00:00
5901,user_5901,A,20.338,False,2026-01-11T04:00:00
5902,user_5902,B,38.219,False,2026-01-02T23:00:00
5903,user_5903,C,50.53,True,2026-01-25T03:00:00
5904,user_5904,A,60.154,False,2026-01-16T17:00:00
5905,user_5905,A,56.118,False,2026-02-03T11:00:00
5906,user_5906,C,98.933,False,2026-01-22T19:00:00
5907,user_5907,A,12.408,True,2026-01-02T17:00:00
5908,user_5908,D,23.924,False,2026-01-26T17:00:00
5909,user_5909,C,91.639,False,2026-02-09T21:00:00
5910,user_5910,C,49.075,False,2026-01-23T10:00:00
5911,user_5911,D,56.696,True,2026-01-12T16:00:00
5912,user_5912,A,13.806,True,2026-01-11T08:00:00
5913,user_5913,A,98.317,False,2026-01-24T21:00:00
5914,user_5914,A,68.63,False,2026-01-09T11:00:00
5915,user_5915,D,68.407,True,2026-01-12T20:00:00
5916,user_5916,A,68.088,False,2026-01-30T23:00:00
5917,user_5917,B,12.383,True,2026-01-20T05:00:00
5918,user_5918,A,68.747,False,2026-02-07T20:00:00
5919,user_5919,C,17.638,False,2026-02-04T05:00:00
5920,user_5920,A,60.888,True,2026-02-03T03:00:00
5921,user_5921,C,33.418,True,2026-02-05T09:00:00
5922,user_5922,C,13.708,False,2026-01-28T02:00:00
5923,user_5923,C,4.82,False,2026-01-19T00:00:00
5924,user_5924,C,78.936,True,2026-01-14T04:00:00
5925,user_5925,C,1.22,False,2026-01-01T15:00:00
5926,user_5926,D,29.823,True,2026-01-06T01:00:00
5927,user_5927,A,26.013,False,2026-01-12T18:00:00
5928,user_5928,B,27.259,False,2026-01-14T06:00:00
5929,user_5929,C,21.292,True,2026-02-02T16:00:00
5930,user_5930,C,57.83,True,2026-02-11T02:00:00
5931,user_5931,C,46.452,False,2026-01-08T07:00:00
5932,user_5932,A,5.56,True,2026-02-06T06:00:00
5933,user_5933,A,57.191,True,2026-01-02T20:00:00
5934,user_5934,C,28.206,False,2026-01-01T05:00:00
5935,user_5935,D,28.648,False,2026-01-04T07:00:00
5936,user_5936,A,21.425,True,2026-01-23T13:00:00
5937,user_5937,A,64.393,False,2026-01-18T15:00:00
5938,user_5938,C,97.188,False,2026-02-04T15:00:00
5939,user_5939,D,41.502,False,2026-01-04T17:00:00
5940,user_5940,B,65.601,True,2026-01-28T15:00:00
5941,user_5941,B,21.611,False,2026-01-09T20:00:00
5942,user_5942,D,18.923,False,2026-01-13T09:00:00
5943,user_5943,B,79.881,False,2026-01-20T13:00:00
5944,user_5944,A,85.393,True,2026-01-03T05:00:00
5945,user_5945,D,63.458,True,2026-01-06T12:00:00
5946,user_5946,C,23.288,True,2026-02-10T14:00:00
5947,user_5947,D,15.55,True,2026-02-01T16:00:00
5948,user_5948,A,52.988,False,2026-01-13T11:00:00
5949,user_5949,C,66.849,False,2026-01-18T19:00:00
5950,user_5950,D,45.048,False,2026-01-28T14:00:00
5951,user_5951,B,22.516,False,2026-01-26T20:00:00
5952,user_5952,C,91.834,True,2026-01-07T10:00:00
5953,user_5953,D,37.146,False,2026-01-20T11:00:00
5954,user_5954,D,72.649,True,2026-01-19T01:00:00
5955,user_5955,A,0.481,False,2026-01-19T02:00:00
5956,user_5956,D,38.838,True,2026-01-24T10:00:00
5957,user_5957,B,83.5,False,2026-01-28T01:00:00
5958,user_5958,C,79.818,True,2026-01-06T16:00:00
5959,user_5959,B,68.457,True,2026-02-10T16:00:00
5960,user_5960,D,93.74,False,2026-01-06T05:00:00
5961,user_5961,A,96.606,True,2026-01-04T13:00:00
5962,user_5962,B,7.741,False,2026-01-25T09:00:00
5963,user_5963,B,56.371,False,2026-01-03T08:00:00
5964,user_5964,D,76.957,False,2026-02-03T18:00:00
5965,user_5965,B,2.193,True,2026-01-13T22:00:00
5966,user_5966,C,27.701,False,2026-01-11T20:00:00
5967,user_5967,A,32.35,True,2026-01-10T01:00:00
5968,user_5968,C,82.133,True,2026-01-05T22:00:00
5969,user_5969,A,25.889,True,2026-01-29T15:00:00
5970,user_5970,D,0.038,False,2026-02-05T20:00:00
5971,user_5971,D,94.569,True,2026-01-29T03:00:00
5972,user_5972,B,32.627,True,2026-01-24T01:00:00
5973,user_5973,A,9.466,False,2026-01-26T20:00:00
5974,user_5974,B,78.131,False,2026-02-01T07:00:00
5975,user_5975,A,55.533,True,2026-01-14T19:00:00
5976,user_5976,D,98.021,True,2026-01-22T21:00:00
5977,user_5977,D,34.989,True,2026-01-05T02:00:00
5978,user_5978,B,41.141,True,2026-01-22T21:00:00
5979,user_5979,D,42.53,False,2026-01-24T13:00:00
5980,user_5980,C,69.116,False,2026-01-18T07:00:00
5981,user_5981,B,91.184,False,2026-01-06T18:00:00
5982,user_5982,C,29.22,False,2026-01-13T18:00:00
5983,user_5983,A,5.661,False,2026-01-12T21:00:00
5984,user_5984,D,46.376,False,2026-01-30T04:00:00
5985,user_5985,C,95.891,True,2026-01-06T21:00:00
5986,user_5986,D,73.37,True,2026-02-07T18:00:00
5987,user_5987,B,45.972,True,2026-01-29T13:00:00
5988,user_5988,C,47.103,False,2026-01-17T21:00:00
5989,user_5989,D,49.405,False,2026-01-12T12:00:00
5990,user_5990,D,35.954,True,2026-02-07T17:00:00
5991,user_5991,A,8.353,False,2026-01-20T07:00:00
5992,user_5992,A,64.23,False,2026-01-09T13:00:00
5993,user_5993,D,47.599,False,2026-01-21T09:00:00
5994,user_5994,A,69.391,True,2026-01-17T14:00:00
5995,user_5995,A,28.549,True,2026-01-12T21:00:00
5996,user_5996,A,80.823,True,2026-02-03T19:00:00
5997,user_5997,A,93.911,False,2026-01-08T06:00:00
5998,user_5998,A,37.833,True,2026-02-07T15:00:00
5999,user_5999,B,46.217,True,2026-01-21T07:00:00
6000,user_6000,D,2.189,False,2026-01-09T02:00:00
6001,user_6001,A,44.663,True,2026-01-27T21:00:00
6002,user_6002,C,18.083,False,2026-02-01T17:00:00
6003,user_6003,D,68.952,False,2026-01-31T18:00:00
6004,user_6004,D,13.102,True,2026-01-07T03:00:00
6005,user_6005,A,3.465,False,2026-01-01T16:00:00
6006,user_6006,D,77.124,False,2026-01-05T15:00:00
6007,user_6007,B,51.819,True,2026-01-27T07:00:00
6008,user_6008,A,85.265,False,2026-02-06T06:00:00
6009,user_6009,A,22.557,False,2026-01-07T11:00:00
6010,user_6010,A,8.816,False,2026-02-04T07:00:00
6011,user_6011,D,79.525,True,2026-02-09T10:00:00
6012,user_6012,B,36.479,False,2026-01-29T11:00:00
6013,user_6013,C,87.05,False,2026-01-30T12:00:00
6014,user_6014,A,35.443,False,2026-01-04T20:00:00
6015,user_6015,A,63.676,False,2026-01-20T13:00:00
6016,user_6016,D,0.596,False,2026-02-03T08:00:00
6017,user_6017,A,40.733,False,2026-01-06T14:00:00
6018,user_6018,A,34.716,True,2026-01-16T08:00:00
6019,user_6019,C,98.31,True,2026-02-09T02:00:00
6020,user_6020,A,65.634,True,2026-02-03T01:00:00
6021,user_6021,B,42.511,True,2026-01-19T23:00:00
6022,user_6022,A,74.152,True,2026-01-13T19:00:00
6023,user_6023,B,68.342,True,2026-02-09T08:00:00
6024,user_6024,C,82.672,True,2026-02-02T23:00:00
6025,user_6025,C,31.836,True,2026-01-26T17:00:00
6026,user_6026,A,57.519,False,2026-02-08T13:00:00
6027,user_6027,D,33.463,False,2026-01-29T03:00:00
6028,user_6028,D,39.892,False,2026-01-31T13:00:00
6029,user_6029,B,54.603,True,2026-01-11T12:00:00
6030,user_6030,A,29.305,True,2026-01-15T05:00:00
6031,user_6031,A,1.649,True,2026-02-05T15:00:00
6032,user_6032,B,94.874,True,2026-01-30T13:00:00
6033,user_6033,C,45.293,True,2026-01-22T22:00:00
6034,user_6034,A,45.219,True,2026-01-02T05:00:00
6035,user_6035,C,4.522,True,2026-01-22T04:00:00
6036,user_6036,B,25.994,False,2026-01-08T23:00:00
6037,user_6037,A,51.454,True,2026-01-31T20:00:00
6038,user_6038,D,44.358,False,2026-01-23T07:00:00
6039,user_6039,C,54.944,True,2026-01-14T18:00:00
6040,user_6040,C,25.372,False,2026-02-09T02:00:00
6041,user_6041,C,56.614,False,2026-01-01T06:00:00
6042,user_6042,D,32.426,True,2026-01-19T06:00:00
6043,user_6043,C,56.634,True,2026-01-22T03:00:00
6044,user_6044,A,4.931,False,2026-01-26T01:00:00
6045,user_6045,B,20.7,False,2026-02-01T16:00:00
6046,user_6046,C,42.427,False,2026-01-23T05:00:00
6047,user_6047,B,65.557,False,2026-01-12T03:00:00
6048,user_6048,D,33.685,True,2026-01-08T04:00:00
6049,user_6049,A,66.531,False,2026-01-18T22:00:00
6050,user_6050,B,34.765,True,2026-02-01T01:00:00
6051,user_6051,D,89.797,False,2026-01-06T09:00:00
6052,user_6052,B,92.58,True,2026-02-01T04:00:00
6053,user_6053,A,18.285,True,2026-02-05T08:00:00
6054,user_6054,B,99.5,True,2026-01-11T12:00:00
6055,user_6055,A,70.616,True,2026-01-02T08:00:00
6056,user_6056,C,66.719,True,2026-01-12T05:00:00
6057,user_6057,B,35.759,True,2026-02-01T11:00:00
6058,user_6058,B,40.098,True,2026-01-27T08:00:00
6059,user_6059,D,65.276,True,2026-01-24T05:00:00
6060,user_6060,A,4.546,True,2026-01-04T11:00:00
6061,user_6061,C,71.332,False,2026-01-23T07:00:00
6062,user_6062,D,0.975,True,2026-01-05T18:00:00
6063,user_6063,A,56.714,True,2026-01-14T15:00:00
6064,user_6064,C,95.372,False,2026-01-27T23:00:00
6065,user_6065,D,23.696,False,2026-01-02T06:00:00
6066,user_6066,C,77.979,True,2026-01-20T13:00:00
6067,user_6067,B,74.154,False,2026-01-08T22:00:00
6068,user_6068,D,47.024,True,2026-01-05T19:00:00
6069,user_6069,A,82.28,True,2026-01-09T19:00:00
6070,user_6070,C,3.207,False,2026-02-11T07:00:00
6071,user_6071,C,41.903,True,2026-01-03T00:00:00
6072,user_6072,B,99.569,True,2026-02-07T13:00:00
6073,user_6073,D,51.821,True,2026-01-02T06:00:00
6074,user_6074,B,41.972,True,2026-02-06T09:00:00
6075,user_6075,D,4.116,False,2026-01-11T02:00:00
6076,user_6076,A,35.475,True,2026-01-06T23:00:00
6077,user_6077,A,52.646,False,2026-02-07T04:00:00
6078,user_6078,B,40.254,True,2026-01-11T00:00:00
6079,user_6079,B,58.528,True,2026-02-09T11:00:00
6080,user_6080,C,29.605,False,2026-01-24T19:00:00
6081,user_6081,A,24.06,True,2026-02-06T18:00:00
6082,user_6082,A,15.494,False,2026-01-23T10:00:00
6083,user_6083,B,67.759,False,2026-01-03T06:00:00
6084,user_6084,C,50.873,True,2026-01-14T05:00:00
6085,user_6085,A,89.863,False,2026-01-27T12:00:00
6086,user_6086,C,35.877,True,2026-01-04T16:00:00
6087,user_6087,D,77.352,True,2026-01-02T14:00:00
6088,user_6088,B,67.674,True,2026-02-04T11:00:00
6089,user_6089,B,87.122,False,2026-01-03T00:00:00
6090,user_6090,B,63.537,False,2026-01-10T14:00:00
6091,user_6091,D,53.605,False,2026-01-06T18:00:00
6092,user_6092,B,47.945,False,2026-01-10T04:00:00
6093,user_6093,C,39.432,False,2026-01-10T15:00:00
6094,user_6094,A,24.511,True,2026-01-14T13:00:00
6095,user_6095,C,65.757,False,2026-01-23T23:00:00
6096,user_6096,A,94.611,False,2026-01-28T12:00:00
6097,user_6097,D,81.537,True,2026-01-30T02:00:00
6098,user_6098,B,20.395,True,2026-01-23T13:00:00
6099,user_6099,C,39.149,False,2026-01-24T03:00:00
6100,user_6100,B,99.766,False,2026-01-12T20:00:00
6101,user_6101,D,18.379,True,2026-01-30T19:00:00
6102,user_6102,D,43.641,True,2026-01-31T14:00:00
6103,user_6103,A,75.484,True,2026-01-09T04:00:00
6104,user_6104,B,95.79,False,2026-01-15T11:00:00
6105,user_6105,B,1.575,True,2026-01-20T16:00:00
6106,user_6106,C,35.266,False,2026-01-31T21:00:00
6107,user_6107,C,60.34,True,2026-01-10T01:00:00
6108,user_6108,C,13.448,True,2026-01-11T21:00:00
6109,user_6109,A,82.278,False,2026-01-03T15:00:00
6110,user_6110,C,10.675,False,2026-01-29T12:00:00
6111,user_6111,C,54.035,True,2026-01-25T10:00:00
6112,user_6112,B,39.999,False,2026-01-28T06:00:00
6113,user_6113,B,62.212,True,2026-01-04T04:00:00
6114,user_6114,C,41.01,True,2026-01-14T10:00:00
6115,user_6115,C,45.252,False,2026-01-12T05:00:00
6116,user_6116,D,86.921,False,2026-02-11T04:00:00
6117,user_6117,D,19.951,False,2026-01-07T06:00:00
6118,user_6118,A,42.47,False,2026-01-17T06:00:00
6119,user_6119,C,81.705,False,2026-01-26T21:00:00
6120,user_6120,D,46.557,True,2026-01-24T10:00:00
6121,user_6121,D,74.256,True,2026-02-08T17:00:00
6122,user_6122,B,46.498,True,2026-02-02T03:00:00
6123,user_6123,B,99.944,False,2026-01-26T15:00:00
6124,user_6124,A,28.654,True,2026-02-05T03:00:00
6125,user_6125,B,59.688,True,2026-01-12T07:00:00
6126,user_6126,A,66.533,False,2026-01-12T02:00:00
6127,user_6127,D,37.977,False,2026-01-23T03:00:00
6128,user_6128,C,30.993,True,2026-01-21T08:00:00
6129,user_6129,B,82.692,False,2026-01-29T10:00:00
6130,user_6130,B,95.606,False,2026-02-06T02:00:00
6131,user_6131,B,62.736,False,2026-01-13T13:00:00
6132,user_6132,B,94.826,True,2026-01-28T22:00:00
6133,user_6133,A,1.19,True,2026-01-04T01:00:00
6134,user_6134,B,98.827,True,2026-01-21T12:00:00
6135,user_6135,C,14.606,True,2026-02-07T22:00:00
6136,user_6136,B,63.887,True,2026-02-07T22:00:00
6137,user_6137,A,85.719,False,2026-01-02T05:00:00
6138,user_6138,B,6.012,False,2026-01-27T14:00:00
6139,user_6139,A,97.913,True,2026-02-09T19:00:00
6140,user_6140,A,59.159,False,2026-01-27T13:00:00
6141,user_6141,D,30.073,True,2026-01-20T18:00:00
6142,user_6142,D,98.049,False,2026-01-12T06:00:00
6143,user_6143,A,11.269,False,2026-01-06T15:00:00
6144,user_6144,A,1.998,False,2026-02-10T13:00:00
6145,user_6145,C,70.662,False,2026-02-10T03:00:00
6146,user_6146,D,27.983,True,2026-02-06T05:00:00
6147,user_6147,B,16.732,False,2026-02-03T21:00:00
6148,user_6148,D,8.513,True,2026-02-01T21:00:00
6149,user_6149,B,94.298,False,2026-01-23T10:00:00
6150,user_6150,A,28.623,True,2026-01-16T07:00:00
6151,user_6151,D,54.696,True,2026-01-02T21:00:00
6152,user_6152,D,78.371,False,2026-01-07T22:00:00
6153,user_6153,D,89.092,False,2026-02-07T21:00:00
6154,user_6154,D,9.848,False,2026-01-23T22:00:00
6155,user_6155,D,8.949,False,2026-02-05T06:00:00
6156,user_6156,B,67.702,True,2026-01-13T13:00:00
6157,user_6157,A,94.683,True,2026-01-25T16:00:00
6158,user_6158,C,67.871,True,2026-01-12T05:00:00
6159,user_6159,A,66.093,False,2026-02-10T14:00:00
6160,user_6160,C,87.193,False,2026-01-24T10:00:00
6161,user_6161,D,77.619,True,2026-01-15T15:00:00
6162,user_6162,B,1.473,True,2026-01-15T23:00:00
6163,user_6163,B,50.769,True,2026-01-05T01:00:00
6164,user_6164,B,6.24,True,2026-01-15T12:00:00
6165,user_6165,D,55.976,True,2026-01-17T17:00:00
6166,user_6166,B,58.553,True,2026-01-06T12:00:00
6167,user_6167,B,36.748,True,2026-01-13T18:00:00
6168,user_6168,C,11.944,True,2026-01-17T08:00:00
6169,user_6169,C,8.251,True,2026-01-02T11:00:00
6170,user_6170,B,30.003,True,2026-01-03T01:00:00
6171,user_6171,B,92.283,False,2026-01-01T11:00:00
6172,user_6172,B,88.294,True,2026-01-25T08:00:00
6173,user_6173,B,6.98,True,2026-01-16T21:00:00
6174,user_6174,A,13.754,False,2026-01-06T17:00:00
6175,user_6175,B,38.061,False,2026-02-07T22:00:00
6176,user_6176,C,3.508,True,2026-02-11T14:00:00
6177,user_6177,A,51.788,True,2026-01-21T13:00:00
6178,user_6178,B,43.177,True,2026-01-24T20:00:00
6179,user_6179,B,52.815,False,2026-01-19T21:00:00
6180,user_6180,A,54.041,True,2026-02-02T01:00:00
6181,user_6181,B,49.528,True,2026-01-22T23:00:00
6182,user_6182,A,36.318,False,2026-01-02T06:00:00
6183,user_6183,A,83.907,False,2026-02-10T00:00:00
6184,user_6184,B,56.282,True,2026-01-29T12:00:00
6185,user_6185,D,53.705,False,2026-01-21T09:00:00
6186,user_6186,B,68.21,True,2026-02-04T06:00:00
6187,user_6187,C,73.402,True,2026-01-07T13:00:00
6188,user_6188,C,60.521,True,2026-01-16T22:00:00
6189,user_6189,B,69.43,True,2026-01-17T23:00:00
6190,user_6190,D,73.6,False,2026-01-30T23:00:00
6191,user_6191,C,41.619,True,2026-01-13T00:00:00
6192,user_6192,B,74.778,False,2026-01-21T12:00:00
6193,user_6193,B,86.924,False,2026-01-17T23:00:00
6194,user_6194,A,4.015,False,2026-01-18T22:00:00
6195,user_6195,B,55.364,False,2026-01-24T02:00:00
6196,user_6196,B,4.528,False,2026-01-18T19:00:00
6197,user_6197,A,33.09,False,2026-01-29T07:00:00
6198,user_6198,A,0.24,True,2026-01-08T12:00:00
6199,user_6199,C,10.943,True,2026-01-26T12:00:00
6200,user_6200,D,53.586,True,2026-01-21T13:00:00
6201,user_6201,A,65.029,True,2026-01-28T08:00:00
6202,user_6202,A,57.64,True,2026-01-10T20:00:00
6203,user_6203,A,22.248,True,2026-01-22T04:00:00
6204,user_6204,D,28.997,True,2026-01-21T18:00:00
6205,user_6205,C,30.494,True,2026-01-17T18:00:00
6206,user_6206,A,76.839,False,2026-01-06T23:00:00
6207,user_6207,B,89.097,False,2026-01-27T17:00:00
6208,user_6208,A,28.413,False,2026-01-23T04:00:00
6209,user_6209,B,37.136,False,2026-01-27T14:00:00
6210,user_6210,C,5.551,False,2026-01-09T21:00:00
6211,user_6211,D,60.623,True,2026-01-19T11:00:00
6212,user_6212,D,78.869,False,2026-02-04T01:00:00
6213,user_6213,D,93.661,True,2026-01-02T11:00:00
6214,user_6214,D,35.95,True,2026-02-10T14:00:00
6215,user_6215,C,78.458,True,2026-01-18T12:00:00
6216,user_6216,A,56.343,True,2026-01-29T01:00:00
6217,user_6217,A,4.46,False,2026-01-16T15:00:00
6218,user_6218,C,36.522,False,2026-01-31T09:00:00
6219,user_6219,C,51.957,False,2026-01-03T06:00:00
6220,user_6220,B,96.524,False,2026-01-01T22:00:00
6221,user_6221,D,62.607,False,2026-01-27T16:00:00
6222,user_6222,D,84.151,False,2026-01-04T21:00:00
6223,user_6223,A,72.254,False,2026-01-15T16:00:00
6224,user_6224,A,83.915,False,2026-02-03T22:00:00
6225,user_6225,A,8.219,True,2026-02-05T20:00:00
6226,user_6226,D,53.425,False,2026-02-04T21:00:00
6227,user_6227,A,19.972,True,2026-01-29T02:00:00
6228,user_6228,C,69.956,False,2026-01-31T08:00:00
6229,user_6229,D,93.811,False,2026-02-01T12:00:00
6230,user_6230,C,24.339,True,2026-01-21T19:00:00
6231,user_6231,D,4.635,False,2026-01-22T02:00:00
6232,user_6232,D,63.752,True,2026-01-15T10:00:00
6233,user_6233,D,65.588,False,2026-01-27T09:00:00
6234,user_6234,D,16.008,False,2026-01-14T11:00:00
6235,user_6235,B,39.543,True,2026-01-30T08:00:00
6236,user_6236,C,47.475,False,2026-01-25T00:00:00
6237,user_6237,D,3.031,False,2026-01-22T10:00:00
6238,user_6238,C,96.972,True,2026-02-03T13:00:00
6239,user_6239,C,11.219,False,2026-01-27T23:00:00
6240,user_6240,A,3.08,True,2026-01-25T00:00:00
6241,user_6241,B,18.71,True,2026-01-17T04:00:00
6242,user_6242,B,48.161,True,2026-02-01T15:00:00
6243,user_6243,B,59.298,False,2026-01-17T13:00:00
6244,user_6244,C,81.874,True,2026-01-27T16:00:00
6245,user_6245,A,19.585,True,2026-02-08T19:00:00
6246,user_6246,D,85.05,True,2026-02-02T18:00:00
6247,user_6247,D,71.517,False,2026-01-26T04:00:00
6248,user_6248,B,44.282,True,2026-02-09T16:00:00
6249,user_6249,D,71.631,False,2026-01-30T06:00:00
6250,user_6250,D,72.899,False,2026-02-10T09:00:00
6251,user_6251,A,97.686,False,2026-01-09T16:00:00
6252,user_6252,B,89.643,True,2026-02-08T05:00:00
6253,user_6253,C,72.618,True,2026-01-29T15:00:00
6254,user_6254,A,37.65,True,2026-01-10T22:00:00
6255,user_6255,A,38.104,False,2026-01-16T11:00:00
6256,user_6256,B,71.547,False,2026-01-01T01:00:00
6257,user_6257,A,78.629,False,2026-02-01T10:00:00
6258,user_6258,C,22.011,False,2026-01-25T20:00:00
6259,user_6259,A,92.083,False,2026-02-02T09:00:00
6260,user_6260,C,14.02,True,2026-01-05T15:00:00
6261,user_6261,C,41.713,False,2026-02-05T18:00:00
6262,user_6262,D,64.966,False,2026-01-10T10:00:00
6263,user_6263,B,29.818,False,2026-01-29T08:00:00
6264,user_6264,D,49.978,True,2026-01-14T10:00:00
6265,user_6265,D,42.387,True,2026-01-12T00:00:00
6266,user_6266,D,50.838,False,2026-01-08T04:00:00
6267,user_6267,C,47.464,False,2026-02-06T10:00:00
6268,user_6268,B,78.824,False,2026-01-09T09:00:00
6269,user_6269,D,61.224,True,2026-02-11T13:00:00
6270,user_6270,A,88.077,True,2026-02-03T13:00:00
6271,user_6271,D,89.028,True,2026-01-13T06:00:00
6272,user_6272,A,80.428,True,2026-02-09T01:00:00
6273,user_6273,A,23.007,False,2026-02-08T12:00:00
6274,user_6274,A,78.876,True,2026-01-08T20:00:00
6275,user_6275,B,54.334,False,2026-02-07T20:00:00
6276,user_6276,B,92.79,False,2026-01-31T09:00:00
6277,user_6277,B,26.188,True,2026-02-09T17:00:00
6278,user_6278,D,69.909,False,2026-02-09T00:00:00
6279,user_6279,B,28.604,False,2026-01-20T16:00:00
6280,user_6280,C,76.176,True,2026-01-28T12:00:00
6281,user_6281,A,19.449,True,2026-01-01T18:00:00
6282,user_6282,B,42.425,True,2026-01-10T11:00:00
6283,user_6283,C,47.764,False,2026-01-14T14:00:00
6284,user_6284,A,13.394,True,2026-01-16T14:00:00
6285,user_6285,A,99.471,True,2026-01-04T00:00:00
6286,user_6286,B,52.857,False,2026-01-23T21:00:00
6287,user_6287,C,9.578,False,2026-01-13T22:00:00
6288,user_6288,D,5.571,True,2026-01-14T13:00:00
6289,user_6289,B,74.485,False,2026-01-23T12:00:00
6290,user_6290,D,34.215,True,2026-01-08T00:00:00
6291,user_6291,C,2.438,True,2026-01-04T19:00:00
6292,user_6292,C,65.627,False,2026-01-11T20:00:00
6293,user_6293,C,67.668,True,2026-01-04T13:00:00
6294,user_6294,D,54.831,True,2026-02-06T04:00:00
6295,user_6295,C,40.24,True,2026-01-24T01:00:00
6296,user_6296,B,67.961,True,2026-01-18T01:00:00
6297,user_6297,A,20.725,True,2026-02-11T11:00:00
6298,user_6298,D,79.919,True,2026-01-15T18:00:00
6299,user_6299,B,9.14,False,2026-01-11T04:00:00
6300,user_6300,B,28.682,False,2026-01-06T02:00:00
6301,user_6301,B,48.33,True,2026-01-15T12:00:00
6302,user_6302,C,12.04,True,2026-02-05T04:00:00
6303,user_6303,D,70.626,False,2026-02-03T08:00:00
6304,user_6304,C,82.705,True,2026-01-27T20:00:00
6305,user_6305,C,89.046,False,2026-02-07T23:00:00
6306,user_6306,D,9.32,True,2026-01-27T04:00:00
6307,user_6307,B,65.213,False,2026-02-06T02:00:00
6308,user_6308,D,42.425,False,2026-01-06T01:00:00
6309,user_6309,A,21.535,False,2026-02-06T17:00:00
6310,user_6310,B,91.699,True,2026-01-11T10:00:00
6311,user_6311,A,78.504,False,2026-01-16T10:00:00
6312,user_6312,D,42.365,True,2026-01-16T11:00:00
6313,user_6313,A,58.834,False,2026-02-02T10:00:00
6314,user_6314,A,56.327,False,2026-01-16T21:00:00
6315,user_6315,D,68.546,False,2026-01-02T03:00:00
6316,user_6316,B,84.769,True,2026-02-07T00:00:00
6317,user_6317,A,67.722,True,2026-01-31T18:00:00
6318,user_6318,A,76.052,False,2026-01-15T21:00:00
6319,user_6319,C,16.378,False,2026-01-06T19:00:00
6320,user_6320,C,43.873,True,2026-01-15T05:00:00
6321,user_6321,D,92.332,False,2026-01-20T12:00:00
6322,user_6322,B,73.281,True,2026-02-04T15:00:00
6323,user_6323,A,46.375,True,2026-01-10T00:00:00
6324,user_6324,B,63.609,True,2026-01-12T14:00:00
6325,user_6325,D,28.124,True,2026-01-06T13:00:00
6326,user_6326,B,1.639,False,2026-01-19T01:00:00
6327,user_6327,A,3.005,True,2026-02-04T04:00:00
6328,user_6328,D,19.145,False,2026-01-21T07:00:00
6329,user_6329,D,36.162,False,2026-02-01T07:00:00
6330,user_6330,A,92.83,True,2026-01-08T20:00:00
6331,user_6331,C,89.156,True,2026-02-10T20:00:00
6332,user_6332,D,8.482,False,2026-01-22T18:00:00
6333,user_6333,D,7.804,False,2026-01-01T15:00:00
6334,user_6334,D,26.498,True,2026-01-15T04:00:00
6335,user_6335,B,66.874,False,2026-01-02T13:00:00
6336,user_6336,C,23.121,True,2026-02-06T04:00:00
6337,user_6337,B,79.419,False,2026-01-16T14:00:00
6338,user_6338,D,24.818,True,2026-02-07T11:00:00
6339,user_6339,C,22.007,True,2026-01-11T05:00:00
6340,user_6340,B,11.192,False,2026-01-27T15:00:00
6341,user_6341,C,70.561,False,2026-01-19T13:00:00
6342,user_6342,D,5.367,False,2026-01-11T08:00:00
6343,user_6343,D,4.952,False,2026-01-14T12:00:00
6344,user_6344,A,6.582,False,2026-01-24T11:00:00
6345,user_6345,A,25.453,False,2026-01-04T13:00:00
6346,user_6346,C,71.394,False,2026-01-01T12:00:00
6347,user_6347,B,77.71,True,2026-01-18T21:00:00
6348,user_6348,B,13.635,True,2026-01-11T06:00:00
6349,user_6349,A,84.446,True,2026-01-23T21:00:00
6350,user_6350,D,83.102,False,2026-01-28T06:00:00
6351,user_6351,B,38.312,True,2026-01-20T06:00:00
6352,user_6352,C,23.71,False,2026-01-28T04:00:00
6353,user_6353,B,48.651,True,2026-01-30T21:00:00
6354,user_6354,C,25.181,True,2026-02-08T07:00:00
6355,user_6355,A,32.25,True,2026-01-04T16:00:00
6356,user_6356,C,18.87,False,2026-01-23T18:00:00
6357,user_6357,B,79.986,False,2026-01-31T04:00:00
6358,user_6358,B,63.853,True,2026-01-03T08:00:00
6359,user_6359,D,14.015,True,2026-02-04T05:00:00
6360,user_6360,D,58.66,False,2026-01-22T02:00:00
6361,user_6361,C,39.429,False,2026-01-10T07:00:00
6362,user_6362,C,94.826,True,2026-02-05T20:00:00
6363,user_6363,C,94.366,True,2026-01-31T01:00:00
6364,user_6364,B,58.049,False,2026-01-11T00:00:00
6365,user_6365,D,83.17,False,2026-01-05T17:00:00
6366,user_6366,B,27.095,False,2026-02-06T00:00:00
6367,user_6367,C,12.04,True,2026-02-01T18:00:00
6368,user_6368,C,85.524,True,2026-02-07T10:00:00
6369,user_6369,B,40.002,False,2026-01-23T10:00:00
6370,user_6370,B,53.97,False,2026-02-11T04:00:00
6371,user_6371,C,74.451,True,2026-01-20T16:00:00
6372,user_6372,A,95.483,False,2026-01-08T10:00:00
6373,user_6373,A,36.526,False,2026-02-08T01:00:00
6374,user_6374,A,22.278,False,2026-02-10T07:00:00
6375,user_6375,C,1.923,True,2026-02-05T04:00:00
6376,user_6376,C,53.154,False,2026-02-07T01:00:00
6377,user_6377,B,7.147,False,2026-01-18T03:00:00
6378,user_6378,A,50.608,False,2026-01-17T13:00:00
6379,user_6379,D,62.124,False,2026-02-07T13:00:00
6380,user_6380,A,25.243,False,2026-01-19T23:00:00
6381,user_6381,B,30.862,True,2026-01-20T17:00:00
6382,user_6382,D,81.235,False,2026-02-09T08:00:00
6383,user_6383,C,47.17,True,2026-01-14T13:00:00
6384,user_6384,C,59.269,True,2026-02-05T11:00:00
6385,user_6385,B,14.633,False,2026-01-10T11:00:00
6386,user_6386,B,76.154,False,2026-01-27T17:00:00
6387,user_6387,A,73.118,False,2026-01-16T18:00:00
6388,user_6388,A,13.11,False,2026-01-07T12:00:00
6389,user_6389,C,98.337,True,2026-02-03T04:00:00
6390,user_6390,B,6.171,True,2026-02-06T15:00:00
6391,user_6391,D,75.411,False,2026-01-01T20:00:00
6392,user_6392,B,20.395,False,2026-01-03T07:00:00
6393,user_6393,A,96.038,False,2026-01-20T13:00:00
6394,user_6394,B,51.327,False,2026-02-08T06:00:00
6395,user_6395,A,56.994,True,2026-01-14T20:00:00
6396,user_6396,A,70.986,False,2026-01-26T19:00:00
6397,user_6397,D,98.553,True,2026-01-16T11:00:00
6398,user_6398,C,13.861,True,2026-02-01T17:00:00
6399,user_6399,B,85.056,False,2026-02-04T12:00:00
6400,user_6400,A,92.697,True,2026-01-03T13:00:00
6401,user_6401,C,7.131,True,2026-01-30T04:00:00
6402,user_6402,B,52.291,False,2026-02-04T16:00:00
6403,user_6403,C,59.521,False,2026-01-13T01:00:00
6404,user_6404,C,67.695,False,2026-02-03T04:00:00
6405,user_6405,C,20.514,True,2026-01-19T00:00:00
6406,user_6406,A,29.753,False,2026-01-19T00:00:00
6407,user_6407,D,61.722,False,2026-01-23T00:00:00
6408,user_6408,A,25.017,True,2026-01-10T08:00:00
6409,user_6409,B,97.125,True,2026-02-11T14:00:00
6410,user_6410,A,97.519,False,2026-01-13T06:00:00
6411,user_6411,C,70.126,True,2026-01-27T21:00:00
6412,user_6412,C,33.703,False,2026-02-11T02:00:00
6413,user_6413,A,92.522,True,2026-01-31T12:00:00
6414,user_6414,D,70.252,True,2026-02-09T01:00:00
6415,user_6415,D,79.547,True,2026-02-07T16:00:00
6416,user_6416,A,41.414,False,2026-02-11T09:00:00
6417,user_6417,C,75.052,True,2026-01-17T10:00:00
6418,user_6418,A,0.736,False,2026-01-04T06:00:00
6419,user_6419,B,20.572,True,2026-01-01T23:00:00
6420,user_6420,A,32.515,False,2026-01-14T10:00:00
6421,user_6421,A,91.075,True,2026-01-08T08:00:00
6422,user_6422,D,28.46,False,2026-01-25T12:00:00
6423,user_6423,C,57.707,False,2026-02-09T20:00:00
6424,user_6424,B,69.816,True,2026-02-04T16:00:00
6425,user_6425,A,92.508,False,2026-01-06T00:00:00
6426,user_6426,C,26.813,True,2026-01-07T06:00:00
6427,user_6427,B,2.374,True,2026-01-20T18:00:00
6428,user_6428,B,21.191,True,2026-01-16T08:00:00
6429,user_6429,C,40.499,False,2026-01-08T07:00:00
6430,user_6430,A,16.642,False,2026-01-13T12:00:00
6431,user_6431,B,61.609,False,2026-01-20T09:00:00
6432,user_6432,B,41.332,False,2026-01-13T16:00:00
6433,user_6433,C,4.476,True,2026-01-22T11:00:00
6434,user_6434,A,96.271,True,2026-01-17T10:00:00
6435,user_6435,D,90.68,True,2026-01-17T16:00:00
6436,user_6436,A,13.064,False,2026-01-07T11:00:00
6437,user_6437,A,50.362,True,2026-01-30T13:00:00
6438,user_6438,D,74.184,False,2026-01-10T00:00:00
6439,user_6439,B,97.026,False,2026-01-06T11:00:00
6440,user_6440,C,30.29,False,2026-02-11T04:00:00
6441,user_6441,A,32.026,False,2026-01-17T02:00:00
6442,user_6442,A,42.286,False,2026-02-03T18:00:00
6443,user_6443,D,92.721,True,2026-01-03T09:00:00
6444,user_6444,C,47.586,True,2026-02-04T07:00:00
6445,user_6445,C,71.579,False,2026-01-20T12:00:00
6446,user_6446,D,70.781,True,2026-01-07T08:00:00
6447,user_6447,D,82.073,True,2026-01-30T08:00:00
6448,user_6448,D,53.877,False,2026-02-04T00:00:00
6449,user_6449,C,0.031,False,2026-01-18T04:00:00
6450,user_6450,C,3.323,False,2026-01-02T07:00:00
6451,user_6451,B,55.504,True,2026-02-07T04:00:00
6452,user_6452,B,96.936,False,2026-01-28T08:00:00
6453,user_6453,C,93.586,True,2026-02-09T01:00:00
6454,user_6454,C,89.847,False,2026-01-04T02:00:00
6455,user_6455,B,56.953,True,2026-01-31T19:00:00
6456,user_6456,C,14.412,False,2026-01-14T05:00:00
6457,user_6457,B,21.424,True,2026-01-06T19:00:00
6458,user_6458,B,66.516,True,2026-02-06T13:00:00
6459,user_6459,C,32.197,False,2026-01-10T02:00:00
6460,user_6460,D,53.115,False,2026-01-01T02:00:00
6461,user_6461,B,10.593,True,2026-01-12T11:00:00
6462,user_6462,B,11.196,False,2026-01-02T01:00:00
6463,user_6463,D,59.556,True,2026-02-01T12:00:00
6464,user_6464,A,3.216,False,2026-01-12T22:00:00
6465,user_6465,D,46.111,True,2026-01-21T19:00:00
6466,user_6466,B,52.455,True,2026-01-20T09:00:00
6467,user_6467,B,64.295,True,2026-01-28T07:00:00
6468,user_6468,A,87.392,True,2026-01-19T06:00:00
6469,user_6469,C,25.888,True,2026-01-31T12:00:00
6470,user_6470,D,49.382,False,2026-02-04T10:00:00
6471,user_6471,B,13.938,True,2026-02-05T22:00:00
6472,user_6472,B,12.205,False,2026-02-06T20:00:00
6473,user_6473,A,12.358,True,2026-01-31T23:00:00
6474,user_6474,A,77.721,False,2026-02-04T03:00:00
6475,user_6475,D,48.002,True,2026-01-23T20:00:00
6476,user_6476,D,80.888,False,2026-01-12T11:00:00
6477,user_6477,A,66.158,True,2026-01-29T04:00:00
6478,user_6478,D,92.379,False,2026-01-15T10:00:00
6479,user_6479,C,54.484,True,2026-01-05T06:00:00
6480,user_6480,D,4.088,True,2026-01-04T16:00:00
6481,user_6481,D,11.745,False,2026-02-04T09:00:00
6482,user_6482,A,32.45,False,2026-01-20T11:00:00
6483,user_6483,C,31.657,True,2026-01-10T00:00:00
6484,user_6484,D,41.497,True,2026-01-11T23:00:00
6485,user_6485,A,31.061,True,2026-01-05T06:00:00
6486,user_6486,B,96.418,False,2026-01-16T10:00:00
6487,user_6487,B,58.154,False,2026-01-25T00:00:00
6488,user_6488,C,44.265,True,2026-01-22T07:00:00
6489,user_6489,C,39.451,False,2026-01-19T17:00:00
6490,user_6490,A,48.203,True,2026-01-29T05:00:00
6491,user_6491,B,87.95,True,2026-02-06T20:00:00
6492,user_6492,B,25.697,False,2026-02-07T08:00:00
6493,user_6493,D,20.006,False,2026-01-12T03:00:00
6494,user_6494,D,80.428,True,2026-02-07T04:00:00
6495,user_6495,B,45.594,False,2026-01-14T21:00:00
6496,user_6496,B,27.053,False,2026-01-09T02:00:00
6497,user_6497,C,81.253,True,2026-01-25T11:00:00
6498,user_6498,B,44.684,False,2026-01-14T05:00:00
6499,user_6499,C,64.698,True,2026-01-26T14:00:00
6500,user_6500,B,77.805,False,2026-01-24T20:00:00
6501,user_6501,B,17.001,False,2026-01-11T12:00:00
6502,user_6502,D,69.203,True,2026-01-01T18:00:00
6503,user_6503,B,66.149,True,2026-02-08T04:00:00
6504,user_6504,A,96.527,False,2026-01-31T23:00:00
6505,user_6505,D,82.564,False,2026-01-17T05:00:00
6506,user_6506,C,91.883,True,2026-01-19T10:00:00
6507,user_6507,A,85.715,False,2026-01-22T21:00:00
6508,user_6508,A,26.161,True,2026-01-05T00:00:00
6509,user_6509,D,94.086,False,2026-02-08T00:00:00
6510,user_6510,B,46.135,False,2026-02-03T14:00:00
6511,user_6511,A,99.662,False,2026-01-19T02:00:00
6512,user_6512,D,34.785,False,2026-01-14T08:00:00
6513,user_6513,B,58.853,True,2026-01-20T00:00:00
6514,user_6514,C,51.438,False,2026-01-27T03:00:00
6515,user_6515,C,71.133,True,2026-01-16T15:00:00
6516,user_6516,C,78.44,False,2026-01-21T05:00:00
6517,user_6517,D,93.486,True,2026-02-10T08:00:00
6518,user_6518,B,27.563,True,2026-02-06T06:00:00
6519,user_6519,C,98.654,True,2026-01-16T00:00:00
6520,user_6520,B,91.054,True,2026-02-08T12:00:00
6521,user_6521,B,52.243,False,2026-02-01T04:00:00
6522,user_6522,A,52.314,True,2026-01-16T13:00:00
6523,user_6523,D,43.242,True,2026-01-12T02:00:00
6524,user_6524,C,1.994,True,2026-01-02T16:00:00
6525,user_6525,B,93.352,False,2026-02-10T00:00:00
6526,user_6526,A,36.753,False,2026-01-10T16:00:00
6527,user_6527,A,24.767,True,2026-01-29T08:00:00
6528,user_6528,B,1.728,True,2026-02-03T12:00:00
6529,user_6529,D,77.812,False,2026-01-20T13:00:00
6530,user_6530,B,35.05,False,2026-01-11T01:00:00
6531,user_6531,C,95.686,False,2026-01-09T16:00:00
6532,user_6532,B,9.37,True,2026-01-13T22:00:00
6533,user_6533,A,75.369,False,2026-02-01T03:00:00
6534,user_6534,B,40.963,False,2026-01-20T00:00:00
6535,user_6535,B,60.805,True,2026-02-05T17:00:00
6536,user_6536,A,23.061,False,2026-01-21T11:00:00
6537,user_6537,A,28.121,True,2026-01-16T04:00:00
6538,user_6538,A,93.992,True,2026-02-07T03:00:00
6539,user_6539,C,60.344,True,2026-01-13T15:00:00
6540,user_6540,B,67.557,True,2026-01-03T10:00:00
6541,user_6541,A,75.548,False,2026-01-21T16:00:00
6542,user_6542,D,40.505,False,2026-01-19T01:00:00
6543,user_6543,C,80.512,False,2026-01-05T09:00:00
6544,user_6544,D,29.966,True,2026-02-11T00:00:00
6545,user_6545,C,88.474,False,2026-02-07T19:00:00
6546,user_6546,D,83.866,False,2026-01-31T11:00:00
6547,user_6547,D,90.728,True,2026-01-27T23:00:00
6548,user_6548,B,92.184,True,2026-01-24T02:00:00
6549,user_6549,A,4.994,True,2026-01-26T23:00:00
6550,user_6550,B,22.429,False,2026-01-05T15:00:00
6551,user_6551,C,94.902,True,2026-01-11T12:00:00
6552,user_6552,B,94.603,True,2026-01-28T14:00:00
6553,user_6553,A,81.127,True,2026-01-23T16:00:00
6554,user_6554,A,48.76,True,2026-01-08T12:00:00
6555,user_6555,A,36.406,True,2026-02-05T07:00:00
6556,user_6556,C,82.271,False,2026-01-23T22:00:00
6557,user_6557,C,4.335,False,2026-01-01T17:00:00
6558,user_6558,C,10.224,True,2026-01-29T03:00:00
6559,user_6559,C,61.278,True,2026-01-24T10:00:00
6560,user_6560,B,94.01,False,2026-01-19T12:00:00
6561,user_6561,B,66.578,True,2026-01-09T09:00:00
6562,user_6562,D,56.239,False,2026-01-16T08:00:00
6563,user_6563,C,99.479,True,2026-01-22T15:00:00
6564,user_6564,C,80.726,False,2026-01-06T22:00:00
6565,user_6565,A,4.769,True,2026-01-27T16:00:00
6566,user_6566,A,40.081,True,2026-01-13T05:00:00
6567,user_6567,B,83.413,True,2026-02-01T17:00:00
6568,user_6568,D,98.158,False,2026-01-07T05:00:00
6569,user_6569,C,41.727,True,2026-01-27T05:00:00
6570,user_6570,D,41.872,False,2026-01-06T23:00:00
6571,user_6571,D,16.4,True,2026-01-19T08:00:00
6572,user_6572,D,1.146,True,2026-01-18T18:00:00
6573,user_6573,D,38.689,False,2026-01-25T01:00:00
6574,user_6574,D,89.982,False,2026-02-06T16:00:00
6575,user_6575,D,29.49,True,2026-01-21T22:00:00
6576,user_6576,B,4.329,True,2026-01-04T12:00:00
6577,user_6577,D,5.917,False,2026-01-12T00:00:00
6578,user_6578,A,77.497,True,2026-02-01T13:00:00
6579,user_6579,B,18.187,False,2026-02-08T21:00:00
6580,user_6580,D,61.684,True,2026-01-22T07:00:00
6581,user_6581,B,38.591,False,2026-02-10T15:00:00
6582,user_6582,A,64.871,True,2026-01-21T21:00:00
6583,user_6583,A,15.68,True,2026-01-02T13:00:00
6584,user_6584,A,13.404,False,2026-02-08T04:00:00
6585,user_6585,B,55.018,False,2026-01-18T03:00:00
6586,user_6586,A,80.223,False,2026-01-30T03:00:00
6587,user_6587,C,23.093,False,2026-01-17T13:00:00
6588,user_6588,C,15.444,False,2026-02-05T11:00:00
6589,user_6589,C,33.042,False,2026-01-03T04:00:00
6590,user_6590,D,1.944,False,2026-01-12T06:00:00
6591,user_6591,D,2.873,False,2026-01-22T09:00:00
6592,user_6592,A,79.475,True,2026-01-11T01:00:00
6593,user_6593,A,89.831,True,2026-01-27T21:00:00
6594,user_6594,C,99.277,False,2026-02-04T11:00:00
6595,user_6595,B,83.911,False,2026-01-24T21:00:00
6596,user_6596,A,11.265,True,2026-01-18T18:00:00
6597,user_6597,B,70.874,False,2026-01-25T06:00:00
6598,user_6598,B,46.251,False,2026-01-02T21:00:00
6599,user_6599,D,97.173,True,2026-01-25T12:00:00
6600,user_6600,A,71.059,True,2026-01-07T12:00:00
6601,user_6601,C,65.409,False,2026-01-07T22:00:00
6602,user_6602,D,34.869,True,2026-01-27T19:00:00
6603,user_6603,D,65.928,True,2026-01-22T13:00:00
6604,user_6604,A,12.147,False,2026-02-08T00:00:00
6605,user_6605,A,74.551,True,2026-01-11T06:00:00
6606,user_6606,A,17.911,False,2026-01-31T16:00:00
6607,user_6607,B,1.518,False,2026-01-16T11:00:00
6608,user_6608,A,54.475,True,2026-02-10T00:00:00
6609,user_6609,A,25.479,False,2026-01-13T15:00:00
6610,user_6610,C,88.54,True,2026-01-01T05:00:00
6611,user_6611,D,81.118,True,2026-02-03T15:00:00
6612,user_6612,C,76.542,True,2026-01-16T01:00:00
6613,user_6613,C,88.502,False,2026-01-30T12:00:00
6614,user_6614,A,91.12,False,2026-01-12T04:00:00
6615,user_6615,B,81.236,True,2026-01-16T17:00:00
6616,user_6616,C,13.094,True,2026-01-24T22:00:00
6617,user_6617,C,92.603,False,2026-01-25T12:00:00
6618,user_6618,C,2.526,True,2026-01-04T00:00:00
6619,user_6619,A,6.41,True,2026-02-08T11:00:00
6620,user_6620,A,61.597,True,2026-01-24T22:00:00
6621,user_6621,D,15.425,False,2026-01-03T08:00:00
6622,user_6622,C,34.233,True,2026-01-18T14:00:00
6623,user_6623,D,66.98,True,2026-01-21T03:00:00
6624,user_6624,B,0.146,True,2026-01-11T17:00:00
6625,user_6625,B,43.237,False,2026-01-19T09:00:00
6626,user_6626,B,50.002,False,2026-01-24T14:00:00
6627,user_6627,C,17.88,False,2026-01-01T02:00:00
6628,user_6628,C,48.995,False,2026-02-06T19:00:00
6629,user_6629,C,36.201,False,2026-02-06T00:00:00
6630,user_6630,B,84.741,False,2026-01-31T11:00:00
6631,user_6631,C,58.993,True,2026-01-14T12:00:00
6632,user_6632,A,18.541,True,2026-01-21T15:00:00
6633,user_6633,C,38.195,True,2026-01-19T15:00:00
6634,user_6634,C,44.822,False,2026-01-25T00:00:00
6635,user_6635,C,61.701,True,2026-01-31T12:00:00
6636,user_6636,A,79.584,True,2026-01-27T13:00:00
6637,user_6637,C,37.602,True,2026-02-03T01:00:00
6638,user_6638,A,96.033,False,2026-01-19T15:00:00
6639,user_6639,A,25.509,False,2026-01-21T15:00:00
6640,user_6640,D,23.652,False,2026-01-17T18:00:00
6641,user_6641,A,1.603,True,2026-01-31T06:00:00
6642,user_6642,B,35.962,True,2026-01-16T02:00:00
6643,user_6643,B,21.392,False,2026-01-13T22:00:00
6644,user_6644,A,47.725,False,2026-01-12T06:00:00
6645,user_6645,A,0.637,False,2026-01-14T21:00:00
6646,user_6646,C,96.97,True,2026-01-05T08:00:00
6647,user_6647,B,90.323,True,2026-02-03T07:00:00
6648,user_6648,C,68.329,False,2026-01-23T13:00:00
6649,user_6649,A,32.542,True,2026-01-26T09:00:00
6650,user_6650,C,49.285,True,2026-01-19T03:00:00
6651,user_6651,A,32.016,False,2026-01-26T19:00:00
6652,user_6652,B,26.929,False,2026-01-26T05:00:00
6653,user_6653,C,27.255,False,2026-02-06T20:00:00
6654,user_6654,B,12.999,False,2026-01-27T10:00:00
6655,user_6655,A,75.09,False,2026-02-04T01:00:00
6656,user_6656,C,99.751,True,2026-01-29T12:00:00
6657,user_6657,C,39.753,True,2026-02-05T05:00:00
6658,user_6658,A,80.395,False,2026-01-28T11:00:00
6659,user_6659,B,91.004,True,2026-01-27T22:00:00
6660,user_6660,A,96.441,True,2026-01-24T11:00:00
6661,user_6661,D,67.219,True,2026-01-13T12:00:00
6662,user_6662,C,65.718,True,2026-01-09T17:00:00
6663,user_6663,D,44.238,False,2026-02-06T07:00:00
6664,user_6664,A,16.204,True,2026-01-04T20:00:00
6665,user_6665,A,75.37,False,2026-01-31T07:00:00
6666,user_6666,B,4.421,False,2026-01-04T21:00:00
6667,user_6667,B,52.657,False,2026-01-23T02:00:00
6668,user_6668,B,11.76,True,2026-01-23T15:00:00
6669,user_6669,B,32.192,True,2026-01-18T00:00:00
6670,user_6670,A,17.779,False,2026-01-06T06:00:00
6671,user_6671,C,54.492,False,2026-02-04T20:00:00
6672,user_6672,C,61.033,False,2026-01-23T11:00:00
6673,user_6673,B,95.595,True,2026-01-02T11:00:00
6674,user_6674,A,8.549,True,2026-02-04T17:00:00
6675,user_6675,C,36.638,True,2026-02-05T08:00:00
6676,user_6676,C,11.124,False,2026-02-01T17:00:00
6677,user_6677,D,96.724,False,2026-01-02T19:00:00
6678,user_6678,B,39.455,True,2026-01-26T22:00:00
6679,user_6679,B,2.482,False,2026-01-01T20:00:00
6680,user_6680,C,33.513,False,2026-01-14T15:00:00
6681,user_6681,C,45.492,False,2026-01-15T08:00:00
6682,user_6682,C,29.825,True,2026-01-07T01:00:00
6683,user_6683,D,5.755,False,2026-02-10T06:00:00
6684,user_6684,A,90.272,False,2026-01-18T23:00:00
6685,user_6685,D,84.691,False,2026-01-10T23:00:00
6686,user_6686,C,28.706,True,2026-01-06T07:00:00
6687,user_6687,D,7.796,True,2026-02-01T18:00:00
6688,user_6688,B,47.231,True,2026-01-09T23:00:00
6689,user_6689,D,40.441,False,2026-01-31T19:00:00
6690,user_6690,D,42.413,False,2026-01-16T19:00:00
6691,user_6691,D,51.141,False,2026-02-03T00:00:00
6692,user_6692,A,48.062,False,2026-01-04T13:00:00
6693,user_6693,A,53.314,False,2026-01-19T07:00:00
6694,user_6694,B,99.712,False,2026-02-07T15:00:00
6695,user_6695,C,53.091,False,2026-01-06T01:00:00
6696,user_6696,B,27.924,False,2026-01-14T12:00:00
6697,user_6697,A,65.846,False,2026-02-03T18:00:00
6698,user_6698,B,31.147,True,2026-01-29T10:00:00
6699,user_6699,A,3.402,False,2026-02-10T20:00:00
6700,user_6700,A,8.293,False,2026-02-07T08:00:00
6701,user_6701,A,98.469,False,2026-01-27T19:00:00
6702,user_6702,C,93.624,True,2026-02-09T21:00:00
6703,user_6703,D,5.438,True,2026-01-26T17:00:00
6704,user_6704,A,67.488,True,2026-01-08T23:00:00
6705,user_6705,C,23.86,True,2026-01-31T01:00:00
6706,user_6706,C,26.291,True,2026-01-03T10:00:00
6707,user_6707,C,93.076,False,2026-01-12T10:00:00
6708,user_6708,D,17.635,True,2026-01-20T12:00:00
6709,user_6709,A,78.278,False,2026-01-05T10:00:00
6710,user_6710,C,25.994,False,2026-01-29T16:00:00
6711,user_6711,B,25.095,False,2026-02-10T17:00:00
6712,user_6712,D,30.06,False,2026-01-30T08:00:00
6713,user_6713,D,40.942,False,2026-01-21T10:00:00
6714,user_6714,C,92.133,False,2026-01-30T16:00:00
6715,user_6715,B,61.282,True,2026-02-02T01:00:00
6716,user_6716,D,15.576,False,2026-01-08T01:00:00
6717,user_6717,A,60.572,False,2026-01-13T10:00:00
6718,user_6718,C,48.972,True,2026-02-03T11:00:00
6719,user_6719,B,85.454,True,2026-01-25T00:00:00
6720,user_6720,B,99.314,True,2026-02-04T05:00:00
6721,user_6721,A,82.066,True,2026-01-18T21:00:00
6722,user_6722,C,2.479,True,2026-01-28T13:00:00
6723,user_6723,B,87.419,False,2026-01-14T17:00:00
6724,user_6724,C,57.798,False,2026-01-12T08:00:00
6725,user_6725,D,61.87,False,2026-01-27T21:00:00
6726,user_6726,A,84.468,True,2026-01-07T23:00:00
6727,user_6727,C,20.4,True,2026-01-05T01:00:00
6728,user_6728,C,58.386,True,2026-01-31T09:00:00
6729,user_6729,B,53.623,True,2026-01-05T00:00:00
6730,user_6730,C,82.653,True,2026-01-25T17:00:00
6731,user_6731,C,40.337,True,2026-01-07T11:00:00
6732,user_6732,C,84.245,False,2026-01-02T07:00:00
6733,user_6733,B,17.249,False,2026-01-28T15:00:00
6734,user_6734,D,72.457,True,2026-01-01T13:00:00
6735,user_6735,C,4.288,True,2026-01-11T21:00:00
6736,user_6736,D,16.931,True,2026-02-05T15:00:00
6737,user_6737,B,84.446,True,2026-01-31T03:00:00
6738,user_6738,D,79.106,False,2026-01-28T20:00:00
6739,user_6739,D,36.15,False,2026-01-11T17:00:00
6740,user_6740,A,82.174,True,2026-01-17T18:00:00
6741,user_6741,D,61.263,True,2026-01-20T10:00:00
6742,user_6742,A,45.961,True,2026-01-05T05:00:00
6743,user_6743,D,61.841,False,2026-01-24T23:00:00
6744,user_6744,D,17.734,True,2026-01-12T16:00:00
6745,user_6745,A,21.182,True,2026-01-31T11:00:00
6746,user_6746,B,62.494,False,2026-02-09T04:00:00
6747,user_6747,B,60.194,False,2026-01-16T20:00:00
6748,user_6748,B,95.061,True,2026-02-06T15:00:00
6749,user_6749,D,36.933,True,2026-01-25T00:00:00
6750,user_6750,A,2.706,False,2026-01-08T22:00:00
6751,user_6751,D,21.283,False,2026-02-02T06:00:00
6752,user_6752,B,23.238,False,2026-01-14T10:00:00
6753,user_6753,D,34.523,False,2026-01-28T08:00:00
6754,user_6754,B,2.459,False,2026-01-04T12:00:00
6755,user_6755,A,30.164,False,2026-01-07T05:00:00
6756,user_6756,A,83.68,False,2026-01-23T08:00:00
6757,user_6757,B,16.603,True,2026-01-28T03:00:00
6758,user_6758,A,83.96,False,2026-01-07T18:00:00
6759,user_6759,B,93.856,True,2026-01-20T01:00:00
6760,user_6760,C,24.255,False,2026-02-01T09:00:00
6761,user_6761,B,84.726,True,2026-01-23T23:00:00
6762,user_6762,C,74.178,False,2026-01-04T01:00:00
6763,user_6763,A,58.702,False,2026-01-10T19:00:00
6764,user_6764,D,82.45,False,2026-01-02T03:00:00
6765,user_6765,A,39.701,False,2026-01-18T09:00:00
6766,user_6766,D,89.083,True,2026-01-27T20:00:00
6767,user_6767,D,24.515,False,2026-01-01T15:00:00
6768,user_6768,A,16.034,False,2026-01-29T17:00:00
6769,user_6769,D,0.907,False,2026-01-05T19:00:00
6770,user_6770,A,93.095,True,2026-02-06T06:00:00
6771,user_6771,A,70.138,False,2026-02-10T13:00:00
6772,user_6772,D,69.054,True,2026-01-13T04:00:00
6773,user_6773,A,81.62,False,2026-01-13T14:00:00
6774,user_6774,D,29.195,True,2026-02-03T01:00:00
6775,user_6775,C,79.621,True,2026-01-28T08:00:00
6776,user_6776,D,82.066,True,2026-01-28T04:00:00
6777,user_6777,A,61.553,True,2026-01-15T20:00:00
6778,user_6778,C,94.995,True,2026-02-09T17:00:00
6779,user_6779,B,64.051,False,2026-01-10T10:00:00
6780,user_6780,B,89.005,True,2026-01-22T11:00:00
6781,user_6781,D,62.169,True,2026-02-08T06:00:00
6782,user_6782,A,95.339,False,2026-01-01T04:00:00
6783,user_6783,D,64.029,True,2026-01-19T00:00:00
6784,user_6784,D,98.456,False,2026-02-04T04:00:00
6785,user_6785,A,47.15,False,2026-02-08T18:00:00
6786,user_6786,D,15.217,False,2026-02-01T12:00:00
6787,user_6787,B,83.544,True,2026-01-16T13:00:00
6788,user_6788,B,74.247,True,2026-01-20T04:00:00
6789,user_6789,B,36.284,False,2026-01-17T23:00:00
6790,user_6790,D,56.581,False,2026-01-28T23:00:00
6791,user_6791,A,61.928,True,2026-01-05T18:00:00
6792,user_6792,C,58.639,False,2026-02-03T15:00:00
6793,user_6793,B,31.071,False,2026-02-04T02:00:00
6794,user_6794,B,4.756,False,2026-02-03T05:00:00
6795,user_6795,A,89.337,False,2026-02-01T00:00:00
6796,user_6796,D,38.059,True,2026-01-15T10:00:00
6797,user_6797,D,50.568,False,2026-01-15T03:00:00
6798,user_6798,C,52.352,True,2026-01-06T10:00:00
6799,user_6799,D,7.193,False,2026-01-21T03:00:00
6800,user_6800,D,11.993,True,2026-01-12T06:00:00
6801,user_6801,C,60.625,False,2026-01-30T23:00:00
6802,user_6802,A,47.733,True,2026-02-03T19:00:00
6803,user_6803,A,14.166,False,2026-01-20T01:00:00
6804,user_6804,C,1.059,True,2026-02-05T04:00:00
6805,user_6805,C,29.873,True,2026-01-20T20:00:00
6806,user_6806,B,8.574,True,2026-01-16T18:00:00
6807,user_6807,B,32.363,True,2026-01-22T18:00:00
6808,user_6808,A,82.854,True,2026-02-07T18:00:00
6809,user_6809,D,25.446,False,2026-02-07T16:00:00
6810,user_6810,A,25.712,True,2026-01-14T15:00:00
6811,user_6811,D,56.734,False,2026-01-30T13:00:00
6812,user_6812,A,75.401,False,2026-02-09T17:00:00
6813,user_6813,C,53.021,False,2026-01-06T03:00:00
6814,user_6814,A,79.126,False,2026-01-11T13:00:00
6815,user_6815,B,74.62,True,2026-01-08T05:00:00
6816,user_6816,A,72.793,False,2026-01-15T05:00:00
6817,user_6817,A,28.526,False,2026-01-14T12:00:00
6818,user_6818,A,52.09,False,2026-01-19T04:00:00
6819,user_6819,A,34.702,False,2026-01-15T06:00:00
6820,user_6820,A,70.344,True,2026-01-23T15:00:00
6821,user_6821,B,5.899,False,2026-01-01T02:00:00
6822,user_6822,B,30.18,False,2026-01-28T04:00:00
6823,user_6823,C,2.94,False,2026-01-24T13:00:00
6824,user_6824,B,77.835,True,2026-01-27T21:00:00
6825,user_6825,A,73.676,False,2026-01-14T05:00:00
6826,user_6826,A,93.349,True,2026-01-03T16:00:00
6827,user_6827,C,8.258,False,2026-01-01T05:00:00
6828,user_6828,A,34.994,False,2026-01-02T13:00:00
6829,user_6829,B,49.724,True,2026-01-15T11:00:00
6830,user_6830,D,7.472,True,2026-01-04T17:00:00
6831,user_6831,B,76.299,False,2026-01-21T09:00:00
6832,user_6832,B,88.505,True,2026-01-14T07:00:00
6833,user_6833,D,93.729,True,2026-01-25T22:00:00
6834,user_6834,C,35.283,False,2026-01-23T15:00:00
6835,user_6835,A,86.295,True,2026-01-25T22:00:00
6836,user_6836,B,33.055,True,2026-01-14T09:00:00
6837,user_6837,D,33.243,False,2026-01-30T15:00:00
6838,user_6838,C,91.552,False,2026-01-22T17:00:00
6839,user_6839,B,16.255,True,2026-02-07T09:00:00
6840,user_6840,C,88.231,True,2026-01-14T20:00:00
6841,user_6841,D,30.825,False,2026-01-09T00:00:00
6842,user_6842,A,45.629,True,2026-01-04T22:00:00
6843,user_6843,D,25.243,False,2026-01-05T01:00:00
6844,user_6844,C,58.049,False,2026-02-03T17:00:00
6845,user_6845,A,89.485,False,2026-01-09T03:00:00
6846,user_6846,B,6.291,False,2026-01-26T22:00:00
6847,user_6847,A,95.919,False,2026-01-04T10:00:00
6848,user_6848,C,1.939,True,2026-02-09T05:00:00
6849,user_6849,D,38.237,False,2026-01-02T13:00:00
6850,user_6850,A,27.58,False,2026-02-03T12:00:00
6851,user_6851,D,26.806,True,2026-02-01T13:00:00
6852,user_6852,C,92.214,True,2026-02-04T22:00:00
6853,user_6853,A,45.563,False,2026-02-04T05:00:00
6854,user_6854,C,14.534,False,2026-01-22T09:00:00
6855,user_6855,A,87.746,True,2026-01-25T03:00:00
6856,user_6856,C,46.315,True,2026-01-24T08:00:00
6857,user_6857,D,42.756,True,2026-01-18T10:00:00
6858,user_6858,A,0.54,True,2026-01-20T05:00:00
6859,user_6859,D,39.665,False,2026-02-02T18:00:00
6860,user_6860,A,65.545,False,2026-01-24T04:00:00
6861,user_6861,B,48.132,False,2026-02-11T07:00:00
6862,user_6862,A,74.745,True,2026-01-20T13:00:00
6863,user_6863,C,0.634,False,2026-02-04T11:00:00
6864,user_6864,B,63.192,True,2026-01-14T11:00:00
6865,user_6865,D,77.952,True,2026-01-31T23:00:00
6866,user_6866,C,67.902,True,2026-01-17T22:00:00
6867,user_6867,D,17.671,True,2026-01-09T17:00:00
6868,user_6868,C,82.791,False,2026-02-06T08:00:00
6869,user_6869,B,80.179,True,2026-01-23T12:00:00
6870,user_6870,A,87.412,False,2026-01-21T09:00:00
6871,user_6871,D,57.932,True,2026-02-01T17:00:00
6872,user_6872,D,53.213,False,2026-01-07T04:00:00
6873,user_6873,B,22.104,True,2026-01-29T11:00:00
6874,user_6874,D,76.029,True,2026-02-08T03:00:00
6875,user_6875,A,52.691,True,2026-01-01T18:00:00
6876,user_6876,C,82.544,True,2026-01-24T21:00:00
6877,user_6877,A,12.357,True,2026-02-01T21:00:00
6878,user_6878,B,39.405,False,2026-02-03T15:00:00
6879,user_6879,D,17.362,True,2026-01-18T01:00:00
6880,user_6880,D,18.041,False,2026-02-10T02:00:00
6881,user_6881,B,78.372,True,2026-02-07T16:00:00
6882,user_6882,A,68.819,False,2026-01-15T10:00:00
6883,user_6883,B,33.016,False,2026-02-02T05:00:00
6884,user_6884,D,92.142,True,2026-01-02T16:00:00
6885,user_6885,C,12.046,True,2026-02-05T03:00:00
6886,user_6886,A,29.2,True,2026-01-24T22:00:00
6887,user_6887,A,59.857,True,2026-01-25T05:00:00
6888,user_6888,A,97.405,False,2026-01-02T17:00:00
6889,user_6889,C,65.091,True,2026-01-27T11:00:00
6890,user_6890,C,46.563,True,2026-01-06T01:00:00
6891,user_6891,A,15.574,True,2026-01-31T19:00:00
6892,user_6892,B,87.714,False,2026-01-08T03:00:00
6893,user_6893,A,4.82,False,2026-01-13T16:00:00
6894,user_6894,A,13.584,True,2026-01-01T18:00:00
6895,user_6895,C,92.148,True,2026-01-08T23:00:00
6896,user_6896,D,45.43,False,2026-01-23T10:00:00
6897,user_6897,C,55.532,False,2026-01-31T07:00:00
6898,user_6898,A,4.929,True,2026-01-11T21:00:00
6899,user_6899,B,35.941,False,2026-02-06T20:00:00
6900,user_6900,A,75.826,True,2026-02-11T15:00:00
6901,user_6901,A,38.326,True,2026-01-05T07:00:00
6902,user_6902,A,68.142,True,2026-01-27T22:00:00
6903,user_6903,B,27.234,False,2026-01-20T19:00:00
6904,user_6904,B,93.676,True,2026-02-04T18:00:00
6905,user_6905,B,21.019,False,2026-01-31T21:00:00
6906,user_6906,D,67.439,True,2026-01-28T15:00:00
6907,user_6907,B,38.231,False,2026-01-16T22:00:00
6908,user_6908,D,4.465,True,2026-01-18T13:00:00
6909,user_6909,D,41.578,False,2026-02-09T17:00:00
6910,user_6910,C,32.085,True,2026-01-14T05:00:00
6911,user_6911,C,99.245,True,2026-01-22T20:00:00
6912,user_6912,D,26.381,False,2026-02-09T14:00:00
6913,user_6913,A,48.767,True,2026-01-08T04:00:00
6914,user_6914,B,45.899,False,2026-01-23T09:00:00
6915,user_6915,A,49.764,False,2026-01-07T11:00:00
6916,user_6916,D,15.334,True,2026-01-13T21:00:00
6917,user_6917,A,62.907,False,2026-01-05T06:00:00
6918,user_6918,B,91.329,False,2026-01-05T07:00:00
6919,user_6919,C,68.228,True,2026-01-08T12:00:00
6920,user_6920,D,73.338,True,2026-01-10T10:00:00
6921,user_6921,D,31.454,False,2026-01-29T11:00:00
6922,user_6922,A,0.22,False,2026-02-10T22:00:00
6923,user_6923,B,70.267,True,2026-01-26T01:00:00
6924,user_6924,D,3.389,False,2026-01-30T06:00:00
6925,user_6925,B,99.378,True,2026-01-12T18:00:00
6926,user_6926,A,16.558,True,2026-01-02T08:00:00
6927,user_6927,D,45.438,True,2026-01-04T01:00:00
6928,user_6928,B,16.779,True,2026-02-02T02:00:00
6929,user_6929,A,64.68,False,2026-02-09T09:00:00
6930,user_6930,C,26.092,True,2026-01-10T06:00:00
6931,user_6931,D,81.525,True,2026-01-20T04:00:00
6932,user_6932,A,27.655,True,2026-01-15T22:00:00
6933,user_6933,C,22.779,False,2026-02-01T15:00:00
6934,user_6934,C,48.015,False,2026-02-05T03:00:00
6935,user_6935,D,98.342,False,2026-01-23T22:00:00
6936,user_6936,C,38.047,False,2026-01-16T13:00:00
6937,user_6937,D,76.39,False,2026-01-29T12:00:00
6938,user_6938,D,92.417,True,2026-01-13T17:00:00
6939,user_6939,D,52.755,True,2026-01-02T05:00:00
6940,user_6940,B,57.06,False,2026-01-19T03:00:00
6941,user_6941,A,19.453,False,2026-01-19T02:00:00
6942,user_6942,C,25.81,True,2026-01-05T19:00:00
6943,user_6943,B,35.555,True,2026-02-11T05:00:00
6944,user_6944,D,50.531,False,2026-01-22T09:00:00
6945,user_6945,C,68.47,False,2026-01-16T12:00:00
6946,user_6946,C,75.75,True,2026-02-09T01:00:00
6947,user_6947,B,73.267,False,2026-01-17T02:00:00
6948,user_6948,A,1.16,True,2026-01-11T15:00:00
6949,user_6949,C,50.371,True,2026-01-12T07:00:00
6950,user_6950,D,18.857,False,2026-01-01T05:00:00
6951,user_6951,D,13.944,True,2026-01-11T08:00:00
6952,user_6952,B,87.88,False,2026-02-07T20:00:00
6953,user_6953,C,15.921,True,2026-01-31T16:00:00
6954,user_6954,B,41.539,True,2026-01-27T06:00:00
6955,user_6955,A,52.07,False,2026-02-06T04:00:00
6956,user_6956,D,86.466,True,2026-01-23T09:00:00
6957,user_6957,A,64.088,True,2026-02-05T07:00:00
6958,user_6958,B,70.53,True,2026-01-20T18:00:00
6959,user_6959,D,32.547,True,2026-01-13T20:00:00
6960,user_6960,B,31.709,False,2026-01-24T07:00:00
6961,user_6961,A,35.6,True,2026-01-23T01:00:00
6962,user_6962,D,49.535,True,2026-01-05T16:00:00
6963,user_6963,D,18.365,False,2026-02-07T21:00:00
6964,user_6964,C,78.584,True,2026-01-24T07:00:00
6965,user_6965,D,74.747,False,2026-01-31T20:00:00
6966,user_6966,A,57.642,False,2026-01-15T10:00:00
6967,user_6967,A,68.099,False,2026-01-13T10:00:00
6968,user_6968,B,33.406,True,2026-01-27T02:00:00
6969,user_6969,C,65.713,True,2026-02-09T03:00:00
6970,user_6970,D,88.721,True,2026-02-07T17:00:00
6971,user_6971,D,18.754,True,2026-02-02T10:00:00
6972,user_6972,B,66.097,True,2026-01-25T23:00:00
6973,user_6973,D,85.691,True,2026-02-07T07:00:00
6974,user_6974,C,97.406,True,2026-01-02T10:00:00
6975,user_6975,D,81.262,True,2026-01-14T05:00:00
6976,user_6976,B,89.913,False,2026-01-26T13:00:00
6977,user_6977,C,44.296,False,2026-02-04T05:00:00
6978,user_6978,B,20.821,False,2026-01-16T01:00:00
6979,user_6979,D,28.626,True,2026-01-08T15:00:00
6980,user_6980,C,18.998,False,2026-02-07T02:00:00
6981,user_6981,D,10.921,True,2026-01-05T16:00:00
6982,user_6982,C,56.094,False,2026-01-28T11:00:00
6983,user_6983,A,71.495,True,2026-02-04T22:00:00
6984,user_6984,A,32.263,True,2026-01-22T03:00:00
6985,user_6985,B,79.937,False,2026-02-08T11:00:00
6986,user_6986,B,45.921,False,2026-01-10T13:00:00
6987,user_6987,D,61.951,True,2026-01-21T07:00:00
6988,user_6988,D,66.335,True,2026-01-16T12:00:00
6989,user_6989,C,82.319,True,2026-01-20T05:00:00
6990,user_6990,A,61.991,True,2026-02-07T02:00:00
6991,user_6991,D,74.762,True,2026-01-13T04:00:00
6992,user_6992,D,20.57,False,2026-01-29T16:00:00
6993,user_6993,D,42.904,False,2026-01-29T15:00:00
6994,user_6994,A,35.936,False,2026-01-11T16:00:00
6995,user_6995,C,75.024,False,2026-01-19T16:00:00
6996,user_6996,B,73.328,True,2026-01-23T23:00:00
6997,user_6997,C,48.984,False,2026-01-06T04:00:00
6998,user_6998,D,10.977,False,2026-01-31T20:00:00
6999,user_6999,A,9.675,False,2026-01-19T13:00:00
7000,user_7000,A,49.072,True,2026-01-23T04:00:00
7001,user_7001,B,54.94,True,2026-01-22T21:00:00
7002,user_7002,D,33.302,True,2026-01-15T10:00:00
7003,user_7003,D,67.04,True,2026-01-11T16:00:00
7004,user_7004,D,53.148,False,2026-01-27T19:00:00
7005,user_7005,A,79.571,False,2026-01-10T04:00:00
7006,user_7006,D,0.264,True,2026-01-29T08:00:00
7007,user_7007,D,95.32,False,2026-01-13T12:00:00
7008,user_7008,A,93.052,True,2026-01-16T20:00:00
7009,user_7009,A,15.733,True,2026-01-11T13:00:00
7010,user_7010,A,8.618,False,2026-01-18T21:00:00
7011,user_7011,D,56.161,True,2026-01-17T09:00:00
7012,user_7012,B,53.312,False,2026-01-23T06:00:00
7013,user_7013,A,93.046,False,2026-02-08T18:00:00
7014,user_7014,A,77.689,False,2026-01-08T17:00:00
7015,user_7015,B,44.86,True,2026-02-01T05:00:00
7016,user_7016,D,34.476,True,2026-01-04T23:00:00
7017,user_7017,B,55.382,False,2026-02-09T19:00:00
7018,user_7018,C,79.146,True,2026-01-24T23:00:00
7019,user_7019,B,18.071,True,2026-02-09T08:00:00
7020,user_7020,A,35.096,True,2026-01-31T12:00:00
7021,user_7021,D,39.582,True,2026-02-07T05:00:00
7022,user_7022,A,88.122,True,2026-02-04T01:00:00
7023,user_7023,A,62.096,False,2026-02-10T18:00:00
7024,user_7024,D,37.901,True,2026-01-27T06:00:00
7025,user_7025,D,50.232,False,2026-01-10T16:00:00
7026,user_7026,B,80.546,True,2026-01-08T00:00:00
7027,user_7027,B,24.589,False,2026-01-28T21:00:00
7028,user_7028,B,25.766,False,2026-01-15T03:00:00
7029,user_7029,A,84.284,False,2026-01-01T21:00:00
7030,user_7030,C,67.496,True,2026-02-05T12:00:00
7031,user_7031,D,47.968,True,2026-01-04T13:00:00
7032,user_7032,B,88.271,True,2026-01-29T07:00:00
7033,user_7033,D,5.463,False,2026-02-09T22:00:00
7034,user_7034,C,13.223,True,2026-01-12T16:00:00
7035,user_7035,B,36.806,True,2026-02-08T19:00:00
7036,user_7036,D,9.948,True,2026-01-20T15:00:00
7037,user_7037,C,67.798,False,2026-01-17T13:00:00
7038,user_7038,A,80.101,True,2026-02-04T21:00:00
7039,user_7039,C,41.627,False,2026-01-22T17:00:00
7040,user_7040,B,63.106,False,2026-02-06T03:00:00
7041,user_7041,B,32.027,True,2026-02-08T05:00:00
7042,user_7042,D,58.087,False,2026-01-15T10:00:00
7043,user_7043,C,31.144,False,2026-01-03T07:00:00
7044,user_7044,A,51.041,False,2026-02-05T05:00:00
7045,user_7045,B,20.683,False,2026-01-17T02:00:00
7046,user_7046,B,45.715,False,2026-01-17T10:00:00
7047,user_7047,B,43.389,False,2026-01-03T08:00:00
7048,user_7048,D,5.072,False,2026-01-13T23:00:00
7049,user_7049,C,16.76,True,2026-01-15T03:00:00
7050,user_7050,C,69.206,True,2026-01-14T01:00:00
7051,user_7051,B,52.662,True,2026-01-15T05:00:00
7052,user_7052,A,28.914,True,2026-01-20T10:00:00
7053,user_7053,B,31.188,False,2026-01-29T06:00:00
7054,user_7054,C,70.839,False,2026-02-07T05:00:00
7055,user_7055,D,33.09,True,2026-01-31T18:00:00
7056,user_7056,A,45.449,False,2026-01-31T00:00:00
7057,user_7057,B,80.689,False,2026-02-01T03:00:00
7058,user_7058,A,63.023,False,2026-01-01T16:00:00
7059,user_7059,B,58.292,True,2026-02-09T18:00:00
7060,user_7060,B,82.16,False,2026-01-17T08:00:00
7061,user_7061,B,17.494,False,2026-01-31T11:00:00
7062,user_7062,A,17.193,False,2026-01-01T23:00:00
7063,user_7063,A,32.313,False,2026-02-11T03:00:00
7064,user_7064,A,51.74,True,2026-01-26T09:00:00
7065,user_7065,D,81.473,True,2026-02-07T06:00:00
7066,user_7066,A,32.605,True,2026-01-21T19:00:00
7067,user_7067,B,45.699,True,2026-02-08T21:00:00
7068,user_7068,C,20.838,True,2026-01-14T23:00:00
7069,user_7069,B,8.889,False,2026-01-18T14:00:00
7070,user_7070,A,27.106,False,2026-01-06T23:00:00
7071,user_7071,A,1.981,False,2026-01-21T04:00:00
7072,user_7072,C,53.918,False,2026-01-14T07:00:00
7073,user_7073,A,86.357,False,2026-02-11T00:00:00
7074,user_7074,D,8.412,True,2026-02-09T10:00:00
7075,user_7075,C,80.222,True,2026-02-07T06:00:00
7076,user_7076,A,51.008,False,2026-01-04T13:00:00
7077,user_7077,A,99.636,False,2026-01-21T16:00:00
7078,user_7078,B,87.816,True,2026-01-01T22:00:00
7079,user_7079,D,84.403,True,2026-01-13T02:00:00
7080,user_7080,D,86.418,True,2026-02-04T17:00:00
7081,user_7081,D,71.248,False,2026-01-01T21:00:00
7082,user_7082,B,98.463,True,2026-02-02T23:00:00
7083,user_7083,A,2.593,False,2026-01-21T07:00:00
7084,user_7084,D,44.048,True,2026-01-09T14:00:00
7085,user_7085,A,93.703,False,2026-01-28T16:00:00
7086,user_7086,D,25.485,True,2026-01-13T13:00:00
7087,user_7087,B,17.245,True,2026-01-29T04:00:00
7088,user_7088,A,87.817,True,2026-02-04T17:00:00
7089,user_7089,B,28.117,False,2026-02-09T05:00:00
7090,user_7090,B,25.634,False,2026-01-20T22:00:00
7091,user_7091,A,73.488,True,2026-01-16T14:00:00
7092,user_7092,C,24.554,True,2026-01-30T10:00:00
7093,user_7093,A,99.289,True,2026-01-28T08:00:00
7094,user_7094,C,0.571,False,2026-01-21T07:00:00
7095,user_7095,B,47.93,True,2026-01-08T09:00:00
7096,user_7096,B,5.399,False,2026-02-06T05:00:00
7097,user_7097,D,82.003,True,2026-02-02T05:00:00
7098,user_7098,C,27.016,True,2026-01-29T01:00:00
7099,user_7099,D,98.051,False,2026-02-04T16:00:00
7100,user_7100,B,47.644,False,2026-01-17T04:00:00
7101,user_7101,B,65.561,True,2026-01-28T00:00:00
7102,user_7102,D,98.262,True,2026-01-27T13:00:00
7103,user_7103,B,72.05,True,2026-01-01T22:00:00
7104,user_7104,A,90.168,True,2026-02-02T00:00:00
7105,user_7105,C,64.407,True,2026-01-17T21:00:00
7106,user_7106,C,61.697,True,2026-01-20T23:00:00
7107,user_7107,B,58.177,False,2026-02-05T23:00:00
7108,user_7108,D,29.031,True,2026-01-30T23:00:00
7109,user_7109,D,27.658,False,2026-02-09T19:00:00
7110,user_7110,A,93.472,True,2026-01-11T18:00:00
7111,user_7111,D,14.324,True,2026-01-06T02:00:00
7112,user_7112,C,57.396,True,2026-02-01T04:00:00
7113,user_7113,C,61.659,False,2026-01-30T03:00:00
7114,user_7114,D,54.601,False,2026-01-22T04:00:00
7115,user_7115,C,16.561,False,2026-02-05T16:00:00
7116,user_7116,A,16.038,False,2026-01-19T05:00:00
7117,user_7117,C,37.664,False,2026-01-12T05:00:00
7118,user_7118,C,19.768,True,2026-01-26T09:00:00
7119,user_7119,C,64.541,False,2026-01-17T20:00:00
7120,user_7120,C,38.221,False,2026-01-17T07:00:00
7121,user_7121,B,10.994,False,2026-01-25T20:00:00
7122,user_7122,A,87.586,False,2026-01-06T18:00:00
7123,user_7123,C,27.329,True,2026-01-31T01:00:00
7124,user_7124,C,9.05,False,2026-01-16T10:00:00
7125,user_7125,B,23.443,True,2026-02-03T09:00:00
7126,user_7126,C,15.094,False,2026-02-01T12:00:00
7127,user_7127,B,35.096,True,2026-01-20T20:00:00
7128,user_7128,B,36.466,True,2026-01-12T16:00:00
7129,user_7129,C,25.577,False,2026-02-06T11:00:00
7130,user_7130,D,96.127,False,2026-01-29T13:00:00
7131,user_7131,B,4.904,False,2026-01-05T00:00:00
7132,user_7132,B,37.528,False,2026-01-27T18:00:00
7133,user_7133,D,89.733,True,2026-01-28T07:00:00
7134,user_7134,C,16.272,True,2026-01-23T07:00:00
7135,user_7135,A,23.425,True,2026-01-21T00:00:00
7136,user_7136,C,64.949,True,2026-01-17T06:00:00
7137,user_7137,B,76.245,True,2026-01-09T15:00:00
7138,user_7138,A,66.22,False,2026-01-03T21:00:00
7139,user_7139,D,84.258,False,2026-01-29T18:00:00
7140,user_7140,D,83.082,True,2026-01-20T06:00:00
7141,user_7141,B,48.579,True,2026-02-11T12:00:00
7142,user_7142,B,69.013,True,2026-01-26T23:00:00
7143,user_7143,D,52.457,True,2026-01-23T06:00:00
7144,user_7144,A,4.395,True,2026-01-06T23:00:00
7145,user_7145,A,63.094,True,2026-02-03T01:00:00
7146,user_7146,C,90.484,True,2026-02-08T20:00:00
7147,user_7147,D,36.024,True,2026-01-06T13:00:00
7148,user_7148,B,70.483,True,2026-01-10T17:00:00
7149,user_7149,C,89.084,False,2026-02-02T11:00:00
7150,user_7150,D,23.127,True,2026-01-17T00:00:00
7151,user_7151,C,8.889,True,2026-01-12T04:00:00
7152,user_7152,A,4.797,True,2026-01-25T13:00:00
7153,user_7153,C,37.586,True,2026-01-06T07:00:00
7154,user_7154,B,81.784,True,2026-01-26T00:00:00
7155,user_7155,A,21.594,False,2026-01-18T10:00:00
7156,user_7156,D,72.382,False,2026-01-16T09:00:00
7157,user_7157,D,90.492,True,2026-01-14T01:00:00
7158,user_7158,A,52.21,False,2026-01-29T21:00:00
7159,user_7159,B,86.286,True,2026-01-13T01:00:00
7160,user_7160,B,99.683,False,2026-01-15T15:00:00
7161,user_7161,C,56.969,False,2026-01-27T03:00:00
7162,user_7162,B,63.09,False,2026-01-14T15:00:00
7163,user_7163,C,9.104,False,2026-01-29T04:00:00
7164,user_7164,C,81.406,True,2026-01-31T13:00:00
7165,user_7165,D,83.875,True,2026-01-27T16:00:00
7166,user_7166,A,56.263,False,2026-01-16T09:00:00
7167,user_7167,D,21.395,False,2026-01-11T22:00:00
7168,user_7168,A,28.781,True,2026-01-26T19:00:00
7169,user_7169,C,44.634,False,2026-02-09T07:00:00
7170,user_7170,C,66.4,True,2026-01-02T04:00:00
7171,user_7171,A,47.662,False,2026-01-18T03:00:00
7172,user_7172,C,89.818,False,2026-02-03T22:00:00
7173,user_7173,C,68.442,False,2026-02-05T13:00:00
7174,user_7174,C,49.04,True,2026-01-19T01:00:00
7175,user_7175,D,41.325,False,2026-02-06T18:00:00
7176,user_7176,D,83.975,False,2026-01-08T07:00:00
7177,user_7177,B,84.156,True,2026-01-14T18:00:00
7178,user_7178,C,41.17,False,2026-01-09T18:00:00
7179,user_7179,A,98.424,True,2026-02-04T23:00:00
7180,user_7180,B,46.507,True,2026-01-03T05:00:00
7181,user_7181,C,4.443,False,2026-01-10T02:00:00
7182,user_7182,C,42.683,True,2026-01-14T08:00:00
7183,user_7183,D,37.119,True,2026-01-05T12:00:00
7184,user_7184,C,69.293,False,2026-01-27T09:00:00
7185,user_7185,A,78.892,True,2026-01-26T16:00:00
7186,user_7186,D,83.124,True,2026-01-18T23:00:00
7187,user_7187,C,26.31,False,2026-01-05T18:00:00
7188,user_7188,D,95.609,True,2026-01-23T21:00:00
7189,user_7189,D,3.914,True,2026-01-07T16:00:00
7190,user_7190,C,85.736,False,2026-02-10T03:00:00
7191,user_7191,C,21.33,True,2026-01-03T21:00:00
7192,user_7192,B,10.796,False,2026-01-25T17:00:00
7193,user_7193,D,64.609,False,2026-01-08T06:00:00
7194,user_7194,B,10.978,False,2026-01-25T10:00:00
7195,user_7195,C,96.469,True,2026-01-27T13:00:00
7196,user_7196,D,93.561,True,2026-01-01T06:00:00
7197,user_7197,C,25.565,False,2026-02-06T09:00:00
7198,user_7198,C,75.476,True,2026-01-19T20:00:00
7199,user_7199,A,14.542,False,2026-01-07T12:00:00
7200,user_7200,D,50.228,False,2026-01-14T00:00:00
7201,user_7201,A,2.321,False,2026-01-19T20:00:00
7202,user_7202,A,65.467,True,2026-02-05T17:00:00
7203,user_7203,A,67.928,False,2026-01-13T20:00:00
7204,user_7204,B,98.19,True,2026-01-04T02:00:00
7205,user_7205,B,59.587,False,2026-01-18T19:00:00
7206,user_7206,D,85.85,True,2026-01-21T15:00:00
7207,user_7207,A,69.304,True,2026-01-12T11:00:00
7208,user_7208,C,95.698,False,2026-02-10T05:00:00
7209,user_7209,A,11.491,False,2026-02-01T21:00:00
7210,user_7210,A,45.0,True,2026-01-01T06:00:00
7211,user_7211,D,11.761,True,2026-01-23T20:00:00
7212,user_7212,D,6.885,True,2026-01-04T05:00:00
7213,user_7213,B,92.156,False,2026-01-01T14:00:00
7214,user_7214,D,68.32,False,2026-01-11T11:00:00
7215,user_7215,A,91.559,False,2026-02-01T20:00:00
7216,user_7216,D,54.683,False,2026-01-08T02:00:00
7217,user_7217,A,54.675,True,2026-01-02T04:00:00
7218,user_7218,B,77.014,True,2026-02-11T11:00:00
7219,user_7219,A,34.497,True,2026-01-30T03:00:00
7220,user_7220,A,60.722,False,2026-01-01T10:00:00
7221,user_7221,A,19.523,True,2026-02-05T15:00:00
7222,user_7222,A,4.634,True,2026-02-05T06:00:00
7223,user_7223,B,34.205,True,2026-01-19T22:00:00
7224,user_7224,A,2.09,False,2026-02-11T12:00:00
7225,user_7225,B,34.541,False,2026-01-31T05:00:00
7226,user_7226,A,47.591,True,2026-01-01T05:00:00
7227,user_7227,D,99.121,True,2026-01-30T03:00:00
7228,user_7228,D,82.496,False,2026-01-12T16:00:00
7229,user_7229,B,46.04,False,2026-01-08T22:00:00
7230,user_7230,B,82.508,True,2026-02-04T00:00:00
7231,user_7231,D,83.792,False,2026-01-23T22:00:00
7232,user_7232,B,91.007,False,2026-01-05T18:00:00
7233,user_7233,C,45.844,True,2026-02-04T01:00:00
7234,user_7234,D,42.793,True,2026-01-25T03:00:00
7235,user_7235,B,9.668,False,2026-01-06T08:00:00
7236,user_7236,B,79.727,False,2026-01-21T10:00:00
7237,user_7237,A,91.898,False,2026-01-10T12:00:00
7238,user_7238,B,20.487,False,2026-02-07T07:00:00
7239,user_7239,D,86.014,False,2026-01-27T09:00:00
7240,user_7240,D,38.751,True,2026-01-18T22:00:00
7241,user_7241,C,59.722,True,2026-02-03T13:00:00
7242,user_7242,C,84.513,False,2026-01-10T00:00:00
7243,user_7243,A,40.508,True,2026-01-21T15:00:00
7244,user_7244,D,27.664,True,2026-01-07T03:00:00
7245,user_7245,D,36.877,True,2026-02-06T19:00:00
7246,user_7246,C,91.333,False,2026-02-09T08:00:00
7247,user_7247,A,58.764,False,2026-02-11T14:00:00
7248,user_7248,D,86.374,True,2026-01-30T20:00:00
7249,user_7249,C,85.37,False,2026-01-19T13:00:00
7250,user_7250,C,85.081,True,2026-01-22T03:00:00
7251,user_7251,D,63.919,False,2026-01-18T03:00:00
7252,user_7252,A,64.844,True,2026-01-20T07:00:00
7253,user_7253,A,46.261,False,2026-01-10T20:00:00
7254,user_7254,C,42.275,True,2026-01-04T05:00:00
7255,user_7255,C,47.343,True,2026-01-14T13:00:00
7256,user_7256,D,99.901,True,2026-01-18T10:00:00
7257,user_7257,A,64.252,False,2026-01-28T04:00:00
7258,user_7258,C,78.341,True,2026-01-26T04:00:00
7259,user_7259,D,59.999,True,2026-02-11T06:00:00
7260,user_7260,C,37.176,False,2026-01-16T13:00:00
7261,user_7261,D,49.523,False,2026-01-15T05:00:00
7262,user_7262,B,4.424,False,2026-01-22T06:00:00
7263,user_7263,A,92.639,False,2026-01-17T17:00:00
7264,user_7264,D,84.103,True,2026-01-16T17:00:00
7265,user_7265,B,88.883,True,2026-01-25T19:00:00
7266,user_7266,D,39.383,True,2026-02-01T21:00:00
7267,user_7267,B,29.263,False,2026-02-03T05:00:00
7268,user_7268,B,20.702,True,2026-02-09T18:00:00
7269,user_7269,B,18.165,True,2026-01-21T11:00:00
7270,user_7270,C,68.753,True,2026-01-03T07:00:00
7271,user_7271,C,42.834,False,2026-01-02T05:00:00
7272,user_7272,D,47.101,True,2026-01-06T09:00:00
7273,user_7273,B,22.62,False,2026-01-07T20:00:00
7274,user_7274,D,53.252,True,2026-02-11T08:00:00
7275,user_7275,C,75.865,True,2026-01-06T12:00:00
7276,user_7276,B,10.321,False,2026-01-06T01:00:00
7277,user_7277,A,80.127,False,2026-01-11T19:00:00
7278,user_7278,B,57.475,False,2026-01-26T06:00:00
7279,user_7279,A,84.498,False,2026-01-13T17:00:00
7280,user_7280,D,45.998,True,2026-01-28T01:00:00
7281,user_7281,D,51.904,False,2026-01-02T03:00:00
7282,user_7282,A,59.982,True,2026-01-18T12:00:00
7283,user_7283,A,72.736,True,2026-02-10T18:00:00
7284,user_7284,D,89.84,False,2026-01-15T21:00:00
7285,user_7285,D,90.452,False,2026-02-09T09:00:00
7286,user_7286,C,79.449,False,2026-01-26T08:00:00
7287,user_7287,C,7.828,True,2026-02-01T09:00:00
7288,user_7288,B,1.11,True,2026-02-09T17:00:00
7289,user_7289,B,70.179,False,2026-01-12T15:00:00
7290,user_7290,B,14.539,True,2026-02-07T20:00:00
7291,user_7291,B,79.397,False,2026-01-18T11:00:00
7292,user_7292,D,90.422,False,2026-02-09T09:00:00
7293,user_7293,B,55.891,False,2026-01-16T02:00:00
7294,user_7294,D,94.355,True,2026-02-07T14:00:00
7295,user_7295,A,52.518,False,2026-02-08T02:00:00
7296,user_7296,B,10.222,True,2026-01-21T17:00:00
7297,user_7297,B,82.09,True,2026-01-11T15:00:00
7298,user_7298,A,78.31,False,2026-01-13T12:00:00
7299,user_7299,A,38.588,True,2026-01-14T17:00:00
7300,user_7300,D,76.633,False,2026-01-17T14:00:00
7301,user_7301,A,19.628,False,2026-01-31T16:00:00
7302,user_7302,A,18.29,True,2026-01-20T20:00:00
7303,user_7303,B,57.368,False,2026-01-22T22:00:00
7304,user_7304,A,39.356,False,2026-01-07T09:00:00
7305,user_7305,C,67.572,True,2026-01-13T02:00:00
7306,user_7306,D,55.72,False,2026-01-16T13:00:00
7307,user_7307,D,75.284,False,2026-02-01T13:00:00
7308,user_7308,A,58.333,True,2026-01-18T06:00:00
7309,user_7309,B,64.918,False,2026-01-25T09:00:00
7310,user_7310,A,27.351,False,2026-01-21T15:00:00
7311,user_7311,D,47.751,True,2026-01-20T06:00:00
7312,user_7312,D,87.267,True,2026-01-23T06:00:00
7313,user_7313,C,21.298,False,2026-01-17T15:00:00
7314,user_7314,A,38.188,False,2026-01-14T16:00:00
7315,user_7315,C,84.94,False,2026-01-16T00:00:00
7316,user_7316,B,27.629,False,2026-02-11T15:00:00
7317,user_7317,B,64.663,False,2026-01-07T19:00:00
7318,user_7318,C,23.847,True,2026-01-07T08:00:00
7319,user_7319,C,53.549,False,2026-01-06T07:00:00
7320,user_7320,B,5.069,False,2026-01-03T17:00:00
7321,user_7321,A,57.657,False,2026-01-09T20:00:00
7322,user_7322,C,39.035,False,2026-01-14T21:00:00
7323,user_7323,D,64.027,True,2026-01-30T00:00:00
7324,user_7324,A,77.462,True,2026-01-15T01:00:00
7325,user_7325,C,8.698,False,2026-01-09T16:00:00
7326,user_7326,B,13.006,True,2026-01-22T21:00:00
7327,user_7327,B,75.323,True,2026-01-27T16:00:00
7328,user_7328,B,66.373,False,2026-01-17T15:00:00
7329,user_7329,B,97.004,True,2026-02-02T12:00:00
7330,user_7330,D,60.235,False,2026-01-14T16:00:00
7331,user_7331,B,6.944,False,2026-01-28T01:00:00
7332,user_7332,C,76.181,True,2026-02-02T05:00:00
7333,user_7333,B,76.82,False,2026-01-27T23:00:00
7334,user_7334,B,87.386,True,2026-01-25T06:00:00
7335,user_7335,A,85.19,False,2026-01-27T09:00:00
7336,user_7336,D,9.595,True,2026-02-04T19:00:00
7337,user_7337,A,53.128,True,2026-02-07T09:00:00
7338,user_7338,D,57.197,True,2026-01-02T04:00:00
7339,user_7339,A,98.2,False,2026-01-19T18:00:00
7340,user_7340,C,30.833,True,2026-01-08T10:00:00
7341,user_7341,C,55.088,False,2026-01-08T05:00:00
7342,user_7342,C,0.951,True,2026-02-07T21:00:00
7343,user_7343,A,74.169,False,2026-01-28T20:00:00
7344,user_7344,C,28.146,False,2026-01-16T09:00:00
7345,user_7345,B,81.611,False,2026-01-17T04:00:00
7346,user_7346,D,5.815,True,2026-02-06T16:00:00
7347,user_7347,A,30.183,False,2026-02-07T23:00:00
7348,user_7348,C,59.415,False,2026-01-29T00:00:00
7349,user_7349,A,41.559,True,2026-01-14T01:00:00
7350,user_7350,C,85.677,False,2026-01-07T02:00:00
7351,user_7351,B,8.875,True,2026-01-20T01:00:00
7352,user_7352,C,53.491,True,2026-01-10T10:00:00
7353,user_7353,A,2.486,False,2026-01-29T19:00:00
7354,user_7354,D,13.614,True,2026-01-15T22:00:00
7355,user_7355,A,4.473,True,2026-01-30T16:00:00
7356,user_7356,C,69.098,True,2026-01-05T04:00:00
7357,user_7357,B,78.567,False,2026-01-15T09:00:00
7358,user_7358,B,49.534,False,2026-01-08T03:00:00
7359,user_7359,B,18.25,True,2026-01-13T11:00:00
7360,user_7360,D,95.307,False,2026-01-30T01:00:00
7361,user_7361,A,81.102,False,2026-01-20T00:00:00
7362,user_7362,D,7.973,False,2026-01-03T05:00:00
7363,user_7363,B,52.658,True,2026-01-20T14:00:00
7364,user_7364,C,63.463,True,2026-01-05T12:00:00
7365,user_7365,A,83.575,False,2026-01-05T15:00:00
7366,user_7366,A,84.04,False,2026-01-16T11:00:00
7367,user_7367,C,95.555,True,2026-01-21T21:00:00
7368,user_7368,B,10.642,False,2026-01-29T00:00:00
7369,user_7369,B,79.931,False,2026-01-06T21:00:00
7370,user_7370,B,36.385,False,2026-02-09T04:00:00
7371,user_7371,C,98.307,False,2026-01-05T13:00:00
7372,user_7372,C,37.574,False,2026-01-26T12:00:00
7373,user_7373,C,28.022,False,2026-02-06T10:00:00
7374,user_7374,C,8.069,True,2026-01-16T16:00:00
7375,user_7375,D,12.834,True,2026-02-08T14:00:00
7376,user_7376,A,66.948,True,2026-02-09T22:00:00
7377,user_7377,B,71.858,True,2026-01-16T15:00:00
7378,user_7378,D,82.862,True,2026-01-13T01:00:00
7379,user_7379,C,74.316,True,2026-01-03T07:00:00
7380,user_7380,C,36.144,True,2026-02-08T03:00:00
7381,user_7381,B,73.373,False,2026-01-26T09:00:00
7382,user_7382,C,15.912,True,2026-02-01T20:00:00
7383,user_7383,B,70.531,False,2026-01-18T01:00:00
7384,user_7384,A,73.865,False,2026-01-31T07:00:00
7385,user_7385,B,44.983,True,2026-01-21T00:00:00
7386,user_7386,D,50.815,True,2026-02-03T11:00:00
7387,user_7387,B,78.069,True,2026-01-18T10:00:00
7388,user_7388,A,75.52,False,2026-01-20T20:00:00
7389,user_7389,C,32.172,True,2026-02-02T06:00:00
7390,user_7390,B,3.817,False,2026-02-09T09:00:00
7391,user_7391,B,34.615,False,2026-01-12T08:00:00
7392,user_7392,D,42.282,True,2026-01-29T09:00:00
7393,user_7393,A,45.014,False,2026-01-05T03:00:00
7394,user_7394,D,6.973,True,2026-01-30T11:00:00
7395,user_7395,A,98.951,False,2026-01-01T09:00:00
7396,user_7396,D,70.375,False,2026-01-07T03:00:00
7397,user_7397,B,68.849,True,2026-01-14T01:00:00
7398,user_7398,C,73.29,True,2026-01-10T05:00:00
7399,user_7399,B,16.561,True,2026-01-04T22:00:00
7400,user_7400,C,67.176,True,2026-01-11T22:00:00
7401,user_7401,C,18.685,True,2026-01-12T14:00:00
7402,user_7402,A,32.034,False,2026-01-27T14:00:00
7403,user_7403,B,60.782,True,2026-01-29T01:00:00
7404,user_7404,D,67.916,False,2026-01-25T04:00:00
7405,user_7405,D,34.894,False,2026-01-16T14:00:00
7406,user_7406,D,4.886,False,2026-01-28T05:00:00
7407,user_7407,C,90.764,False,2026-02-06T02:00:00
7408,user_7408,D,82.442,True,2026-02-05T23:00:00
7409,user_7409,C,47.429,True,2026-02-05T14:00:00
7410,user_7410,D,93.662,False,2026-01-07T00:00:00
7411,user_7411,A,84.276,False,2026-01-02T18:00:00
7412,user_7412,C,12.771,True,2026-01-10T19:00:00
7413,user_7413,A,0.409,False,2026-01-21T22:00:00
7414,user_7414,D,49.939,False,2026-01-07T23:00:00
7415,user_7415,B,17.191,True,2026-01-09T07:00:00
7416,user_7416,B,46.092,False,2026-02-08T17:00:00
7417,user_7417,C,38.603,False,2026-02-09T10:00:00
7418,user_7418,B,48.968,True,2026-02-08T20:00:00
7419,user_7419,A,68.873,False,2026-01-05T04:00:00
7420,user_7420,A,59.886,False,2026-01-25T23:00:00
7421,user_7421,D,63.245,True,2026-01-26T10:00:00
7422,user_7422,C,22.248,False,2026-02-03T17:00:00
7423,user_7423,B,87.688,False,2026-01-25T09:00:00
7424,user_7424,B,10.456,False,2026-01-21T02:00:00
7425,user_7425,D,6.781,False,2026-01-27T01:00:00
7426,user_7426,D,89.962,True,2026-01-14T17:00:00
7427,user_7427,C,6.815,False,2026-01-22T01:00:00
7428,user_7428,D,80.929,True,2026-01-15T02:00:00
7429,user_7429,A,27.823,True,2026-01-20T13:00:00
7430,user_7430,A,87.839,False,2026-01-05T10:00:00
7431,user_7431,C,16.36,False,2026-01-24T01:00:00
7432,user_7432,A,67.834,False,2026-02-06T14:00:00
7433,user_7433,D,94.853,False,2026-01-30T09:00:00
7434,user_7434,A,62.238,False,2026-01-14T02:00:00
7435,user_7435,D,0.689,True,2026-01-29T20:00:00
7436,user_7436,B,43.29,True,2026-01-29T16:00:00
7437,user_7437,B,37.587,False,2026-02-04T21:00:00
7438,user_7438,B,82.534,True,2026-01-17T10:00:00
7439,user_7439,A,59.763,False,2026-02-04T15:00:00
7440,user_7440,C,52.445,False,2026-01-06T05:00:00
7441,user_7441,B,44.263,True,2026-01-04T20:00:00
7442,user_7442,D,23.384,False,2026-01-14T22:00:00
7443,user_7443,C,32.661,True,2026-01-17T15:00:00
7444,user_7444,C,68.036,True,2026-01-19T10:00:00
7445,user_7445,C,48.686,False,2026-01-28T17:00:00
7446,user_7446,B,49.63,True,2026-01-01T02:00:00
7447,user_7447,A,85.209,False,2026-01-23T00:00:00
7448,user_7448,D,62.592,False,2026-01-30T19:00:00
7449,user_7449,A,80.596,False,2026-01-16T00:00:00
7450,user_7450,A,84.153,True,2026-01-23T21:00:00
7451,user_7451,B,66.67,True,2026-01-04T22:00:00
7452,user_7452,A,34.234,True,2026-01-23T00:00:00
7453,user_7453,D,97.33,False,2026-01-19T00:00:00
7454,user_7454,A,91.757,True,2026-01-10T14:00:00
7455,user_7455,A,67.196,False,2026-01-23T04:00:00
7456,user_7456,C,97.031,False,2026-01-07T11:00:00
7457,user_7457,D,96.704,True,2026-01-01T19:00:00
7458,user_7458,B,5.002,True,2026-01-11T22:00:00
7459,user_7459,C,90.06,False,2026-02-07T06:00:00
7460,user_7460,B,40.212,True,2026-02-09T12:00:00
7461,user_7461,D,94.344,False,2026-02-11T01:00:00
7462,user_7462,D,18.108,False,2026-01-20T17:00:00
7463,user_7463,B,18.609,False,2026-01-24T21:00:00
7464,user_7464,C,55.082,True,2026-01-17T19:00:00
7465,user_7465,D,42.577,False,2026-01-30T03:00:00
7466,user_7466,C,78.215,True,2026-01-01T09:00:00
7467,user_7467,C,2.704,False,2026-01-13T23:00:00
7468,user_7468,C,40.523,True,2026-01-07T11:00:00
7469,user_7469,A,86.195,True,2026-02-08T13:00:00
7470,user_7470,B,4.688,True,2026-01-28T07:00:00
7471,user_7471,A,1.594,False,2026-01-16T08:00:00
7472,user_7472,C,94.795,False,2026-01-22T13:00:00
7473,user_7473,D,47.962,True,2026-01-22T03:00:00
7474,user_7474,B,93.631,True,2026-01-08T17:00:00
7475,user_7475,B,50.399,True,2026-01-31T21:00:00
7476,user_7476,B,54.739,False,2026-01-29T11:00:00
7477,user_7477,A,79.165,False,2026-01-04T05:00:00
7478,user_7478,A,38.478,False,2026-01-24T17:00:00
7479,user_7479,B,45.472,False,2026-02-07T00:00:00
7480,user_7480,B,24.951,False,2026-01-24T02:00:00
7481,user_7481,C,78.507,False,2026-01-12T21:00:00
7482,user_7482,D,66.846,False,2026-01-05T19:00:00
7483,user_7483,C,30.653,False,2026-01-30T16:00:00
7484,user_7484,C,20.573,False,2026-01-19T14:00:00
7485,user_7485,A,85.852,False,2026-02-06T03:00:00
7486,user_7486,D,56.427,True,2026-02-05T19:00:00
7487,user_7487,A,26.187,False,2026-01-13T08:00:00
7488,user_7488,D,34.073,True,2026-01-18T17:00:00
7489,user_7489,A,8.746,False,2026-01-31T05:00:00
7490,user_7490,C,68.332,True,2026-01-10T15:00:00
7491,user_7491,A,65.781,False,2026-01-02T19:00:00
7492,user_7492,C,40.729,False,2026-01-04T18:00:00
7493,user_7493,C,52.759,True,2026-01-21T13:00:00
7494,user_7494,D,84.836,False,2026-02-02T02:00:00
7495,user_7495,B,27.92,True,2026-01-17T14:00:00
7496,user_7496,C,35.876,False,2026-02-10T11:00:00
7497,user_7497,A,3.973,False,2026-01-11T07:00:00
7498,user_7498,B,72.352,False,2026-01-15T18:00:00
7499,user_7499,D,43.92,False,2026-01-09T03:00:00
7500,user_7500,B,70.05,True,2026-01-18T01:00:00
7501,user_7501,C,25.863,False,2026-02-01T04:00:00
7502,user_7502,C,86.449,False,2026-01-11T08:00:00
7503,user_7503,C,40.051,True,2026-01-13T14:00:00
7504,user_7504,A,90.541,True,2026-01-27T15:00:00
7505,user_7505,D,45.078,False,2026-01-05T05:00:00
7506,user_7506,D,35.105,False,2026-02-08T20:00:00
7507,user_7507,A,58.154,False,2026-01-26T10:00:00
7508,user_7508,C,62.411,True,2026-02-01T15:00:00
7509,user_7509,A,13.692,False,2026-01-14T07:00:00
7510,user_7510,B,75.73,True,2026-02-11T14:00:00
7511,user_7511,C,18.617,False,2026-01-05T19:00:00
7512,user_7512,C,84.495,False,2026-02-02T10:00:00
7513,user_7513,D,7.577,True,2026-01-24T02:00:00
7514,user_7514,B,8.792,False,2026-02-02T09:00:00
7515,user_7515,C,16.705,True,2026-01-02T18:00:00
7516,user_7516,C,81.999,False,2026-01-21T09:00:00
7517,user_7517,D,87.937,False,2026-02-09T03:00:00
7518,user_7518,D,17.872,True,2026-01-01T06:00:00
7519,user_7519,B,35.962,True,2026-02-09T04:00:00
7520,user_7520,A,67.9,True,2026-01-31T04:00:00
7521,user_7521,C,44.959,True,2026-01-08T23:00:00
7522,user_7522,A,86.564,True,2026-01-27T22:00:00
7523,user_7523,C,25.956,True,2026-02-08T03:00:00
7524,user_7524,B,62.07,True,2026-01-25T11:00:00
7525,user_7525,B,75.168,False,2026-01-13T02:00:00
7526,user_7526,A,60.592,False,2026-01-04T04:00:00
7527,user_7527,C,91.614,False,2026-02-01T14:00:00
7528,user_7528,B,11.037,True,2026-01-22T02:00:00
7529,user_7529,A,75.317,False,2026-02-08T01:00:00
7530,user_7530,C,72.797,True,2026-01-04T01:00:00
7531,user_7531,B,24.052,False,2026-01-17T15:00:00
7532,user_7532,A,84.426,True,2026-01-10T12:00:00
7533,user_7533,C,85.788,False,2026-01-24T13:00:00
7534,user_7534,B,93.817,True,2026-01-25T09:00:00
7535,user_7535,C,97.488,True,2026-01-07T07:00:00
7536,user_7536,A,7.372,True,2026-01-16T17:00:00
7537,user_7537,A,98.905,True,2026-01-20T14:00:00
7538,user_7538,A,23.482,True,2026-01-20T14:00:00
7539,user_7539,C,64.912,True,2026-01-21T13:00:00
7540,user_7540,A,57.165,True,2026-01-26T19:00:00
7541,user_7541,A,1.08,False,2026-02-05T08:00:00
7542,user_7542,C,70.393,False,2026-01-27T07:00:00
7543,user_7543,D,43.391,True,2026-01-12T14:00:00
7544,user_7544,B,13.534,True,2026-02-01T02:00:00
7545,user_7545,C,1.68,True,2026-01-08T16:00:00
7546,user_7546,B,83.756,True,2026-02-07T07:00:00
7547,user_7547,A,38.394,False,2026-01-24T20:00:00
7548,user_7548,D,9.535,True,2026-01-06T17:00:00
7549,user_7549,C,95.69,False,2026-01-23T14:00:00
7550,user_7550,A,89.622,True,2026-01-07T04:00:00
7551,user_7551,D,58.006,True,2026-01-11T16:00:00
7552,user_7552,B,83.705,False,2026-01-10T23:00:00
7553,user_7553,A,10.897,True,2026-01-24T05:00:00
7554,user_7554,B,64.344,True,2026-01-25T00:00:00
7555,user_7555,C,87.827,True,2026-01-11T18:00:00
7556,user_7556,B,89.09,True,2026-01-29T23:00:00
7557,user_7557,C,79.62,True,2026-01-19T06:00:00
7558,user_7558,A,17.091,True,2026-02-08T16:00:00
7559,user_7559,C,1.097,True,2026-01-10T10:00:00
7560,user_7560,D,20.259,False,2026-02-03T10:00:00
7561,user_7561,C,44.616,True,2026-01-29T18:00:00
7562,user_7562,A,40.23,True,2026-01-19T07:00:00
7563,user_7563,B,0.865,False,2026-01-10T05:00:00
7564,user_7564,D,63.323,True,2026-01-05T06:00:00
7565,user_7565,A,80.833,True,2026-01-18T22:00:00
7566,user_7566,B,66.572,False,2026-01-02T14:00:00
7567,user_7567,B,49.028,False,2026-01-18T20:00:00
7568,user_7568,A,51.98,False,2026-02-02T08:00:00
7569,user_7569,D,63.751,False,2026-01-23T03:00:00
7570,user_7570,B,34.806,False,2026-01-31T12:00:00
7571,user_7571,C,49.624,False,2026-02-04T10:00:00
7572,user_7572,A,24.405,True,2026-01-08T15:00:00
7573,user_7573,B,4.284,True,2026-01-09T12:00:00
7574,user_7574,C,77.36,False,2026-02-08T16:00:00
7575,user_7575,A,79.811,False,2026-01-20T05:00:00
7576,user_7576,D,80.444,True,2026-01-08T15:00:00
7577,user_7577,C,48.172,True,2026-02-03T17:00:00
7578,user_7578,C,91.398,True,2026-02-02T11:00:00
7579,user_7579,D,5.125,False,2026-01-22T10:00:00
7580,user_7580,B,71.318,True,2026-01-08T01:00:00
7581,user_7581,A,55.991,False,2026-01-13T00:00:00
7582,user_7582,C,66.46,False,2026-02-04T17:00:00
7583,user_7583,A,56.533,False,2026-01-04T15:00:00
7584,user_7584,A,59.902,True,2026-01-22T19:00:00
7585,user_7585,B,96.359,True,2026-01-19T15:00:00
7586,user_7586,A,0.385,False,2026-01-13T23:00:00
7587,user_7587,D,44.385,True,2026-01-06T02:00:00
7588,user_7588,C,65.072,True,2026-01-10T16:00:00
7589,user_7589,C,59.847,True,2026-02-05T00:00:00
7590,user_7590,B,67.926,True,2026-02-04T07:00:00
7591,user_7591,C,80.638,True,2026-01-21T18:00:00
7592,user_7592,A,67.665,True,2026-01-11T17:00:00
7593,user_7593,D,87.485,True,2026-02-05T19:00:00
7594,user_7594,A,30.008,True,2026-01-22T09:00:00
7595,user_7595,A,26.393,False,2026-01-26T06:00:00
7596,user_7596,B,40.73,False,2026-02-03T17:00:00
7597,user_7597,C,55.135,False,2026-01-20T13:00:00
7598,user_7598,D,67.629,False,2026-02-10T18:00:00
7599,user_7599,B,67.623,False,2026-01-29T06:00:00
7600,user_7600,B,23.301,True,2026-01-18T18:00:00
7601,user_7601,D,52.063,True,2026-01-12T00:00:00
7602,user_7602,D,98.794,True,2026-01-27T14:00:00
7603,user_7603,D,92.606,True,2026-02-07T03:00:00
7604,user_7604,A,28.584,True,2026-01-17T01:00:00
7605,user_7605,D,93.64,False,2026-01-16T15:00:00
7606,user_7606,D,57.478,True,2026-01-19T12:00:00
7607,user_7607,C,25.71,False,2026-01-25T04:00:00
7608,user_7608,B,63.534,False,2026-01-31T06:00:00
7609,user_7609,D,81.295,True,2026-01-06T06:00:00
7610,user_7610,B,74.414,True,2026-02-04T17:00:00
7611,user_7611,A,76.641,False,2026-02-08T13:00:00
7612,user_7612,A,65.408,False,2026-01-15T21:00:00
7613,user_7613,C,81.815,True,2026-02-02T10:00:00
7614,user_7614,A,9.519,False,2026-02-02T17:00:00
7615,user_7615,D,65.873,True,2026-02-04T07:00:00
7616,user_7616,D,8.353,True,2026-01-30T07:00:00
7617,user_7617,C,34.196,False,2026-01-02T06:00:00
7618,user_7618,A,94.255,True,2026-01-22T20:00:00
7619,user_7619,C,27.794,True,2026-02-10T14:00:00
7620,user_7620,A,41.079,False,2026-01-15T00:00:00
7621,user_7621,C,89.105,False,2026-01-29T22:00:00
7622,user_7622,A,94.935,True,2026-01-20T23:00:00
7623,user_7623,A,27.813,True,2026-02-02T18:00:00
7624,user_7624,D,69.158,True,2026-01-30T18:00:00
7625,user_7625,A,12.932,True,2026-02-08T23:00:00
7626,user_7626,B,76.176,False,2026-01-10T01:00:00
7627,user_7627,D,65.661,False,2026-01-22T04:00:00
7628,user_7628,B,72.669,False,2026-01-23T02:00:00
7629,user_7629,A,36.997,True,2026-01-23T05:00:00
7630,user_7630,D,49.739,False,2026-02-07T12:00:00
7631,user_7631,D,12.229,False,2026-02-05T18:00:00
7632,user_7632,A,29.596,False,2026-01-01T15:00:00
7633,user_7633,A,20.759,True,2026-01-05T22:00:00
7634,user_7634,C,83.653,False,2026-01-12T04:00:00
7635,user_7635,D,18.633,True,2026-02-11T09:00:00
7636,user_7636,C,26.583,False,2026-01-11T07:00:00
7637,user_7637,B,90.738,True,2026-01-02T21:00:00
7638,user_7638,B,86.206,True,2026-02-05T20:00:00
7639,user_7639,D,98.387,False,2026-02-10T10:00:00
7640,user_7640,A,45.946,False,2026-02-02T23:00:00
7641,user_7641,A,76.646,True,2026-01-26T03:00:00
7642,user_7642,D,55.515,True,2026-01-20T13:00:00
7643,user_7643,D,41.044,False,2026-01-01T12:00:00
7644,user_7644,B,29.411,True,2026-01-21T17:00:00
7645,user_7645,B,68.846,True,2026-02-07T20:00:00
7646,user_7646,D,59.399,True,2026-01-15T07:00:00
7647,user_7647,D,61.806,False,2026-01-17T01:00:00
7648,user_7648,C,66.436,False,2026-02-02T01:00:00
7649,user_7649,B,19.615,False,2026-01-11T09:00:00
7650,user_7650,C,19.738,False,2026-01-20T00:00:00
7651,user_7651,B,92.311,False,2026-01-09T07:00:00
7652,user_7652,D,63.836,False,2026-01-09T06:00:00
7653,user_7653,C,20.698,True,2026-01-22T01:00:00
7654,user_7654,B,57.98,True,2026-01-30T02:00:00
7655,user_7655,C,84.845,True,2026-01-15T06:00:00
7656,user_7656,D,82.897,False,2026-01-07T08:00:00
7657,user_7657,C,15.368,True,2026-01-28T19:00:00
7658,user_7658,B,28.996,True,2026-02-06T18:00:00
7659,user_7659,D,55.837,True,2026-02-09T18:00:00
7660,user_7660,A,68.06,True,2026-01-30T04:00:00
7661,user_7661,D,2.363,True,2026-01-03T20:00:00
7662,user_7662,C,14.572,False,2026-01-05T21:00:00
7663,user_7663,C,42.805,False,2026-02-08T03:00:00
7664,user_7664,B,80.653,False,2026-01-25T04:00:00
7665,user_7665,C,67.828,False,2026-02-01T14:00:00
7666,user_7666,D,46.094,False,2026-01-27T12:00:00
7667,user_7667,C,78.653,False,2026-01-22T01:00:00
7668,user_7668,C,51.804,True,2026-01-20T02:00:00
7669,user_7669,D,11.763,True,2026-01-27T04:00:00
7670,user_7670,C,47.528,True,2026-02-04T14:00:00
7671,user_7671,A,0.206,False,2026-01-28T19:00:00
7672,user_7672,A,95.078,True,2026-01-19T00:00:00
7673,user_7673,D,20.353,True,2026-01-05T06:00:00
7674,user_7674,A,35.17,False,2026-02-01T17:00:00
7675,user_7675,B,51.674,True,2026-01-06T18:00:00
7676,user_7676,A,2.927,True,2026-02-11T12:00:00
7677,user_7677,C,77.961,False,2026-01-26T15:00:00
7678,user_7678,B,81.154,False,2026-01-06T21:00:00
7679,user_7679,A,52.775,False,2026-02-08T20:00:00
7680,user_7680,A,23.074,False,2026-01-11T22:00:00
7681,user_7681,A,0.286,False,2026-01-06T02:00:00
7682,user_7682,C,76.763,False,2026-01-10T10:00:00
7683,user_7683,D,77.55,True,2026-01-28T19:00:00
7684,user_7684,A,52.34,True,2026-01-13T19:00:00
7685,user_7685,D,2.384,False,2026-01-02T03:00:00
7686,user_7686,C,51.727,True,2026-01-11T23:00:00
7687,user_7687,C,20.093,True,2026-02-11T01:00:00
7688,user_7688,A,13.357,True,2026-01-28T19:00:00
7689,user_7689,A,44.392,True,2026-01-05T20:00:00
7690,user_7690,B,20.183,False,2026-01-20T19:00:00
7691,user_7691,B,40.116,False,2026-01-17T16:00:00
7692,user_7692,A,39.397,False,2026-01-23T08:00:00
7693,user_7693,B,26.279,True,2026-01-26T04:00:00
7694,user_7694,D,99.305,True,2026-01-25T00:00:00
7695,user_7695,A,58.573,False,2026-02-06T14:00:00
7696,user_7696,C,89.707,True,2026-01-01T18:00:00
7697,user_7697,A,99.105,True,2026-01-06T13:00:00
7698,user_7698,C,74.411,False,2026-01-20T03:00:00
7699,user_7699,C,12.896,True,2026-01-21T15:00:00
7700,user_7700,C,23.688,False,2026-01-15T16:00:00
7701,user_7701,B,76.047,True,2026-01-16T17:00:00
7702,user_7702,C,74.197,True,2026-01-29T12:00:00
7703,user_7703,D,9.269,False,2026-01-11T15:00:00
7704,user_7704,B,2.438,True,2026-01-02T16:00:00
7705,user_7705,C,73.321,False,2026-01-17T12:00:00
7706,user_7706,C,30.631,True,2026-01-28T10:00:00
7707,user_7707,A,20.739,True,2026-01-22T14:00:00
7708,user_7708,A,95.637,True,2026-02-03T10:00:00
7709,user_7709,D,24.723,True,2026-01-07T05:00:00
7710,user_7710,C,29.426,False,2026-01-17T12:00:00
7711,user_7711,A,59.277,False,2026-01-04T14:00:00
7712,user_7712,B,19.899,True,2026-01-03T02:00:00
7713,user_7713,B,26.605,False,2026-01-18T01:00:00
7714,user_7714,C,95.949,False,2026-01-15T14:00:00
7715,user_7715,C,39.478,False,2026-01-27T00:00:00
7716,user_7716,A,69.952,False,2026-01-23T06:00:00
7717,user_7717,C,36.299,True,2026-02-08T18:00:00
7718,user_7718,C,26.408,False,2026-01-23T22:00:00
7719,user_7719,A,51.292,True,2026-01-01T21:00:00
7720,user_7720,B,50.526,False,2026-01-15T07:00:00
7721,user_7721,C,67.828,True,2026-02-09T10:00:00
7722,user_7722,C,76.131,True,2026-01-16T20:00:00
7723,user_7723,D,84.781,False,2026-01-19T20:00:00
7724,user_7724,C,83.786,True,2026-02-06T19:00:00
7725,user_7725,C,47.223,True,2026-01-12T21:00:00
7726,user_7726,C,51.629,False,2026-01-18T02:00:00
7727,user_7727,C,51.12,True,2026-02-06T08:00:00
7728,user_7728,D,54.225,True,2026-01-15T04:00:00
7729,user_7729,B,45.024,True,2026-01-08T01:00:00
7730,user_7730,C,43.417,True,2026-02-07T19:00:00
7731,user_7731,B,96.887,False,2026-02-05T11:00:00
7732,user_7732,A,39.913,False,2026-02-09T05:00:00
7733,user_7733,A,66.661,False,2026-01-20T09:00:00
7734,user_7734,B,88.867,False,2026-01-02T01:00:00
7735,user_7735,B,85.499,True,2026-02-06T05:00:00
7736,user_7736,C,77.096,True,2026-01-13T00:00:00
7737,user_7737,C,21.499,True,2026-01-30T15:00:00
7738,user_7738,B,93.548,True,2026-01-10T20:00:00
7739,user_7739,C,30.819,True,2026-01-11T06:00:00
7740,user_7740,B,95.286,False,2026-02-09T02:00:00
7741,user_7741,A,33.035,True,2026-01-30T05:00:00
7742,user_7742,A,52.969,False,2026-01-16T02:00:00
7743,user_7743,B,37.627,True,2026-01-09T07:00:00
7744,user_7744,C,64.465,False,2026-01-08T22:00:00
7745,user_7745,C,93.616,False,2026-01-31T13:00:00
7746,user_7746,C,65.116,True,2026-01-07T13:00:00
7747,user_7747,C,21.729,True,2026-01-15T17:00:00
7748,user_7748,B,18.304,True,2026-02-09T21:00:00
7749,user_7749,A,93.082,False,2026-01-30T21:00:00
7750,user_7750,A,28.924,False,2026-01-18T00:00:00
7751,user_7751,D,54.1,False,2026-01-05T11:00:00
7752,user_7752,A,37.962,True,2026-01-20T20:00:00
7753,user_7753,D,36.76,True,2026-01-26T09:00:00
7754,user_7754,A,84.37,True,2026-01-01T10:00:00
7755,user_7755,D,74.555,True,2026-02-01T07:00:00
7756,user_7756,A,67.844,False,2026-01-04T17:00:00
7757,user_7757,C,4.519,True,2026-01-28T22:00:00
7758,user_7758,A,16.63,True,2026-01-10T05:00:00
7759,user_7759,D,35.97,True,2026-01-28T23:00:00
7760,user_7760,D,36.049,True,2026-01-21T21:00:00
7761,user_7761,D,38.785,False,2026-01-23T14:00:00
7762,user_7762,B,62.408,True,2026-01-04T13:00:00
7763,user_7763,B,93.77,False,2026-01-31T14:00:00
7764,user_7764,D,80.574,False,2026-01-19T23:00:00
7765,user_7765,A,3.116,False,2026-01-25T21:00:00
7766,user_7766,B,48.091,False,2026-02-04T00:00:00
7767,user_7767,B,31.226,False,2026-01-25T09:00:00
7768,user_7768,D,3.562,False,2026-01-14T20:00:00
7769,user_7769,C,65.204,True,2026-01-28T17:00:00
7770,user_7770,B,10.936,False,2026-01-16T08:00:00
7771,user_7771,C,73.855,True,2026-01-24T23:00:00
7772,user_7772,B,6.922,True,2026-02-04T02:00:00
7773,user_7773,A,50.684,False,2026-02-06T06:00:00
7774,user_7774,B,58.827,True,2026-01-23T13:00:00
7775,user_7775,A,60.076,True,2026-01-13T01:00:00
7776,user_7776,D,74.895,False,2026-02-02T08:00:00
7777,user_7777,B,53.255,True,2026-01-30T14:00:00
7778,user_7778,D,74.022,True,2026-02-09T09:00:00
7779,user_7779,D,76.347,False,2026-02-06T13:00:00
7780,user_7780,B,96.962,True,2026-01-23T10:00:00
7781,user_7781,A,33.088,False,2026-01-14T07:00:00
7782,user_7782,C,51.609,False,2026-01-07T19:00:00
7783,user_7783,A,8.462,True,2026-02-01T11:00:00
7784,user_7784,B,36.168,True,2026-01-10T09:00:00
7785,user_7785,A,35.299,False,2026-01-14T02:00:00
7786,user_7786,B,5.856,False,2026-02-10T10:00:00
7787,user_7787,C,36.213,False,2026-02-03T18:00:00
7788,user_7788,B,10.97,False,2026-01-27T08:00:00
7789,user_7789,D,62.35,False,2026-01-17T03:00:00
7790,user_7790,D,32.153,True,2026-01-31T08:00:00
7791,user_7791,A,85.935,True,2026-02-09T08:00:00
7792,user_7792,D,47.523,False,2026-01-13T01:00:00
7793,user_7793,A,95.525,False,2026-01-12T21:00:00
7794,user_7794,A,96.175,True,2026-01-23T13:00:00
7795,user_7795,D,79.295,True,2026-02-03T03:00:00
7796,user_7796,B,45.663,False,2026-02-04T21:00:00
7797,user_7797,B,86.229,False,2026-01-06T20:00:00
7798,user_7798,C,48.964,False,2026-01-09T15:00:00
7799,user_7799,A,65.837,False,2026-01-22T18:00:00
7800,user_7800,C,29.471,False,2026-01-01T13:00:00
7801,user_7801,D,81.903,True,2026-01-17T18:00:00
7802,user_7802,A,42.472,True,2026-02-08T00:00:00
7803,user_7803,A,99.765,True,2026-02-05T01:00:00
7804,user_7804,C,14.992,False,2026-01-30T07:00:00
7805,user_7805,B,20.226,False,2026-01-05T06:00:00
7806,user_7806,B,36.327,True,2026-01-23T23:00:00
7807,user_7807,A,55.248,False,2026-01-09T20:00:00
7808,user_7808,D,25.299,False,2026-02-03T23:00:00
7809,user_7809,D,28.08,True,2026-01-24T14:00:00
7810,user_7810,D,0.348,True,2026-01-30T06:00:00
7811,user_7811,B,0.992,False,2026-01-28T01:00:00
7812,user_7812,C,67.143,True,2026-01-17T23:00:00
7813,user_7813,D,74.197,True,2026-02-07T20:00:00
7814,user_7814,D,23.661,True,2026-01-24T20:00:00
7815,user_7815,C,76.244,True,2026-01-02T06:00:00
7816,user_7816,D,2.133,True,2026-02-03T00:00:00
7817,user_7817,A,18.336,True,2026-02-05T09:00:00
7818,user_7818,B,64.377,True,2026-02-11T06:00:00
7819,user_7819,B,83.447,False,2026-01-08T07:00:00
7820,user_7820,C,34.647,False,2026-01-08T14:00:00
7821,user_7821,D,62.908,False,2026-02-11T04:00:00
7822,user_7822,B,20.273,False,2026-01-04T12:00:00
7823,user_7823,A,32.416,True,2026-02-07T07:00:00
7824,user_7824,B,27.835,False,2026-01-09T07:00:00
7825,user_7825,D,70.629,True,2026-02-02T17:00:00
7826,user_7826,D,82.237,True,2026-02-06T17:00:00
7827,user_7827,D,92.496,True,2026-01-09T22:00:00
7828,user_7828,C,76.942,False,2026-01-05T07:00:00
7829,user_7829,B,13.089,False,2026-01-15T13:00:00
7830,user_7830,D,48.193,False,2026-01-13T22:00:00
7831,user_7831,A,40.698,False,2026-01-03T18:00:00
7832,user_7832,B,73.538,True,2026-01-17T14:00:00
7833,user_7833,C,0.144,True,2026-01-16T02:00:00
7834,user_7834,D,2.668,False,2026-01-20T20:00:00
7835,user_7835,A,3.943,False,2026-02-08T11:00:00
7836,user_7836,D,18.492,True,2026-01-12T09:00:00
7837,user_7837,D,90.864,True,2026-02-10T13:00:00
7838,user_7838,A,54.144,False,2026-01-28T13:00:00
7839,user_7839,A,86.442,True,2026-01-01T12:00:00
7840,user_7840,B,22.612,True,2026-01-06T09:00:00
7841,user_7841,C,45.941,True,2026-01-27T20:00:00
7842,user_7842,D,96.047,True,2026-01-21T00:00:00
7843,user_7843,A,34.663,False,2026-02-05T02:00:00
7844,user_7844,D,84.63,False,2026-02-03T19:00:00
7845,user_7845,A,94.369,False,2026-02-03T06:00:00
7846,user_7846,D,33.291,True,2026-02-01T15:00:00
7847,user_7847,C,10.113,True,2026-02-03T12:00:00
7848,user_7848,A,21.969,False,2026-01-23T08:00:00
7849,user_7849,C,17.662,True,2026-01-05T19:00:00
7850,user_7850,C,85.02,True,2026-01-25T10:00:00
7851,user_7851,A,31.089,True,2026-01-21T12:00:00
7852,user_7852,D,33.398,True,2026-01-08T07:00:00
7853,user_7853,A,90.111,False,2026-01-12T10:00:00
7854,user_7854,D,68.571,False,2026-01-26T13:00:00
7855,user_7855,C,21.164,False,2026-01-22T00:00:00
7856,user_7856,B,44.881,False,2026-01-31T10:00:00
7857,user_7857,D,44.505,False,2026-02-06T15:00:00
7858,user_7858,C,48.513,True,2026-02-01T01:00:00
7859,user_7859,B,2.455,False,2026-01-16T21:00:00
7860,user_7860,D,77.819,False,2026-01-15T09:00:00
7861,user_7861,D,52.222,False,2026-01-20T22:00:00
7862,user_7862,C,46.501,False,2026-01-12T20:00:00
7863,user_7863,A,47.155,True,2026-01-28T22:00:00
7864,user_7864,A,5.285,True,2026-01-31T09:00:00
7865,user_7865,B,3.611,True,2026-02-06T04:00:00
7866,user_7866,D,45.045,True,2026-02-09T17:00:00
7867,user_7867,D,14.347,False,2026-02-03T21:00:00
7868,user_7868,A,77.631,True,2026-02-05T23:00:00
7869,user_7869,C,58.875,True,2026-01-31T15:00:00
7870,user_7870,D,10.33,False,2026-01-26T07:00:00
7871,user_7871,B,60.19,True,2026-01-24T17:00:00
7872,user_7872,A,67.192,False,2026-01-31T23:00:00
7873,user_7873,C,30.663,False,2026-01-18T21:00:00
7874,user_7874,D,50.617,True,2026-01-15T16:00:00
7875,user_7875,C,65.671,True,2026-02-08T11:00:00
7876,user_7876,C,24.67,False,2026-01-28T08:00:00
7877,user_7877,C,66.011,True,2026-01-28T09:00:00
7878,user_7878,A,17.739,True,2026-02-06T06:00:00
7879,user_7879,D,40.226,False,2026-01-10T09:00:00
7880,user_7880,D,97.995,True,2026-01-26T12:00:00
7881,user_7881,D,82.935,True,2026-01-30T22:00:00
7882,user_7882,C,24.382,False,2026-02-02T12:00:00
7883,user_7883,B,43.018,True,2026-02-03T16:00:00
7884,user_7884,D,35.706,True,2026-01-08T18:00:00
7885,user_7885,C,76.281,True,2026-01-16T20:00:00
7886,user_7886,C,36.858,False,2026-02-05T19:00:00
7887,user_7887,C,20.064,False,2026-01-30T09:00:00
7888,user_7888,A,59.828,False,2026-01-17T12:00:00
7889,user_7889,B,31.684,False,2026-01-20T18:00:00
7890,user_7890,A,93.132,True,2026-01-09T22:00:00
7891,user_7891,A,42.486,True,2026-01-12T06:00:00
7892,user_7892,C,3.768,False,2026-01-07T05:00:00
7893,user_7893,C,65.465,True,2026-02-01T18:00:00
7894,user_7894,C,97.74,False,2026-02-07T13:00:00
7895,user_7895,B,9.363,False,2026-01-18T16:00:00
7896,user_7896,A,41.584,True,2026-01-25T13:00:00
7897,user_7897,D,98.353,False,2026-01-28T16:00:00
7898,user_7898,C,38.524,True,2026-02-10T03:00:00
7899,user_7899,D,92.635,False,2026-01-18T13:00:00
7900,user_7900,C,88.427,True,2026-01-21T17:00:00
7901,user_7901,C,27.691,True,2026-01-29T09:00:00
7902,user_7902,C,55.605,True,2026-02-05T03:00:00
7903,user_7903,B,5.775,True,2026-01-14T12:00:00
7904,user_7904,A,69.447,False,2026-02-10T06:00:00
7905,user_7905,B,37.449,False,2026-02-10T22:00:00
7906,user_7906,B,26.36,True,2026-01-13T07:00:00
7907,user_7907,D,95.159,False,2026-01-17T10:00:00
7908,user_7908,A,82.918,False,2026-01-24T21:00:00
7909,user_7909,B,99.773,False,2026-01-07T19:00:00
7910,user_7910,C,36.041,False,2026-01-31T17:00:00
7911,user_7911,B,35.827,False,2026-01-17T10:00:00
7912,user_7912,B,12.97,False,2026-01-12T20:00:00
7913,user_7913,D,3.056,True,2026-01-22T19:00:00
7914,user_7914,C,36.733,True,2026-02-09T00:00:00
7915,user_7915,D,50.048,True,2026-02-03T16:00:00
7916,user_7916,C,15.49,False,2026-01-07T11:00:00
7917,user_7917,C,17.564,False,2026-01-03T04:00:00
7918,user_7918,C,39.062,True,2026-01-31T13:00:00
7919,user_7919,C,14.318,True,2026-01-08T15:00:00
7920,user_7920,C,86.658,True,2026-01-16T14:00:00
7921,user_7921,C,72.717,False,2026-01-22T19:00:00
7922,user_7922,B,32.498,False,2026-02-05T16:00:00
7923,user_7923,C,67.629,False,2026-01-08T12:00:00
7924,user_7924,C,85.987,True,2026-01-24T18:00:00
7925,user_7925,D,37.715,False,2026-02-03T23:00:00
7926,user_7926,B,85.271,True,2026-01-11T06:00:00
7927,user_7927,B,96.194,False,2026-01-21T20:00:00
7928,user_7928,B,35.393,True,2026-01-15T05:00:00
7929,user_7929,C,34.023,False,2026-01-12T19:00:00
7930,user_7930,C,63.233,True,2026-02-05T16:00:00
7931,user_7931,A,18.927,False,2026-02-03T11:00:00
7932,user_7932,C,8.56,True,2026-01-06T22:00:00
7933,user_7933,C,77.781,False,2026-01-09T14:00:00
7934,user_7934,D,65.113,True,2026-02-07T14:00:00
7935,user_7935,D,19.696,False,2026-01-25T10:00:00
7936,user_7936,B,25.691,False,2026-01-25T06:00:00
7937,user_7937,A,6.372,True,2026-01-08T14:00:00
7938,user_7938,C,76.231,False,2026-02-10T04:00:00
7939,user_7939,D,76.458,False,2026-01-06T17:00:00
7940,user_7940,A,43.618,True,2026-01-08T19:00:00
7941,user_7941,A,15.73,False,2026-01-25T01:00:00
7942,user_7942,C,10.244,False,2026-01-25T08:00:00
7943,user_7943,B,98.559,False,2026-01-15T03:00:00
7944,user_7944,C,47.715,False,2026-01-29T23:00:00
7945,user_7945,C,68.827,False,2026-02-10T02:00:00
7946,user_7946,B,84.882,False,2026-02-05T14:00:00
7947,user_7947,D,19.222,False,2026-01-01T16:00:00
7948,user_7948,B,48.164,True,2026-02-07T13:00:00
7949,user_7949,C,42.791,True,2026-01-05T00:00:00
7950,user_7950,A,26.67,True,2026-01-14T10:00:00
7951,user_7951,C,7.683,False,2026-01-12T13:00:00
7952,user_7952,C,66.685,False,2026-01-19T19:00:00
7953,user_7953,C,0.674,False,2026-02-02T13:00:00
7954,user_7954,C,38.148,True,2026-02-06T06:00:00
7955,user_7955,B,90.914,True,2026-02-05T19:00:00
7956,user_7956,D,44.099,False,2026-01-23T01:00:00
7957,user_7957,D,99.335,True,2026-02-05T09:00:00
7958,user_7958,A,98.625,False,2026-01-16T09:00:00
7959,user_7959,D,64.95,True,2026-01-20T02:00:00
7960,user_7960,B,35.044,True,2026-02-05T14:00:00
7961,user_7961,B,5.517,True,2026-01-07T06:00:00
7962,user_7962,B,90.233,True,2026-01-16T01:00:00
7963,user_7963,A,13.265,False,2026-01-05T13:00:00
7964,user_7964,C,75.651,False,2026-01-25T01:00:00
7965,user_7965,A,92.641,True,2026-01-07T12:00:00
7966,user_7966,C,93.432,False,2026-02-01T12:00:00
7967,user_7967,A,30.731,False,2026-02-06T21:00:00
7968,user_7968,D,8.961,True,2026-01-06T18:00:00
7969,user_7969,D,21.723,False,2026-01-14T21:00:00
7970,user_7970,C,89.333,False,2026-01-18T03:00:00
7971,user_7971,B,80.181,False,2026-01-20T23:00:00
7972,user_7972,A,62.473,True,2026-01-07T13:00:00
7973,user_7973,D,72.479,False,2026-01-02T13:00:00
7974,user_7974,C,8.124,False,2026-01-31T19:00:00
7975,user_7975,C,61.393,True,2026-02-07T22:00:00
7976,user_7976,A,71.844,False,2026-02-09T02:00:00
7977,user_7977,A,0.029,False,2026-02-07T16:00:00
7978,user_7978,C,22.993,True,2026-01-17T05:00:00
7979,user_7979,D,81.432,False,2026-01-16T13:00:00
7980,user_7980,D,45.927,False,2026-01-19T09:00:00
7981,user_7981,A,44.048,True,2026-01-23T03:00:00
7982,user_7982,C,58.892,True,2026-02-08T18:00:00
7983,user_7983,C,43.912,False,2026-01-14T18:00:00
7984,user_7984,B,95.757,False,2026-01-12T05:00:00
7985,user_7985,A,15.416,False,2026-01-14T00:00:00
7986,user_7986,C,47.472,True,2026-01-05T12:00:00
7987,user_7987,A,91.512,False,2026-01-07T16:00:00
7988,user_7988,D,98.44,False,2026-01-28T17:00:00
7989,user_7989,B,78.316,False,2026-01-24T00:00:00
7990,user_7990,C,20.62,True,2026-02-09T06:00:00
7991,user_7991,C,23.717,False,2026-01-19T21:00:00
7992,user_7992,C,0.673,False,2026-02-10T20:00:00
7993,user_7993,D,46.218,False,2026-01-06T13:00:00
7994,user_7994,D,53.803,False,2026-01-12T00:00:00
7995,user_7995,D,28.13,False,2026-02-06T21:00:00
7996,user_7996,B,68.105,True,2026-01-16T18:00:00
7997,user_7997,A,7.668,True,2026-01-08T04:00:00
7998,user_7998,B,26.958,True,2026-01-20T14:00:00
7999,user_7999,A,19.328,False,2026-01-18T16:00:00
8000,user_8000,C,54.908,False,2026-01-10T08:00:00
8001,user_8001,C,11.599,True,2026-01-11T07:00:00
8002,user_8002,C,5.819,False,2026-01-06T17:00:00
8003,user_8003,C,66.616,False,2026-01-02T07:00:00
8004,user_8004,D,25.459,False,2026-01-05T14:00:00
8005,user_8005,B,0.361,False,2026-01-12T02:00:00
8006,user_8006,D,83.996,True,2026-01-27T02:00:00
8007,user_8007,D,44.179,False,2026-01-28T18:00:00
8008,user_8008,C,21.827,False,2026-02-08T12:00:00
8009,user_8009,D,67.517,False,2026-01-11T01:00:00
8010,user_8010,B,22.667,True,2026-01-04T23:00:00
8011,user_8011,B,7.513,True,2026-01-24T00:00:00
8012,user_8012,C,15.884,True,2026-01-11T00:00:00
8013,user_8013,A,17.065,False,2026-01-25T03:00:00
8014,user_8014,B,1.372,False,2026-01-31T22:00:00
8015,user_8015,A,7.889,True,2026-01-06T04:00:00
8016,user_8016,C,72.793,True,2026-02-09T19:00:00
8017,user_8017,B,93.757,False,2026-01-18T21:00:00
8018,user_8018,A,67.154,True,2026-01-12T11:00:00
8019,user_8019,D,98.272,True,2026-02-06T23:00:00
8020,user_8020,C,49.536,True,2026-02-11T10:00:00
8021,user_8021,A,30.684,True,2026-01-04T06:00:00
8022,user_8022,A,26.965,True,2026-01-06T15:00:00
8023,user_8023,D,42.798,True,2026-02-09T13:00:00
8024,user_8024,D,94.017,True,2026-02-01T03:00:00
8025,user_8025,A,78.523,True,2026-01-02T18:00:00
8026,user_8026,D,1.065,True,2026-01-09T04:00:00
8027,user_8027,D,57.727,False,2026-01-15T09:00:00
8028,user_8028,A,33.356,True,2026-01-21T02:00:00
8029,user_8029,A,99.714,True,2026-01-04T13:00:00
8030,user_8030,A,32.336,False,2026-02-08T08:00:00
8031,user_8031,B,67.967,False,2026-01-19T14:00:00
8032,user_8032,A,90.611,False,2026-02-01T10:00:00
8033,user_8033,B,11.917,False,2026-01-20T07:00:00
8034,user_8034,D,78.267,True,2026-01-17T23:00:00
8035,user_8035,D,84.809,True,2026-01-26T01:00:00
8036,user_8036,D,50.709,True,2026-02-01T05:00:00
8037,user_8037,B,1.096,True,2026-01-25T03:00:00
8038,user_8038,A,50.814,False,2026-01-13T10:00:00
8039,user_8039,C,33.04,False,2026-01-12T04:00:00
8040,user_8040,A,55.413,True,2026-02-05T09:00:00
8041,user_8041,B,99.681,True,2026-02-01T00:00:00
8042,user_8042,D,6.213,False,2026-01-27T22:00:00
8043,user_8043,B,93.796,True,2026-01-12T20:00:00
8044,user_8044,A,3.254,True,2026-01-19T18:00:00
8045,user_8045,C,61.112,False,2026-01-20T14:00:00
8046,user_8046,B,10.845,False,2026-01-13T06:00:00
8047,user_8047,C,96.69,False,2026-02-03T06:00:00
8048,user_8048,C,26.813,True,2026-01-06T22:00:00
8049,user_8049,A,59.591,True,2026-02-07T22:00:00
8050,user_8050,C,56.442,True,2026-01-08T21:00:00
8051,user_8051,A,8.545,False,2026-01-22T07:00:00
8052,user_8052,A,58.814,True,2026-02-05T07:00:00
8053,user_8053,D,55.197,False,2026-01-15T10:00:00
8054,user_8054,D,72.618,False,2026-01-30T08:00:00
8055,user_8055,C,66.909,False,2026-02-09T18:00:00
8056,user_8056,D,54.424,False,2026-01-12T18:00:00
8057,user_8057,B,17.505,False,2026-01-31T15:00:00
8058,user_8058,C,55.667,True,2026-01-15T23:00:00
8059,user_8059,B,93.423,False,2026-01-13T09:00:00
8060,user_8060,D,85.32,False,2026-01-28T22:00:00
8061,user_8061,D,26.021,False,2026-02-04T16:00:00
8062,user_8062,C,4.768,False,2026-01-21T14:00:00
8063,user_8063,A,60.403,False,2026-01-31T17:00:00
8064,user_8064,C,64.02,False,2026-02-03T12:00:00
8065,user_8065,A,72.892,False,2026-02-09T12:00:00
8066,user_8066,A,60.666,True,2026-01-05T21:00:00
8067,user_8067,C,80.35,False,2026-01-31T00:00:00
8068,user_8068,A,43.785,False,2026-02-08T08:00:00
8069,user_8069,B,6.728,False,2026-02-09T12:00:00
8070,user_8070,A,4.638,False,2026-02-07T17:00:00
8071,user_8071,C,63.19,True,2026-01-28T16:00:00
8072,user_8072,B,76.996,False,2026-01-08T21:00:00
8073,user_8073,A,62.422,False,2026-01-14T01:00:00
8074,user_8074,C,97.202,False,2026-01-21T08:00:00
8075,user_8075,D,34.057,True,2026-02-02T08:00:00
8076,user_8076,D,74.743,False,2026-02-08T03:00:00
8077,user_8077,D,58.693,True,2026-01-30T14:00:00
8078,user_8078,C,0.776,True,2026-02-09T11:00:00
8079,user_8079,D,3.466,True,2026-02-04T20:00:00
8080,user_8080,B,35.521,True,2026-01-10T01:00:00
8081,user_8081,A,99.139,True,2026-02-03T23:00:00
8082,user_8082,D,34.704,True,2026-01-06T08:00:00
8083,user_8083,A,79.961,True,2026-01-08T11:00:00
8084,user_8084,B,3.581,True,2026-01-08T17:00:00
8085,user_8085,A,6.321,True,2026-01-08T05:00:00
8086,user_8086,D,22.196,False,2026-01-27T16:00:00
8087,user_8087,B,35.027,False,2026-01-08T18:00:00
8088,user_8088,A,5.628,True,2026-01-29T15:00:00
8089,user_8089,B,72.067,False,2026-01-12T00:00:00
8090,user_8090,A,79.255,False,2026-02-07T18:00:00
8091,user_8091,D,6.301,False,2026-02-06T00:00:00
8092,user_8092,B,4.171,True,2026-02-08T10:00:00
8093,user_8093,D,64.328,False,2026-01-18T19:00:00
8094,user_8094,D,62.29,False,2026-01-16T20:00:00
8095,user_8095,D,85.556,True,2026-02-08T17:00:00
8096,user_8096,B,66.405,True,2026-02-06T17:00:00
8097,user_8097,B,79.813,True,2026-01-08T23:00:00
8098,user_8098,B,44.932,True,2026-01-11T11:00:00
8099,user_8099,C,59.905,False,2026-01-24T16:00:00
8100,user_8100,C,46.054,True,2026-01-10T22:00:00
8101,user_8101,B,34.172,False,2026-01-11T23:00:00
8102,user_8102,C,88.432,False,2026-01-09T02:00:00
8103,user_8103,B,17.044,False,2026-01-03T16:00:00
8104,user_8104,B,71.048,True,2026-02-05T10:00:00
8105,user_8105,A,56.574,False,2026-02-05T08:00:00
8106,user_8106,D,98.508,True,2026-01-02T16:00:00
8107,user_8107,D,73.422,False,2026-01-28T17:00:00
8108,user_8108,C,27.151,False,2026-01-24T11:00:00
8109,user_8109,C,38.586,False,2026-01-25T14:00:00
8110,user_8110,D,65.869,True,2026-01-06T07:00:00
8111,user_8111,C,75.195,True,2026-01-02T09:00:00
8112,user_8112,A,17.188,True,2026-02-10T04:00:00
8113,user_8113,C,52.278,True,2026-01-14T22:00:00
8114,user_8114,D,56.494,True,2026-01-09T06:00:00
8115,user_8115,A,91.145,False,2026-01-06T00:00:00
8116,user_8116,B,64.295,True,2026-01-24T16:00:00
8117,user_8117,D,18.23,False,2026-01-13T02:00:00
8118,user_8118,A,43.488,True,2026-01-03T19:00:00
8119,user_8119,C,95.261,True,2026-02-06T05:00:00
8120,user_8120,B,1.606,True,2026-01-28T15:00:00
8121,user_8121,B,97.421,True,2026-01-15T03:00:00
8122,user_8122,B,84.51,False,2026-01-18T09:00:00
8123,user_8123,B,67.596,False,2026-01-21T23:00:00
8124,user_8124,B,22.897,True,2026-01-28T03:00:00
8125,user_8125,A,82.708,False,2026-01-06T23:00:00
8126,user_8126,C,43.211,False,2026-01-12T09:00:00
8127,user_8127,D,85.504,False,2026-02-05T20:00:00
8128,user_8128,B,42.77,True,2026-01-07T04:00:00
8129,user_8129,C,19.734,True,2026-01-17T09:00:00
8130,user_8130,D,44.152,False,2026-02-04T01:00:00
8131,user_8131,D,99.159,True,2026-01-26T19:00:00
8132,user_8132,A,30.02,False,2026-01-31T09:00:00
8133,user_8133,D,86.126,False,2026-01-20T11:00:00
8134,user_8134,A,74.896,False,2026-02-09T22:00:00
8135,user_8135,B,39.754,True,2026-01-02T10:00:00
8136,user_8136,D,56.209,False,2026-01-03T13:00:00
8137,user_8137,B,69.929,True,2026-01-07T04:00:00
8138,user_8138,D,36.228,False,2026-02-10T17:00:00
8139,user_8139,D,16.89,False,2026-01-03T05:00:00
8140,user_8140,B,24.509,True,2026-01-05T13:00:00
8141,user_8141,A,49.226,True,2026-02-07T04:00:00
8142,user_8142,B,92.424,True,2026-01-28T18:00:00
8143,user_8143,B,58.784,False,2026-01-03T21:00:00
8144,user_8144,A,34.198,False,2026-01-11T09:00:00
8145,user_8145,C,99.564,False,2026-01-02T05:00:00
8146,user_8146,B,87.441,True,2026-02-08T03:00:00
8147,user_8147,A,8.163,False,2026-01-19T05:00:00
8148,user_8148,C,38.717,True,2026-01-16T20:00:00
8149,user_8149,B,5.472,True,2026-01-21T23:00:00
8150,user_8150,C,1.942,False,2026-01-01T20:00:00
8151,user_8151,B,0.105,False,2026-01-21T21:00:00
8152,user_8152,D,84.606,False,2026-01-01T21:00:00
8153,user_8153,D,61.955,False,2026-01-11T20:00:00
8154,user_8154,C,48.38,True,2026-01-26T13:00:00
8155,user_8155,A,33.906,False,2026-01-01T02:00:00
8156,user_8156,D,58.798,False,2026-01-09T18:00:00
8157,user_8157,A,92.467,False,2026-01-10T22:00:00
8158,user_8158,B,12.898,True,2026-01-08T21:00:00
8159,user_8159,D,84.431,False,2026-01-09T20:00:00
8160,user_8160,D,48.363,True,2026-02-10T13:00:00
8161,user_8161,B,3.45,False,2026-01-10T11:00:00
8162,user_8162,D,5.654,False,2026-01-11T05:00:00
8163,user_8163,A,94.483,True,2026-01-25T06:00:00
8164,user_8164,C,85.171,True,2026-01-10T12:00:00
8165,user_8165,D,93.769,False,2026-01-25T10:00:00
8166,user_8166,D,15.005,False,2026-01-17T16:00:00
8167,user_8167,D,97.397,False,2026-01-24T20:00:00
8168,user_8168,B,11.674,True,2026-01-28T20:00:00
8169,user_8169,B,35.836,True,2026-01-14T19:00:00
8170,user_8170,B,39.267,False,2026-01-15T16:00:00
8171,user_8171,B,80.754,False,2026-01-01T19:00:00
8172,user_8172,C,12.626,False,2026-01-21T05:00:00
8173,user_8173,B,0.21,False,2026-01-29T17:00:00
8174,user_8174,C,63.678,True,2026-01-29T20:00:00
8175,user_8175,D,93.442,False,2026-01-17T05:00:00
8176,user_8176,C,68.465,False,2026-01-19T00:00:00
8177,user_8177,A,19.379,True,2026-02-03T14:00:00
8178,user_8178,C,83.689,True,2026-01-23T13:00:00
8179,user_8179,C,87.589,True,2026-01-01T11:00:00
8180,user_8180,B,48.962,False,2026-01-03T03:00:00
8181,user_8181,B,59.544,False,2026-02-11T04:00:00
8182,user_8182,C,57.552,False,2026-01-18T03:00:00
8183,user_8183,A,68.157,True,2026-01-06T11:00:00
8184,user_8184,C,48.067,True,2026-01-25T00:00:00
8185,user_8185,D,18.45,True,2026-02-06T04:00:00
8186,user_8186,A,98.683,True,2026-01-10T19:00:00
8187,user_8187,B,40.599,False,2026-01-02T11:00:00
8188,user_8188,D,34.939,True,2026-02-03T12:00:00
8189,user_8189,C,29.035,False,2026-02-02T08:00:00
8190,user_8190,C,62.7,True,2026-02-02T04:00:00
8191,user_8191,B,99.89,True,2026-01-06T00:00:00
8192,user_8192,D,8.217,True,2026-01-28T10:00:00
8193,user_8193,A,62.117,False,2026-02-10T20:00:00
8194,user_8194,B,46.105,True,2026-01-25T17:00:00
8195,user_8195,C,82.118,False,2026-01-15T18:00:00
8196,user_8196,B,12.099,False,2026-01-12T03:00:00
8197,user_8197,B,17.746,False,2026-01-17T20:00:00
8198,user_8198,C,43.764,False,2026-02-08T22:00:00
8199,user_8199,C,99.736,True,2026-01-16T16:00:00
8200,user_8200,A,28.797,False,2026-01-21T19:00:00
8201,user_8201,D,95.752,False,2026-02-05T07:00:00
8202,user_8202,C,41.273,True,2026-02-01T08:00:00
8203,user_8203,C,34.558,False,2026-01-08T13:00:00
8204,user_8204,A,22.784,False,2026-01-03T00:00:00
8205,user_8205,A,34.775,False,2026-01-18T16:00:00
8206,user_8206,A,23.499,False,2026-01-07T00:00:00
8207,user_8207,A,72.987,True,2026-01-06T13:00:00
8208,user_8208,D,22.966,False,2026-01-19T03:00:00
8209,user_8209,A,92.369,True,2026-02-10T00:00:00
8210,user_8210,A,32.886,False,2026-01-17T02:00:00
8211,user_8211,A,3.886,False,2026-01-30T14:00:00
8212,user_8212,B,60.275,True,2026-01-24T16:00:00
8213,user_8213,C,14.649,True,2026-01-29T15:00:00
8214,user_8214,B,17.317,True,2026-02-09T13:00:00
8215,user_8215,B,96.557,True,2026-01-23T20:00:00
8216,user_8216,D,0.311,False,2026-02-03T20:00:00
8217,user_8217,C,32.479,True,2026-01-21T01:00:00
8218,user_8218,D,31.915,True,2026-01-31T22:00:00
8219,user_8219,B,77.206,True,2026-01-08T09:00:00
8220,user_8220,C,61.845,True,2026-02-10T20:00:00
8221,user_8221,B,59.714,True,2026-02-10T19:00:00
8222,user_8222,C,28.422,False,2026-01-27T08:00:00
8223,user_8223,D,93.176,True,2026-01-09T11:00:00
8224,user_8224,A,23.337,True,2026-01-14T05:00:00
8225,user_8225,C,7.666,True,2026-01-28T05:00:00
8226,user_8226,A,28.836,False,2026-02-11T10:00:00
8227,user_8227,A,44.336,True,2026-01-25T22:00:00
8228,user_8228,C,9.928,True,2026-01-30T09:00:00
8229,user_8229,A,50.983,True,2026-01-10T18:00:00
8230,user_8230,C,69.13,False,2026-01-01T19:00:00
8231,user_8231,B,41.005,False,2026-01-02T00:00:00
8232,user_8232,D,37.726,False,2026-01-13T03:00:00
8233,user_8233,A,51.087,False,2026-01-02T07:00:00
8234,user_8234,C,26.402,False,2026-01-11T06:00:00
8235,user_8235,C,40.34,True,2026-01-28T22:00:00
8236,user_8236,D,24.724,True,2026-01-23T17:00:00
8237,user_8237,C,48.776,False,2026-01-28T14:00:00
8238,user_8238,D,13.634,False,2026-02-06T23:00:00
8239,user_8239,D,79.965,True,2026-01-17T08:00:00
8240,user_8240,C,98.667,True,2026-01-16T14:00:00
8241,user_8241,C,54.078,False,2026-01-14T10:00:00
8242,user_8242,B,24.565,False,2026-01-30T23:00:00
8243,user_8243,D,20.863,False,2026-02-04T07:00:00
8244,user_8244,A,31.388,True,2026-02-09T16:00:00
8245,user_8245,C,21.565,True,2026-01-03T23:00:00
8246,user_8246,D,97.533,False,2026-01-11T05:00:00
8247,user_8247,D,34.984,False,2026-01-07T04:00:00
8248,user_8248,A,18.004,False,2026-02-11T01:00:00
8249,user_8249,C,39.667,True,2026-01-14T01:00:00
8250,user_8250,A,89.637,True,2026-01-25T01:00:00
8251,user_8251,B,73.803,True,2026-01-30T00:00:00
8252,user_8252,A,36.094,False,2026-01-06T19:00:00
8253,user_8253,D,61.069,True,2026-01-21T19:00:00
8254,user_8254,B,69.029,False,2026-02-10T07:00:00
8255,user_8255,D,15.07,False,2026-01-04T15:00:00
8256,user_8256,B,9.844,False,2026-02-02T04:00:00
8257,user_8257,C,38.656,True,2026-01-11T12:00:00
8258,user_8258,C,47.611,True,2026-02-07T21:00:00
8259,user_8259,D,52.487,False,2026-01-18T11:00:00
8260,user_8260,C,41.932,False,2026-01-28T21:00:00
8261,user_8261,C,80.053,False,2026-01-08T22:00:00
8262,user_8262,B,46.272,True,2026-02-05T21:00:00
8263,user_8263,C,16.132,True,2026-01-03T13:00:00
8264,user_8264,C,55.79,False,2026-01-13T00:00:00
8265,user_8265,B,8.38,False,2026-01-30T10:00:00
8266,user_8266,A,78.343,False,2026-01-13T20:00:00
8267,user_8267,D,80.014,True,2026-01-08T09:00:00
8268,user_8268,C,55.05,True,2026-02-07T06:00:00
8269,user_8269,A,76.059,True,2026-01-25T15:00:00
8270,user_8270,C,66.664,False,2026-02-06T13:00:00
8271,user_8271,C,71.566,True,2026-01-05T10:00:00
8272,user_8272,B,60.572,False,2026-01-03T00:00:00
8273,user_8273,D,60.569,False,2026-02-05T08:00:00
8274,user_8274,A,69.727,True,2026-01-27T06:00:00
8275,user_8275,A,60.38,False,2026-01-27T14:00:00
8276,user_8276,D,27.524,False,2026-01-08T04:00:00
8277,user_8277,A,95.876,True,2026-01-01T15:00:00
8278,user_8278,A,2.378,True,2026-01-18T10:00:00
8279,user_8279,A,57.745,True,2026-01-09T05:00:00
8280,user_8280,C,56.699,True,2026-01-27T18:00:00
8281,user_8281,B,0.063,True,2026-01-17T10:00:00
8282,user_8282,C,84.443,True,2026-02-08T17:00:00
8283,user_8283,B,80.747,False,2026-01-10T01:00:00
8284,user_8284,B,94.836,True,2026-02-06T12:00:00
8285,user_8285,D,51.821,True,2026-01-22T23:00:00
8286,user_8286,D,50.081,False,2026-01-18T21:00:00
8287,user_8287,D,0.546,False,2026-02-11T03:00:00
8288,user_8288,B,55.974,True,2026-01-28T21:00:00
8289,user_8289,C,54.536,True,2026-01-20T16:00:00
8290,user_8290,A,36.139,True,2026-01-16T19:00:00
8291,user_8291,C,20.78,False,2026-01-27T11:00:00
8292,user_8292,D,65.269,True,2026-01-15T03:00:00
8293,user_8293,D,36.356,False,2026-01-05T18:00:00
8294,user_8294,C,52.57,True,2026-01-24T01:00:00
8295,user_8295,C,37.146,False,2026-01-22T13:00:00
8296,user_8296,A,15.335,False,2026-02-01T17:00:00
8297,user_8297,A,3.905,True,2026-02-06T20:00:00
8298,user_8298,B,2.463,False,2026-01-14T08:00:00
8299,user_8299,A,96.106,True,2026-02-03T03:00:00
8300,user_8300,A,63.897,False,2026-01-08T02:00:00
8301,user_8301,B,69.874,False,2026-01-12T22:00:00
8302,user_8302,A,66.087,True,2026-01-17T08:00:00
8303,user_8303,D,84.403,True,2026-01-19T12:00:00
8304,user_8304,B,33.566,False,2026-01-12T08:00:00
8305,user_8305,D,73.745,True,2026-01-15T21:00:00
8306,user_8306,B,59.676,False,2026-01-03T12:00:00
8307,user_8307,C,70.945,False,2026-01-19T01:00:00
8308,user_8308,A,74.816,False,2026-01-16T17:00:00
8309,user_8309,D,85.079,False,2026-01-17T15:00:00
8310,user_8310,D,30.727,False,2026-02-10T08:00:00
8311,user_8311,A,81.064,True,2026-01-22T04:00:00
8312,user_8312,D,9.578,False,2026-02-06T00:00:00
8313,user_8313,C,8.161,False,2026-01-09T22:00:00
8314,user_8314,D,16.064,False,2026-01-22T09:00:00
8315,user_8315,C,82.071,True,2026-01-23T20:00:00
8316,user_8316,C,30.827,False,2026-01-17T20:00:00
8317,user_8317,B,16.607,False,2026-02-04T23:00:00
8318,user_8318,A,82.492,False,2026-01-08T12:00:00
8319,user_8319,D,64.079,True,2026-01-14T01:00:00
8320,user_8320,A,25.881,False,2026-01-28T23:00:00
8321,user_8321,A,69.174,True,2026-01-18T21:00:00
8322,user_8322,C,84.337,True,2026-01-29T09:00:00
8323,user_8323,B,20.497,False,2026-01-06T10:00:00
8324,user_8324,B,30.879,False,2026-01-23T12:00:00
8325,user_8325,D,92.204,False,2026-01-11T06:00:00
8326,user_8326,A,84.084,True,2026-02-10T00:00:00
8327,user_8327,B,46.469,False,2026-02-03T22:00:00
8328,user_8328,B,95.732,False,2026-01-20T23:00:00
8329,user_8329,A,34.898,False,2026-02-05T19:00:00
8330,user_8330,A,54.497,True,2026-01-01T04:00:00
8331,user_8331,C,61.041,True,2026-01-11T07:00:00
8332,user_8332,B,7.392,False,2026-01-10T19:00:00
8333,user_8333,B,77.245,False,2026-01-17T10:00:00
8334,user_8334,B,41.514,False,2026-01-25T12:00:00
8335,user_8335,B,45.889,False,2026-02-02T18:00:00
8336,user_8336,A,1.464,True,2026-02-11T04:00:00
8337,user_8337,A,24.468,False,2026-01-14T00:00:00
8338,user_8338,D,88.055,False,2026-01-18T12:00:00
8339,user_8339,D,11.182,True,2026-01-27T11:00:00
8340,user_8340,C,61.077,True,2026-01-15T18:00:00
8341,user_8341,C,60.401,False,2026-02-06T03:00:00
8342,user_8342,C,94.014,True,2026-01-22T02:00:00
8343,user_8343,D,52.315,True,2026-01-28T04:00:00
8344,user_8344,B,29.255,False,2026-02-04T22:00:00
8345,user_8345,D,73.048,False,2026-01-25T22:00:00
8346,user_8346,A,49.194,True,2026-01-07T20:00:00
8347,user_8347,B,69.733,False,2026-01-28T16:00:00
8348,user_8348,D,84.91,False,2026-02-11T04:00:00
8349,user_8349,A,53.116,True,2026-01-19T23:00:00
8350,user_8350,A,89.185,True,2026-02-07T02:00:00
8351,user_8351,D,52.046,False,2026-01-21T06:00:00
8352,user_8352,A,71.2,True,2026-01-12T09:00:00
8353,user_8353,C,45.785,True,2026-02-05T02:00:00
8354,user_8354,D,32.943,True,2026-01-14T16:00:00
8355,user_8355,B,2.347,False,2026-01-17T03:00:00
8356,user_8356,D,43.274,False,2026-01-13T12:00:00
8357,user_8357,B,19.039,False,2026-01-16T02:00:00
8358,user_8358,B,43.44,False,2026-01-17T14:00:00
8359,user_8359,B,95.977,True,2026-01-02T07:00:00
8360,user_8360,D,73.479,True,2026-02-10T17:00:00
8361,user_8361,C,47.008,False,2026-02-06T00:00:00
8362,user_8362,A,14.87,False,2026-01-06T05:00:00
8363,user_8363,A,63.811,True,2026-02-02T16:00:00
8364,user_8364,A,9.36,False,2026-02-07T00:00:00
8365,user_8365,A,98.13,False,2026-01-13T10:00:00
8366,user_8366,D,13.886,False,2026-01-21T06:00:00
8367,user_8367,A,56.036,True,2026-01-12T09:00:00
8368,user_8368,A,82.639,True,2026-01-05T03:00:00
8369,user_8369,D,8.241,True,2026-01-21T15:00:00
8370,user_8370,D,65.438,False,2026-01-22T15:00:00
8371,user_8371,B,49.084,False,2026-02-02T11:00:00
8372,user_8372,C,57.163,False,2026-01-01T06:00:00
8373,user_8373,D,47.578,True,2026-02-06T13:00:00
8374,user_8374,B,72.836,True,2026-01-28T10:00:00
8375,user_8375,C,3.876,True,2026-01-22T22:00:00
8376,user_8376,A,32.672,False,2026-01-03T05:00:00
8377,user_8377,A,61.478,False,2026-02-01T04:00:00
8378,user_8378,C,4.316,False,2026-01-28T04:00:00
8379,user_8379,C,13.164,True,2026-01-08T23:00:00
8380,user_8380,C,80.373,False,2026-02-07T23:00:00
8381,user_8381,A,48.8,False,2026-01-13T02:00:00
8382,user_8382,B,53.645,True,2026-01-25T03:00:00
8383,user_8383,B,45.213,False,2026-01-27T05:00:00
8384,user_8384,B,9.482,False,2026-01-01T02:00:00
8385,user_8385,C,8.121,False,2026-01-18T04:00:00
8386,user_8386,D,53.901,False,2026-02-08T13:00:00
8387,user_8387,B,85.936,True,2026-01-23T15:00:00
8388,user_8388,D,52.968,True,2026-02-07T03:00:00
8389,user_8389,C,88.029,False,2026-01-27T11:00:00
8390,user_8390,A,68.817,False,2026-01-12T12:00:00
8391,user_8391,A,71.741,False,2026-01-28T22:00:00
8392,user_8392,D,28.938,True,2026-01-10T16:00:00
8393,user_8393,D,5.084,True,2026-01-28T11:00:00
8394,user_8394,A,31.871,True,2026-01-09T19:00:00
8395,user_8395,C,6.402,False,2026-01-18T17:00:00
8396,user_8396,D,49.059,True,2026-01-02T23:00:00
8397,user_8397,D,44.428,True,2026-01-08T00:00:00
8398,user_8398,D,73.67,True,2026-02-06T02:00:00
8399,user_8399,D,70.955,False,2026-02-01T12:00:00
8400,user_8400,A,4.766,True,2026-02-03T16:00:00
8401,user_8401,C,42.17,True,2026-01-04T23:00:00
8402,user_8402,C,99.481,True,2026-01-31T12:00:00
8403,user_8403,B,4.129,True,2026-01-29T08:00:00
8404,user_8404,D,54.756,False,2026-02-01T16:00:00
8405,user_8405,B,45.751,True,2026-01-18T04:00:00
8406,user_8406,A,77.882,True,2026-01-28T19:00:00
8407,user_8407,A,35.972,True,2026-01-08T23:00:00
8408,user_8408,B,65.236,True,2026-01-28T13:00:00
8409,user_8409,B,39.322,False,2026-02-01T20:00:00
8410,user_8410,D,63.54,False,2026-02-10T10:00:00
8411,user_8411,B,33.907,True,2026-02-08T01:00:00
8412,user_8412,C,35.646,True,2026-01-31T21:00:00
8413,user_8413,A,64.748,False,2026-01-08T10:00:00
8414,user_8414,D,74.462,False,2026-01-12T00:00:00
8415,user_8415,A,42.374,False,2026-02-01T14:00:00
8416,user_8416,D,35.179,False,2026-01-28T17:00:00
8417,user_8417,C,50.808,True,2026-01-11T15:00:00
8418,user_8418,B,36.622,False,2026-01-17T13:00:00
8419,user_8419,A,18.072,True,2026-02-11T06:00:00
8420,user_8420,C,45.76,False,2026-01-14T18:00:00
8421,user_8421,B,16.98,True,2026-02-10T23:00:00
8422,user_8422,B,32.463,True,2026-01-17T19:00:00
8423,user_8423,B,98.058,False,2026-01-15T12:00:00
8424,user_8424,B,7.292,False,2026-01-19T03:00:00
8425,user_8425,A,85.489,True,2026-01-30T13:00:00
8426,user_8426,C,47.418,False,2026-01-01T17:00:00
8427,user_8427,A,43.055,True,2026-01-05T06:00:00
8428,user_8428,D,87.185,True,2026-02-02T15:00:00
8429,user_8429,D,77.737,True,2026-01-11T23:00:00
8430,user_8430,C,85.548,True,2026-02-04T21:00:00
8431,user_8431,C,70.923,False,2026-01-15T03:00:00
8432,user_8432,C,51.76,True,2026-02-07T17:00:00
8433,user_8433,B,63.151,False,2026-01-26T17:00:00
8434,user_8434,C,34.026,True,2026-01-30T03:00:00
8435,user_8435,C,51.601,False,2026-02-05T03:00:00
8436,user_8436,D,89.938,True,2026-01-30T08:00:00
8437,user_8437,A,67.774,False,2026-02-01T18:00:00
8438,user_8438,A,67.004,False,2026-01-05T17:00:00
8439,user_8439,C,76.882,False,2026-02-07T22:00:00
8440,user_8440,A,50.122,True,2026-02-09T08:00:00
8441,user_8441,A,94.12,False,2026-02-10T22:00:00
8442,user_8442,A,75.434,True,2026-02-07T03:00:00
8443,user_8443,C,59.247,False,2026-01-24T19:00:00
8444,user_8444,C,98.178,True,2026-01-28T17:00:00
8445,user_8445,D,85.387,False,2026-01-16T10:00:00
8446,user_8446,A,84.516,True,2026-01-26T19:00:00
8447,user_8447,D,23.325,False,2026-01-09T02:00:00
8448,user_8448,D,6.916,False,2026-02-10T08:00:00
8449,user_8449,A,39.882,True,2026-02-02T02:00:00
8450,user_8450,B,51.502,False,2026-01-09T14:00:00
8451,user_8451,C,89.681,False,2026-02-02T05:00:00
8452,user_8452,A,71.413,True,2026-01-21T10:00:00
8453,user_8453,B,1.517,True,2026-01-13T22:00:00
8454,user_8454,A,35.246,False,2026-01-25T23:00:00
8455,user_8455,A,59.767,True,2026-01-01T17:00:00
8456,user_8456,D,41.672,False,2026-01-27T22:00:00
8457,user_8457,C,66.282,True,2026-01-13T11:00:00
8458,user_8458,C,12.64,False,2026-01-31T15:00:00
8459,user_8459,C,22.061,True,2026-01-23T13:00:00
8460,user_8460,B,28.944,True,2026-02-07T10:00:00
8461,user_8461,C,35.305,False,2026-01-20T00:00:00
8462,user_8462,D,86.355,True,2026-01-13T19:00:00
8463,user_8463,A,99.011,False,2026-01-16T14:00:00
8464,user_8464,C,2.006,True,2026-01-03T15:00:00
8465,user_8465,A,41.346,True,2026-02-09T02:00:00
8466,user_8466,A,43.997,False,2026-01-02T00:00:00
8467,user_8467,C,56.854,False,2026-01-01T11:00:00
8468,user_8468,A,62.432,False,2026-01-19T09:00:00
8469,user_8469,D,99.874,False,2026-01-07T19:00:00
8470,user_8470,A,18.777,False,2026-01-21T11:00:00
8471,user_8471,B,27.294,True,2026-01-18T15:00:00
8472,user_8472,A,12.258,True,2026-02-05T21:00:00
8473,user_8473,D,43.911,False,2026-01-12T21:00:00
8474,user_8474,A,21.164,True,2026-01-14T04:00:00
8475,user_8475,A,80.611,True,2026-01-14T05:00:00
8476,user_8476,D,35.697,False,2026-01-30T11:00:00
8477,user_8477,A,5.051,False,2026-01-13T22:00:00
8478,user_8478,D,67.35,True,2026-01-02T22:00:00
8479,user_8479,C,49.314,False,2026-01-09T19:00:00
8480,user_8480,D,42.989,True,2026-02-04T22:00:00
8481,user_8481,B,74.33,False,2026-02-09T16:00:00
8482,user_8482,A,99.399,False,2026-02-04T15:00:00
8483,user_8483,D,89.889,False,2026-01-21T19:00:00
8484,user_8484,D,25.984,True,2026-01-20T17:00:00
8485,user_8485,A,98.238,True,2026-02-10T08:00:00
8486,user_8486,D,9.131,False,2026-01-10T20:00:00
8487,user_8487,C,8.884,False,2026-01-04T09:00:00
8488,user_8488,D,5.359,False,2026-01-14T21:00:00
8489,user_8489,D,93.227,True,2026-01-16T15:00:00
8490,user_8490,B,4.604,False,2026-01-22T19:00:00
8491,user_8491,C,19.514,False,2026-01-07T09:00:00
8492,user_8492,D,99.071,True,2026-01-10T09:00:00
8493,user_8493,D,97.066,True,2026-01-22T22:00:00
8494,user_8494,A,63.772,True,2026-02-04T19:00:00
8495,user_8495,A,49.551,False,2026-01-18T21:00:00
8496,user_8496,B,13.573,False,2026-01-08T19:00:00
8497,user_8497,C,65.338,False,2026-01-14T01:00:00
8498,user_8498,A,16.833,True,2026-01-05T11:00:00
8499,user_8499,A,46.664,False,2026-02-05T00:00:00
8500,user_8500,B,7.268,False,2026-02-03T22:00:00
8501,user_8501,A,14.546,True,2026-01-03T22:00:00
8502,user_8502,B,18.15,True,2026-02-05T04:00:00
8503,user_8503,C,1.072,False,2026-02-01T03:00:00
8504,user_8504,D,48.842,True,2026-02-11T13:00:00
8505,user_8505,C,38.41,True,2026-02-02T20:00:00
8506,user_8506,A,58.969,False,2026-01-04T00:00:00
8507,user_8507,D,90.704,False,2026-01-30T04:00:00
8508,user_8508,D,24.981,True,2026-02-07T14:00:00
8509,user_8509,D,63.543,False,2026-01-19T01:00:00
8510,user_8510,D,34.02,False,2026-02-07T20:00:00
8511,user_8511,A,66.162,True,2026-01-21T10:00:00
8512,user_8512,D,31.468,False,2026-01-22T09:00:00
8513,user_8513,C,40.474,True,2026-02-06T11:00:00
8514,user_8514,D,78.539,False,2026-01-29T12:00:00
8515,user_8515,D,49.806,True,2026-01-16T17:00:00
8516,user_8516,C,10.918,True,2026-02-01T10:00:00
8517,user_8517,A,27.44,False,2026-02-10T03:00:00
8518,user_8518,D,95.344,False,2026-01-12T00:00:00
8519,user_8519,B,0.343,True,2026-02-05T14:00:00
8520,user_8520,C,8.162,False,2026-01-08T22:00:00
8521,user_8521,B,3.491,False,2026-02-06T22:00:00
8522,user_8522,D,60.205,True,2026-01-07T10:00:00
8523,user_8523,A,38.92,False,2026-01-10T00:00:00
8524,user_8524,A,43.233,True,2026-02-11T02:00:00
8525,user_8525,D,72.678,False,2026-02-04T17:00:00
8526,user_8526,C,18.001,True,2026-01-18T01:00:00
8527,user_8527,D,51.103,True,2026-02-11T00:00:00
8528,user_8528,C,35.362,False,2026-02-10T05:00:00
8529,user_8529,A,85.626,True,2026-01-22T18:00:00
8530,user_8530,C,19.826,False,2026-02-08T08:00:00
8531,user_8531,B,87.399,True,2026-02-04T12:00:00
8532,user_8532,A,97.201,True,2026-01-21T09:00:00
8533,user_8533,D,73.372,False,2026-01-02T09:00:00
8534,user_8534,B,36.284,False,2026-01-07T00:00:00
8535,user_8535,D,88.81,True,2026-01-05T10:00:00
8536,user_8536,B,11.132,False,2026-01-16T13:00:00
8537,user_8537,A,64.566,True,2026-01-15T01:00:00
8538,user_8538,A,5.914,True,2026-01-07T02:00:00
8539,user_8539,D,99.893,True,2026-01-03T19:00:00
8540,user_8540,B,0.124,True,2026-02-09T19:00:00
8541,user_8541,B,72.033,False,2026-01-05T08:00:00
8542,user_8542,A,69.881,False,2026-01-13T02:00:00
8543,user_8543,A,0.079,False,2026-01-05T07:00:00
8544,user_8544,A,52.593,False,2026-01-30T04:00:00
8545,user_8545,A,60.648,True,2026-01-05T14:00:00
8546,user_8546,A,1.603,False,2026-01-09T01:00:00
8547,user_8547,A,0.64,True,2026-01-18T22:00:00
8548,user_8548,A,17.277,False,2026-01-14T10:00:00
8549,user_8549,C,51.802,True,2026-01-02T22:00:00
8550,user_8550,D,44.441,True,2026-01-11T20:00:00
8551,user_8551,D,96.044,True,2026-01-03T03:00:00
8552,user_8552,D,64.869,False,2026-02-06T04:00:00
8553,user_8553,D,49.659,False,2026-01-29T01:00:00
8554,user_8554,A,96.252,True,2026-01-12T09:00:00
8555,user_8555,D,3.648,True,2026-02-04T08:00:00
8556,user_8556,A,14.524,True,2026-01-04T01:00:00
8557,user_8557,D,48.57,True,2026-01-12T07:00:00
8558,user_8558,B,19.068,False,2026-01-07T05:00:00
8559,user_8559,D,56.391,True,2026-01-08T07:00:00
8560,user_8560,B,69.844,False,2026-01-24T21:00:00
8561,user_8561,D,23.631,True,2026-01-11T08:00:00
8562,user_8562,C,17.082,False,2026-01-16T16:00:00
8563,user_8563,C,74.379,True,2026-02-03T02:00:00
8564,user_8564,D,32.885,True,2026-01-17T10:00:00
8565,user_8565,C,26.981,True,2026-01-08T19:00:00
8566,user_8566,C,0.432,True,2026-01-06T13:00:00
8567,user_8567,D,12.214,False,2026-02-11T08:00:00
8568,user_8568,C,78.85,False,2026-01-24T20:00:00
8569,user_8569,C,43.8,False,2026-01-31T23:00:00
8570,user_8570,B,83.3,False,2026-01-19T02:00:00
8571,user_8571,A,55.625,False,2026-01-18T09:00:00
8572,user_8572,B,77.494,False,2026-01-27T12:00:00
8573,user_8573,C,84.244,False,2026-01-15T04:00:00
8574,user_8574,A,59.144,True,2026-01-20T03:00:00
8575,user_8575,D,3.51,False,2026-01-30T04:00:00
8576,user_8576,D,62.648,False,2026-02-04T12:00:00
8577,user_8577,A,41.26,False,2026-02-11T10:00:00
8578,user_8578,C,77.583,True,2026-01-05T10:00:00
8579,user_8579,A,50.501,True,2026-01-20T07:00:00
8580,user_8580,A,69.651,False,2026-01-20T12:00:00
8581,user_8581,D,12.336,False,2026-01-22T19:00:00
8582,user_8582,C,64.563,True,2026-02-04T04:00:00
8583,user_8583,A,51.722,False,2026-01-14T06:00:00
8584,user_8584,C,22.822,False,2026-01-17T01:00:00
8585,user_8585,A,12.142,True,2026-01-02T17:00:00
8586,user_8586,A,75.735,True,2026-01-15T01:00:00
8587,user_8587,C,29.616,True,2026-01-22T17:00:00
8588,user_8588,C,26.911,True,2026-01-18T14:00:00
8589,user_8589,C,83.817,False,2026-01-14T23:00:00
8590,user_8590,B,41.348,True,2026-01-15T10:00:00
8591,user_8591,D,39.58,True,2026-01-17T01:00:00
8592,user_8592,B,47.446,True,2026-01-07T17:00:00
8593,user_8593,C,59.902,True,2026-02-04T09:00:00
8594,user_8594,D,28.358,False,2026-01-13T10:00:00
8595,user_8595,A,4.996,True,2026-02-04T22:00:00
8596,user_8596,A,83.063,True,2026-01-11T01:00:00
8597,user_8597,C,86.43,True,2026-01-12T23:00:00
8598,user_8598,A,6.587,True,2026-02-03T22:00:00
8599,user_8599,C,28.25,True,2026-01-02T13:00:00
8600,user_8600,C,27.912,True,2026-01-30T14:00:00
8601,user_8601,D,22.531,False,2026-01-30T07:00:00
8602,user_8602,A,74.363,False,2026-02-04T06:00:00
8603,user_8603,D,62.057,False,2026-01-26T23:00:00
8604,user_8604,D,90.819,False,2026-01-26T15:00:00
8605,user_8605,D,76.402,True,2026-02-03T17:00:00
8606,user_8606,A,45.382,True,2026-02-08T03:00:00
8607,user_8607,B,86.186,False,2026-01-04T00:00:00
8608,user_8608,B,30.767,True,2026-01-17T15:00:00
8609,user_8609,C,20.484,False,2026-02-02T02:00:00
8610,user_8610,A,23.724,True,2026-01-04T03:00:00
8611,user_8611,A,78.829,True,2026-01-26T01:00:00
8612,user_8612,D,0.657,False,2026-01-15T20:00:00
8613,user_8613,D,37.879,False,2026-01-02T13:00:00
8614,user_8614,A,67.974,True,2026-01-30T09:00:00
8615,user_8615,C,78.166,False,2026-01-06T08:00:00
8616,user_8616,C,45.713,True,2026-01-23T17:00:00
8617,user_8617,C,15.53,False,2026-02-02T12:00:00
8618,user_8618,B,99.232,False,2026-01-15T05:00:00
8619,user_8619,D,42.47,True,2026-01-25T02:00:00
8620,user_8620,D,66.471,True,2026-02-10T04:00:00
8621,user_8621,D,87.59,True,2026-02-07T04:00:00
8622,user_8622,B,8.111,True,2026-01-26T12:00:00
8623,user_8623,A,74.921,True,2026-02-01T11:00:00
8624,user_8624,A,88.639,True,2026-01-05T09:00:00
8625,user_8625,A,17.477,False,2026-02-05T08:00:00
8626,user_8626,D,60.934,True,2026-01-07T04:00:00
8627,user_8627,B,85.116,False,2026-01-24T09:00:00
8628,user_8628,A,61.653,True,2026-02-04T19:00:00
8629,user_8629,C,23.236,False,2026-01-05T16:00:00
8630,user_8630,B,99.376,False,2026-01-27T19:00:00
8631,user_8631,A,3.424,True,2026-01-26T06:00:00
8632,user_8632,C,30.069,True,2026-01-21T15:00:00
8633,user_8633,D,94.171,True,2026-02-09T17:00:00
8634,user_8634,A,6.242,True,2026-01-29T08:00:00
8635,user_8635,C,32.405,False,2026-01-26T09:00:00
8636,user_8636,D,24.421,False,2026-01-04T06:00:00
8637,user_8637,D,22.288,False,2026-02-01T10:00:00
8638,user_8638,A,81.13,False,2026-01-26T14:00:00
8639,user_8639,B,42.305,False,2026-02-07T13:00:00
8640,user_8640,B,65.831,True,2026-01-02T08:00:00
8641,user_8641,B,36.92,False,2026-02-03T13:00:00
8642,user_8642,B,55.825,False,2026-01-06T19:00:00
8643,user_8643,A,95.874,True,2026-02-03T18:00:00
8644,user_8644,C,92.246,False,2026-02-03T05:00:00
8645,user_8645,A,36.337,False,2026-01-03T15:00:00
8646,user_8646,C,39.039,False,2026-01-19T06:00:00
8647,user_8647,B,58.563,True,2026-01-20T17:00:00
8648,user_8648,B,93.434,False,2026-01-26T07:00:00
8649,user_8649,B,27.499,True,2026-01-01T03:00:00
8650,user_8650,C,49.909,False,2026-01-15T16:00:00
8651,user_8651,B,47.273,True,2026-01-25T10:00:00
8652,user_8652,C,8.106,False,2026-02-03T02:00:00
8653,user_8653,B,18.331,True,2026-02-10T19:00:00
8654,user_8654,C,1.003,False,2026-01-06T01:00:00
8655,user_8655,D,91.791,False,2026-01-08T23:00:00
8656,user_8656,B,22.161,True,2026-01-22T00:00:00
8657,user_8657,D,10.479,True,2026-01-08T17:00:00
8658,user_8658,C,34.359,True,2026-01-10T07:00:00
8659,user_8659,A,19.707,False,2026-01-29T13:00:00
8660,user_8660,C,36.001,False,2026-01-26T14:00:00
8661,user_8661,A,33.602,True,2026-01-05T09:00:00
8662,user_8662,D,26.047,False,2026-01-01T17:00:00
8663,user_8663,C,8.706,True,2026-01-20T22:00:00
8664,user_8664,C,6.931,True,2026-01-26T19:00:00
8665,user_8665,B,31.481,True,2026-01-21T06:00:00
8666,user_8666,A,17.742,True,2026-01-24T14:00:00
8667,user_8667,B,27.838,False,2026-01-20T16:00:00
8668,user_8668,D,68.614,True,2026-02-04T13:00:00
8669,user_8669,D,5.674,True,2026-01-08T02:00:00
8670,user_8670,A,54.845,False,2026-01-27T06:00:00
8671,user_8671,D,96.629,False,2026-02-11T04:00:00
8672,user_8672,D,61.015,True,2026-02-01T11:00:00
8673,user_8673,A,17.917,False,2026-01-25T18:00:00
8674,user_8674,C,60.863,True,2026-01-20T03:00:00
8675,user_8675,C,68.504,False,2026-01-28T04:00:00
8676,user_8676,C,67.872,True,2026-01-09T18:00:00
8677,user_8677,D,17.882,False,2026-01-29T21:00:00
8678,user_8678,B,71.456,True,2026-01-11T22:00:00
8679,user_8679,A,80.909,False,2026-01-31T07:00:00
8680,user_8680,A,15.001,False,2026-01-24T21:00:00
8681,user_8681,C,48.217,True,2026-01-02T11:00:00
8682,user_8682,A,61.651,True,2026-02-10T19:00:00
8683,user_8683,B,29.387,False,2026-01-31T11:00:00
8684,user_8684,A,11.68,False,2026-02-09T13:00:00
8685,user_8685,A,25.169,False,2026-01-13T13:00:00
8686,user_8686,B,68.558,True,2026-02-08T18:00:00
8687,user_8687,D,40.582,True,2026-02-08T12:00:00
8688,user_8688,B,22.899,False,2026-02-11T09:00:00
8689,user_8689,D,52.714,False,2026-01-31T21:00:00
8690,user_8690,D,85.412,True,2026-01-29T16:00:00
8691,user_8691,D,64.33,False,2026-01-15T01:00:00
8692,user_8692,B,41.03,True,2026-01-20T22:00:00
8693,user_8693,C,23.199,False,2026-02-04T13:00:00
8694,user_8694,A,2.376,True,2026-01-25T23:00:00
8695,user_8695,B,88.716,True,2026-01-17T04:00:00
8696,user_8696,D,19.514,True,2026-02-06T10:00:00
8697,user_8697,B,52.88,True,2026-01-06T11:00:00
8698,user_8698,A,94.7,True,2026-02-04T17:00:00
8699,user_8699,B,49.306,True,2026-01-14T01:00:00
8700,user_8700,D,69.258,False,2026-02-06T12:00:00
8701,user_8701,C,4.241,True,2026-01-21T19:00:00
8702,user_8702,B,66.51,True,2026-01-06T01:00:00
8703,user_8703,C,32.694,False,2026-02-08T16:00:00
8704,user_8704,B,84.486,True,2026-02-10T08:00:00
8705,user_8705,C,20.338,True,2026-01-31T01:00:00
8706,user_8706,D,12.415,False,2026-01-07T18:00:00
8707,user_8707,D,40.426,True,2026-01-02T18:00:00
8708,user_8708,B,43.017,False,2026-01-25T18:00:00
8709,user_8709,C,59.235,True,2026-02-02T09:00:00
8710,user_8710,C,75.908,True,2026-01-11T05:00:00
8711,user_8711,D,78.929,False,2026-01-31T07:00:00
8712,user_8712,D,70.929,True,2026-02-08T04:00:00
8713,user_8713,D,34.658,False,2026-01-03T17:00:00
8714,user_8714,C,47.368,False,2026-01-05T16:00:00
8715,user_8715,A,12.932,True,2026-01-02T15:00:00
8716,user_8716,B,80.073,True,2026-01-15T04:00:00
8717,user_8717,A,10.87,True,2026-02-02T19:00:00
8718,user_8718,D,48.348,False,2026-01-23T08:00:00
8719,user_8719,C,85.541,True,2026-01-10T05:00:00
8720,user_8720,C,70.009,False,2026-02-06T08:00:00
8721,user_8721,C,88.891,True,2026-01-16T01:00:00
8722,user_8722,A,36.625,True,2026-01-28T23:00:00
8723,user_8723,B,54.951,False,2026-01-18T23:00:00
8724,user_8724,D,9.332,True,2026-01-14T07:00:00
8725,user_8725,D,55.209,False,2026-01-17T05:00:00
8726,user_8726,D,48.075,False,2026-01-05T14:00:00
8727,user_8727,B,63.872,True,2026-01-06T03:00:00
8728,user_8728,A,84.655,False,2026-01-16T14:00:00
8729,user_8729,B,62.317,False,2026-01-29T08:00:00
8730,user_8730,B,11.84,False,2026-01-16T18:00:00
8731,user_8731,D,14.259,True,2026-01-06T10:00:00
8732,user_8732,B,47.473,True,2026-01-20T04:00:00
8733,user_8733,A,80.29,False,2026-02-09T16:00:00
8734,user_8734,C,53.163,True,2026-01-09T06:00:00
8735,user_8735,D,93.254,True,2026-01-07T06:00:00
8736,user_8736,D,19.175,True,2026-01-19T12:00:00
8737,user_8737,D,29.084,True,2026-02-09T15:00:00
8738,user_8738,A,25.988,False,2026-01-27T11:00:00
8739,user_8739,D,92.737,True,2026-01-28T10:00:00
8740,user_8740,D,79.039,True,2026-01-05T22:00:00
8741,user_8741,B,84.782,True,2026-01-23T00:00:00
8742,user_8742,B,31.938,True,2026-02-06T01:00:00
8743,user_8743,D,8.957,False,2026-02-04T00:00:00
8744,user_8744,B,82.739,False,2026-01-27T05:00:00
8745,user_8745,B,15.988,True,2026-01-10T19:00:00
8746,user_8746,A,43.182,False,2026-01-26T15:00:00
8747,user_8747,A,72.448,True,2026-01-04T11:00:00
8748,user_8748,D,44.298,False,2026-02-06T02:00:00
8749,user_8749,D,3.564,False,2026-02-07T01:00:00
8750,user_8750,C,75.02,True,2026-01-18T03:00:00
8751,user_8751,C,20.634,True,2026-02-06T09:00:00
8752,user_8752,A,63.973,True,2026-01-26T19:00:00
8753,user_8753,A,22.115,False,2026-02-02T07:00:00
8754,user_8754,C,48.251,True,2026-02-03T19:00:00
8755,user_8755,B,49.963,False,2026-01-22T21:00:00
8756,user_8756,A,16.145,True,2026-01-18T13:00:00
8757,user_8757,C,23.343,True,2026-01-22T08:00:00
8758,user_8758,A,89.124,False,2026-02-03T16:00:00
8759,user_8759,B,13.266,False,2026-02-09T01:00:00
8760,user_8760,B,15.929,True,2026-01-18T01:00:00
8761,user_8761,A,48.179,True,2026-01-15T13:00:00
8762,user_8762,C,28.253,False,2026-01-30T02:00:00
8763,user_8763,B,50.918,False,2026-01-24T04:00:00
8764,user_8764,C,92.382,False,2026-02-01T02:00:00
8765,user_8765,A,78.446,False,2026-02-10T15:00:00
8766,user_8766,A,9.29,False,2026-01-24T05:00:00
8767,user_8767,C,87.004,True,2026-02-04T00:00:00
8768,user_8768,A,22.217,True,2026-01-28T07:00:00
8769,user_8769,C,39.075,False,2026-01-11T10:00:00
8770,user_8770,A,63.848,True,2026-01-29T11:00:00
8771,user_8771,B,73.797,True,2026-01-05T16:00:00
8772,user_8772,A,65.551,True,2026-02-03T18:00:00
8773,user_8773,D,40.909,False,2026-01-03T20:00:00
8774,user_8774,B,81.162,False,2026-01-08T19:00:00
8775,user_8775,D,69.998,False,2026-01-30T00:00:00
8776,user_8776,B,24.195,False,2026-02-11T11:00:00
8777,user_8777,D,93.304,True,2026-01-28T08:00:00
8778,user_8778,D,62.161,False,2026-01-10T14:00:00
8779,user_8779,C,86.482,False,2026-02-09T22:00:00
8780,user_8780,B,65.013,True,2026-01-13T09:00:00
8781,user_8781,B,48.758,False,2026-01-30T02:00:00
8782,user_8782,D,47.096,False,2026-01-19T17:00:00
8783,user_8783,A,68.669,False,2026-01-12T10:00:00
8784,user_8784,A,5.079,False,2026-01-10T21:00:00
8785,user_8785,D,69.743,False,2026-02-08T04:00:00
8786,user_8786,A,69.098,False,2026-02-07T17:00:00
8787,user_8787,D,55.837,False,2026-01-18T18:00:00
8788,user_8788,B,62.213,True,2026-02-07T02:00:00
8789,user_8789,A,47.921,False,2026-01-23T08:00:00
8790,user_8790,A,88.437,True,2026-01-25T07:00:00
8791,user_8791,D,59.169,False,2026-02-07T02:00:00
8792,user_8792,D,0.729,False,2026-01-24T04:00:00
8793,user_8793,A,96.694,True,2026-01-14T12:00:00
8794,user_8794,A,68.225,False,2026-01-09T05:00:00
8795,user_8795,D,8.22,False,2026-01-07T13:00:00
8796,user_8796,D,49.625,False,2026-01-07T01:00:00
8797,user_8797,A,80.995,False,2026-01-22T14:00:00
8798,user_8798,D,46.988,True,2026-01-23T12:00:00
8799,user_8799,A,32.736,False,2026-01-24T08:00:00
8800,user_8800,A,98.268,True,2026-01-05T20:00:00
8801,user_8801,D,28.811,True,2026-01-26T16:00:00
8802,user_8802,D,56.416,False,2026-02-01T04:00:00
8803,user_8803,A,11.934,False,2026-02-06T07:00:00
8804,user_8804,C,33.093,False,2026-01-09T05:00:00
8805,user_8805,B,45.458,False,2026-01-02T12:00:00
8806,user_8806,C,85.149,False,2026-01-09T19:00:00
8807,user_8807,A,38.462,False,2026-01-27T01:00:00
8808,user_8808,D,74.027,False,2026-01-05T10:00:00
8809,user_8809,A,76.501,True,2026-01-12T01:00:00
8810,user_8810,B,64.205,True,2026-02-02T18:00:00
8811,user_8811,B,92.466,True,2026-01-18T17:00:00
8812,user_8812,A,71.265,True,2026-01-21T03:00:00
8813,user_8813,C,47.686,True,2026-01-02T13:00:00
8814,user_8814,D,57.331,True,2026-02-07T09:00:00
8815,user_8815,C,70.473,False,2026-02-08T20:00:00
8816,user_8816,C,67.853,False,2026-01-20T06:00:00
8817,user_8817,D,95.23,False,2026-01-09T23:00:00
8818,user_8818,C,91.25,False,2026-01-02T06:00:00
8819,user_8819,D,26.776,False,2026-01-04T18:00:00
8820,user_8820,D,85.261,False,2026-01-09T09:00:00
8821,user_8821,B,56.539,True,2026-02-02T08:00:00
8822,user_8822,A,18.216,True,2026-02-01T11:00:00
8823,user_8823,C,86.817,True,2026-02-01T15:00:00
8824,user_8824,B,96.29,False,2026-01-09T18:00:00
8825,user_8825,D,64.033,False,2026-01-13T12:00:00
8826,user_8826,B,52.899,True,2026-01-01T20:00:00
8827,user_8827,A,2.628,False,2026-01-14T17:00:00
8828,user_8828,D,45.52,True,2026-02-01T17:00:00
8829,user_8829,C,23.708,False,2026-01-19T20:00:00
8830,user_8830,D,89.359,False,2026-01-24T07:00:00
8831,user_8831,C,64.548,True,2026-01-18T12:00:00
8832,user_8832,C,13.321,True,2026-02-07T13:00:00
8833,user_8833,C,51.555,False,2026-02-06T09:00:00
8834,user_8834,A,90.303,False,2026-01-24T22:00:00
8835,user_8835,A,45.712,True,2026-02-04T21:00:00
8836,user_8836,B,9.155,False,2026-01-09T21:00:00
8837,user_8837,D,39.808,True,2026-01-10T08:00:00
8838,user_8838,B,26.84,True,2026-02-09T00:00:00
8839,user_8839,A,9.101,True,2026-01-10T14:00:00
8840,user_8840,C,66.005,True,2026-01-23T15:00:00
8841,user_8841,A,88.203,False,2026-02-09T15:00:00
8842,user_8842,B,99.332,False,2026-02-10T20:00:00
8843,user_8843,A,8.553,False,2026-01-05T07:00:00
8844,user_8844,A,71.139,True,2026-01-09T17:00:00
8845,user_8845,C,64.505,True,2026-01-27T12:00:00
8846,user_8846,C,44.732,False,2026-01-01T14:00:00
8847,user_8847,C,55.181,True,2026-02-10T16:00:00
8848,user_8848,A,42.243,False,2026-01-25T22:00:00
8849,user_8849,A,91.486,True,2026-02-07T02:00:00
8850,user_8850,A,65.309,False,2026-01-10T23:00:00
8851,user_8851,B,62.21,True,2026-01-24T22:00:00
8852,user_8852,A,61.082,True,2026-01-09T00:00:00
8853,user_8853,A,41.26,True,2026-01-30T02:00:00
8854,user_8854,A,48.511,True,2026-01-04T03:00:00
8855,user_8855,C,55.262,True,2026-01-31T18:00:00
8856,user_8856,C,68.373,True,2026-01-24T05:00:00
8857,user_8857,D,44.159,False,2026-01-04T05:00:00
8858,user_8858,A,39.089,True,2026-02-04T19:00:00
8859,user_8859,D,89.817,True,2026-02-03T02:00:00
8860,user_8860,B,60.536,True,2026-01-25T09:00:00
8861,user_8861,A,63.615,True,2026-01-18T22:00:00
8862,user_8862,C,85.601,True,2026-01-31T07:00:00
8863,user_8863,B,51.713,False,2026-02-11T09:00:00
8864,user_8864,D,75.568,False,2026-01-09T18:00:00
8865,user_8865,A,86.983,True,2026-02-05T08:00:00
8866,user_8866,A,68.332,True,2026-01-29T07:00:00
8867,user_8867,D,67.571,False,2026-02-02T20:00:00
8868,user_8868,A,57.649,False,2026-01-03T15:00:00
8869,user_8869,D,88.66,True,2026-02-10T04:00:00
8870,user_8870,B,80.959,False,2026-01-31T17:00:00
8871,user_8871,D,18.87,False,2026-01-02T13:00:00
8872,user_8872,C,95.624,False,2026-02-06T11:00:00
8873,user_8873,C,33.43,False,2026-01-24T22:00:00
8874,user_8874,D,8.083,False,2026-02-06T23:00:00
8875,user_8875,C,74.241,True,2026-02-10T15:00:00
8876,user_8876,D,47.764,False,2026-01-25T22:00:00
8877,user_8877,D,22.488,True,2026-01-20T14:00:00
8878,user_8878,C,61.389,False,2026-01-04T02:00:00
8879,user_8879,A,80.607,True,2026-01-29T01:00:00
8880,user_8880,B,49.525,True,2026-01-18T15:00:00
8881,user_8881,D,59.17,False,2026-02-05T03:00:00
8882,user_8882,A,44.591,True,2026-01-18T03:00:00
8883,user_8883,B,99.724,False,2026-01-14T19:00:00
8884,user_8884,C,15.211,True,2026-02-09T17:00:00
8885,user_8885,C,25.5,False,2026-01-20T09:00:00
8886,user_8886,B,56.454,True,2026-01-03T19:00:00
8887,user_8887,C,46.228,False,2026-01-23T11:00:00
8888,user_8888,C,76.434,False,2026-02-01T14:00:00
8889,user_8889,B,43.388,False,2026-01-14T20:00:00
8890,user_8890,C,77.239,False,2026-01-31T21:00:00
8891,user_8891,A,49.001,False,2026-02-09T22:00:00
8892,user_8892,D,10.557,False,2026-01-01T02:00:00
8893,user_8893,C,81.357,False,2026-01-20T03:00:00
8894,user_8894,B,15.398,False,2026-01-29T19:00:00
8895,user_8895,C,5.344,False,2026-01-27T19:00:00
8896,user_8896,A,79.777,False,2026-01-11T00:00:00
8897,user_8897,B,44.89,True,2026-01-27T17:00:00
8898,user_8898,D,51.269,True,2026-02-05T07:00:00
8899,user_8899,D,6.984,True,2026-01-28T12:00:00
8900,user_8900,C,31.133,True,2026-02-04T10:00:00
8901,user_8901,D,65.373,True,2026-01-03T17:00:00
8902,user_8902,A,72.85,False,2026-01-29T22:00:00
8903,user_8903,A,20.117,True,2026-01-13T19:00:00
8904,user_8904,D,58.13,True,2026-02-03T12:00:00
8905,user_8905,B,70.439,True,2026-01-30T12:00:00
8906,user_8906,C,26.811,False,2026-01-27T12:00:00
8907,user_8907,A,33.617,False,2026-01-23T00:00:00
8908,user_8908,A,42.399,False,2026-01-07T23:00:00
8909,user_8909,C,80.399,True,2026-01-02T19:00:00
8910,user_8910,B,11.445,False,2026-01-16T10:00:00
8911,user_8911,B,3.357,False,2026-01-05T07:00:00
8912,user_8912,D,88.584,False,2026-01-11T04:00:00
8913,user_8913,C,7.583,False,2026-01-22T14:00:00
8914,user_8914,C,76.471,True,2026-02-02T19:00:00
8915,user_8915,D,18.669,False,2026-01-25T03:00:00
8916,user_8916,A,63.893,True,2026-01-09T21:00:00
8917,user_8917,B,83.6,False,2026-01-04T23:00:00
8918,user_8918,B,1.906,True,2026-01-26T23:00:00
8919,user_8919,D,71.289,False,2026-01-24T10:00:00
8920,user_8920,C,24.657,True,2026-01-19T23:00:00
8921,user_8921,A,70.053,False,2026-02-03T04:00:00
8922,user_8922,A,6.912,True,2026-01-23T21:00:00
8923,user_8923,D,55.745,False,2026-02-06T04:00:00
8924,user_8924,C,34.542,False,2026-01-23T00:00:00
8925,user_8925,C,82.477,True,2026-01-30T04:00:00
8926,user_8926,D,70.961,True,2026-01-01T02:00:00
8927,user_8927,B,23.507,True,2026-01-26T00:00:00
8928,user_8928,C,19.282,True,2026-01-13T12:00:00
8929,user_8929,A,23.026,False,2026-02-05T16:00:00
8930,user_8930,D,88.039,True,2026-02-07T02:00:00
8931,user_8931,C,93.105,True,2026-02-07T11:00:00
8932,user_8932,A,5.988,False,2026-01-21T19:00:00
8933,user_8933,D,95.776,True,2026-01-01T13:00:00
8934,user_8934,B,44.868,True,2026-01-07T04:00:00
8935,user_8935,C,79.183,False,2026-02-04T15:00:00
8936,user_8936,D,49.099,False,2026-01-18T10:00:00
8937,user_8937,A,47.587,True,2026-01-30T08:00:00
8938,user_8938,A,98.849,False,2026-01-14T14:00:00
8939,user_8939,B,14.2,True,2026-01-16T11:00:00
8940,user_8940,B,84.074,True,2026-01-25T04:00:00
8941,user_8941,D,99.437,True,2026-02-02T02:00:00
8942,user_8942,A,64.79,True,2026-02-05T04:00:00
8943,user_8943,C,70.718,True,2026-02-10T22:00:00
8944,user_8944,C,29.469,False,2026-02-03T03:00:00
8945,user_8945,D,96.973,True,2026-01-16T10:00:00
8946,user_8946,A,18.979,False,2026-01-07T07:00:00
8947,user_8947,A,7.404,False,2026-01-07T14:00:00
8948,user_8948,D,24.811,True,2026-01-13T19:00:00
8949,user_8949,A,86.647,False,2026-01-22T08:00:00
8950,user_8950,A,45.124,True,2026-02-06T09:00:00
8951,user_8951,C,22.299,True,2026-01-18T22:00:00
8952,user_8952,D,64.28,True,2026-02-04T16:00:00
8953,user_8953,B,24.751,True,2026-01-31T08:00:00
8954,user_8954,A,48.479,True,2026-01-04T10:00:00
8955,user_8955,D,20.102,True,2026-01-31T03:00:00
8956,user_8956,D,30.019,True,2026-01-23T15:00:00
8957,user_8957,C,19.694,False,2026-01-27T07:00:00
8958,user_8958,A,61.763,False,2026-01-06T09:00:00
8959,user_8959,B,22.292,True,2026-02-05T21:00:00
8960,user_8960,B,99.646,True,2026-02-07T01:00:00
8961,user_8961,C,89.355,True,2026-01-14T09:00:00
8962,user_8962,A,47.186,True,2026-01-07T22:00:00
8963,user_8963,D,81.07,True,2026-02-09T09:00:00
8964,user_8964,D,52.747,True,2026-01-14T02:00:00
8965,user_8965,C,76.587,False,2026-01-29T03:00:00
8966,user_8966,D,94.646,True,2026-01-12T17:00:00
8967,user_8967,A,63.847,True,2026-02-09T15:00:00
8968,user_8968,D,93.233,False,2026-01-10T19:00:00
8969,user_8969,B,17.169,False,2026-01-06T23:00:00
8970,user_8970,A,77.865,True,2026-01-12T18:00:00
8971,user_8971,B,37.237,False,2026-01-28T14:00:00
8972,user_8972,B,68.042,True,2026-01-27T04:00:00
8973,user_8973,B,37.641,False,2026-01-10T22:00:00
8974,user_8974,A,16.849,False,2026-01-02T04:00:00
8975,user_8975,C,92.058,False,2026-01-07T11:00:00
8976,user_8976,A,11.347,True,2026-01-15T19:00:00
8977,user_8977,C,83.284,True,2026-01-05T04:00:00
8978,user_8978,D,7.181,True,2026-01-27T03:00:00
8979,user_8979,C,99.562,False,2026-02-11T05:00:00
8980,user_8980,B,45.054,False,2026-01-24T13:00:00
8981,user_8981,B,53.731,True,2026-01-01T18:00:00
8982,user_8982,D,85.149,True,2026-01-25T07:00:00
8983,user_8983,D,48.581,True,2026-02-05T13:00:00
8984,user_8984,A,12.187,False,2026-01-07T13:00:00
8985,user_8985,C,54.619,False,2026-02-02T03:00:00
8986,user_8986,B,92.654,True,2026-01-10T07:00:00
8987,user_8987,B,50.175,True,2026-01-13T16:00:00
8988,user_8988,A,6.409,True,2026-01-14T20:00:00
8989,user_8989,A,52.082,True,2026-01-05T21:00:00
8990,user_8990,D,60.344,True,2026-01-08T19:00:00
8991,user_8991,D,81.382,True,2026-02-06T15:00:00
8992,user_8992,B,60.896,False,2026-01-20T07:00:00
8993,user_8993,A,93.394,True,2026-01-01T20:00:00
8994,user_8994,B,19.184,True,2026-01-27T04:00:00
8995,user_8995,B,75.002,True,2026-01-12T20:00:00
8996,user_8996,B,88.177,True,2026-02-06T23:00:00
8997,user_8997,C,22.469,False,2026-01-11T03:00:00
8998,user_8998,B,83.464,False,2026-02-04T10:00:00
8999,user_8999,C,64.977,False,2026-02-08T23:00:00
9000,user_9000,A,91.52,False,2026-01-17T00:00:00
9001,user_9001,A,33.276,True,2026-01-09T02:00:00
9002,user_9002,D,12.434,True,2026-01-01T00:00:00
9003,user_9003,D,79.973,True,2026-02-07T21:00:00
9004,user_9004,C,69.337,False,2026-01-20T06:00:00
9005,user_9005,D,33.014,True,2026-01-13T10:00:00
9006,user_9006,D,79.34,True,2026-01-12T06:00:00
9007,user_9007,D,4.325,False,2026-01-24T06:00:00
9008,user_9008,B,91.79,False,2026-02-02T19:00:00
9009,user_9009,C,61.068,False,2026-01-05T18:00:00
9010,user_9010,D,65.377,False,2026-02-05T02:00:00
9011,user_9011,C,92.631,False,2026-01-10T20:00:00
9012,user_9012,C,89.702,False,2026-01-29T17:00:00
9013,user_9013,D,83.879,False,2026-01-06T14:00:00
9014,user_9014,D,86.657,False,2026-02-08T13:00:00
9015,user_9015,C,76.076,True,2026-01-10T06:00:00
9016,user_9016,D,35.547,False,2026-02-05T10:00:00
9017,user_9017,D,43.805,True,2026-01-26T17:00:00
9018,user_9018,B,61.531,False,2026-01-01T08:00:00
9019,user_9019,C,93.0,False,2026-01-25T19:00:00
9020,user_9020,C,75.939,True,2026-01-19T19:00:00
9021,user_9021,A,9.221,True,2026-01-25T10:00:00
9022,user_9022,A,60.527,True,2026-01-23T19:00:00
9023,user_9023,A,62.077,True,2026-01-01T23:00:00
9024,user_9024,C,4.749,True,2026-01-16T17:00:00
9025,user_9025,C,3.309,False,2026-01-21T05:00:00
9026,user_9026,B,50.923,False,2026-01-17T05:00:00
9027,user_9027,D,25.216,True,2026-01-24T14:00:00
9028,user_9028,C,68.447,False,2026-01-06T03:00:00
9029,user_9029,C,86.26,True,2026-01-31T08:00:00
9030,user_9030,C,69.391,True,2026-02-09T15:00:00
9031,user_9031,C,44.05,False,2026-01-04T21:00:00
9032,user_9032,B,8.943,True,2026-02-07T14:00:00
9033,user_9033,A,97.45,False,2026-02-06T17:00:00
9034,user_9034,B,14.403,False,2026-01-16T18:00:00
9035,user_9035,C,61.084,True,2026-02-03T12:00:00
9036,user_9036,C,76.115,False,2026-01-28T02:00:00
9037,user_9037,B,45.167,False,2026-01-17T17:00:00
9038,user_9038,C,57.216,False,2026-01-27T14:00:00
9039,user_9039,C,1.588,False,2026-02-07T19:00:00
9040,user_9040,A,23.65,True,2026-01-06T18:00:00
9041,user_9041,C,49.32,False,2026-02-08T20:00:00
9042,user_9042,A,67.542,False,2026-01-08T18:00:00
9043,user_9043,D,35.327,False,2026-01-30T00:00:00
9044,user_9044,D,91.967,True,2026-01-24T01:00:00
9045,user_9045,D,76.957,False,2026-01-18T09:00:00
9046,user_9046,B,40.577,False,2026-02-04T20:00:00
9047,user_9047,A,31.467,False,2026-01-08T14:00:00
9048,user_9048,C,3.164,False,2026-01-27T23:00:00
9049,user_9049,B,65.342,True,2026-01-10T18:00:00
9050,user_9050,B,24.873,False,2026-01-10T14:00:00
9051,user_9051,C,92.289,False,2026-01-01T17:00:00
9052,user_9052,A,48.441,True,2026-01-25T13:00:00
9053,user_9053,B,35.946,False,2026-01-14T14:00:00
9054,user_9054,C,12.82,True,2026-01-03T20:00:00
9055,user_9055,D,92.774,True,2026-01-07T13:00:00
9056,user_9056,B,47.281,False,2026-01-06T20:00:00
9057,user_9057,A,65.887,True,2026-01-05T10:00:00
9058,user_9058,A,41.01,True,2026-01-27T09:00:00
9059,user_9059,A,45.311,False,2026-02-09T17:00:00
9060,user_9060,C,4.971,False,2026-01-15T14:00:00
9061,user_9061,C,97.934,True,2026-01-04T07:00:00
9062,user_9062,A,23.892,True,2026-02-04T19:00:00
9063,user_9063,A,94.386,False,2026-02-04T16:00:00
9064,user_9064,A,67.793,False,2026-01-18T05:00:00
9065,user_9065,C,82.445,True,2026-01-04T23:00:00
9066,user_9066,B,72.444,True,2026-01-18T05:00:00
9067,user_9067,D,56.593,True,2026-01-20T04:00:00
9068,user_9068,A,3.095,True,2026-02-01T21:00:00
9069,user_9069,D,51.147,False,2026-01-13T00:00:00
9070,user_9070,B,46.95,False,2026-01-23T11:00:00
9071,user_9071,C,11.012,True,2026-01-28T22:00:00
9072,user_9072,D,51.557,True,2026-02-01T10:00:00
9073,user_9073,D,46.094,False,2026-02-04T07:00:00
9074,user_9074,A,79.842,True,2026-01-07T22:00:00
9075,user_9075,C,19.208,True,2026-01-10T12:00:00
9076,user_9076,A,35.906,False,2026-01-13T09:00:00
9077,user_9077,C,52.553,True,2026-01-03T06:00:00
9078,user_9078,B,66.478,False,2026-01-26T04:00:00
9079,user_9079,A,72.514,True,2026-01-29T23:00:00
9080,user_9080,A,39.675,False,2026-02-05T01:00:00
9081,user_9081,A,66.286,False,2026-01-05T10:00:00
9082,user_9082,D,78.339,False,2026-01-18T04:00:00
9083,user_9083,C,92.181,False,2026-01-20T04:00:00
9084,user_9084,B,13.065,True,2026-02-07T01:00:00
9085,user_9085,D,76.724,True,2026-02-08T06:00:00
9086,user_9086,C,61.348,True,2026-01-04T08:00:00
9087,user_9087,D,10.057,True,2026-01-17T04:00:00
9088,user_9088,D,72.388,True,2026-01-22T01:00:00
9089,user_9089,D,10.583,False,2026-01-01T20:00:00
9090,user_9090,A,16.352,False,2026-01-31T04:00:00
9091,user_9091,B,82.275,False,2026-01-02T20:00:00
9092,user_9092,C,49.373,False,2026-01-29T19:00:00
9093,user_9093,B,60.624,True,2026-01-19T01:00:00
9094,user_9094,D,70.973,False,2026-01-20T15:00:00
9095,user_9095,D,72.69,True,2026-01-16T02:00:00
9096,user_9096,D,57.981,True,2026-01-06T23:00:00
9097,user_9097,C,92.389,False,2026-02-01T14:00:00
9098,user_9098,A,96.877,True,2026-01-12T04:00:00
9099,user_9099,A,84.553,True,2026-01-04T03:00:00
9100,user_9100,B,41.641,False,2026-01-18T20:00:00
9101,user_9101,B,76.743,False,2026-01-21T08:00:00
9102,user_9102,D,81.917,False,2026-02-07T21:00:00
9103,user_9103,B,93.391,False,2026-01-24T12:00:00
9104,user_9104,D,28.535,True,2026-01-30T03:00:00
9105,user_9105,B,91.558,False,2026-02-04T03:00:00
9106,user_9106,A,46.637,False,2026-01-04T03:00:00
9107,user_9107,D,62.249,False,2026-02-04T22:00:00
9108,user_9108,D,17.014,True,2026-01-01T14:00:00
9109,user_9109,B,71.938,True,2026-01-21T10:00:00
9110,user_9110,C,49.611,True,2026-01-09T07:00:00
9111,user_9111,B,57.99,False,2026-01-20T08:00:00
9112,user_9112,C,39.244,False,2026-01-08T02:00:00
9113,user_9113,B,49.384,False,2026-01-12T21:00:00
9114,user_9114,A,70.992,True,2026-02-01T00:00:00
9115,user_9115,D,42.647,True,2026-01-31T14:00:00
9116,user_9116,B,84.176,False,2026-01-05T19:00:00
9117,user_9117,A,82.015,True,2026-02-08T02:00:00
9118,user_9118,B,43.117,True,2026-01-21T11:00:00
9119,user_9119,D,95.049,False,2026-02-07T04:00:00
9120,user_9120,D,54.211,False,2026-01-24T06:00:00
9121,user_9121,D,0.994,False,2026-01-17T11:00:00
9122,user_9122,C,9.911,False,2026-01-13T15:00:00
9123,user_9123,B,72.332,False,2026-01-12T21:00:00
9124,user_9124,A,83.737,True,2026-01-14T10:00:00
9125,user_9125,D,4.634,False,2026-01-19T16:00:00
9126,user_9126,B,34.266,True,2026-01-09T20:00:00
9127,user_9127,D,2.33,True,2026-01-25T18:00:00
9128,user_9128,A,93.124,False,2026-01-22T15:00:00
9129,user_9129,D,87.74,True,2026-01-13T17:00:00
9130,user_9130,D,59.417,False,2026-01-12T09:00:00
9131,user_9131,D,17.929,False,2026-01-21T16:00:00
9132,user_9132,D,52.853,True,2026-01-10T06:00:00
9133,user_9133,B,98.018,False,2026-02-05T16:00:00
9134,user_9134,A,62.747,True,2026-01-04T18:00:00
9135,user_9135,D,20.127,False,2026-01-05T22:00:00
9136,user_9136,B,49.908,True,2026-01-22T08:00:00
9137,user_9137,A,49.746,False,2026-02-07T23:00:00
9138,user_9138,D,14.955,False,2026-01-14T03:00:00
9139,user_9139,C,35.032,False,2026-01-01T05:00:00
9140,user_9140,C,63.476,False,2026-02-07T12:00:00
9141,user_9141,C,5.92,False,2026-01-03T18:00:00
9142,user_9142,D,68.401,False,2026-01-19T06:00:00
9143,user_9143,B,39.369,True,2026-02-09T16:00:00
9144,user_9144,A,13.802,False,2026-01-18T15:00:00
9145,user_9145,D,66.577,False,2026-02-03T22:00:00
9146,user_9146,A,77.711,False,2026-01-01T04:00:00
9147,user_9147,A,44.272,False,2026-01-05T05:00:00
9148,user_9148,B,55.286,False,2026-01-10T10:00:00
9149,user_9149,D,29.189,True,2026-01-11T01:00:00
9150,user_9150,C,37.87,True,2026-02-03T12:00:00
9151,user_9151,A,64.388,False,2026-01-26T00:00:00
9152,user_9152,D,15.308,False,2026-02-06T23:00:00
9153,user_9153,D,86.315,True,2026-02-03T23:00:00
9154,user_9154,C,79.695,True,2026-02-09T19:00:00
9155,user_9155,A,7.271,False,2026-01-26T14:00:00
9156,user_9156,B,5.55,True,2026-02-11T06:00:00
9157,user_9157,C,5.33,False,2026-01-03T20:00:00
9158,user_9158,B,2.011,False,2026-01-25T09:00:00
9159,user_9159,A,7.095,True,2026-02-11T09:00:00
9160,user_9160,D,63.61,True,2026-02-01T15:00:00
9161,user_9161,A,89.042,True,2026-02-10T16:00:00
9162,user_9162,D,36.401,True,2026-01-27T03:00:00
9163,user_9163,B,73.959,True,2026-01-28T04:00:00
9164,user_9164,C,31.624,False,2026-01-31T15:00:00
9165,user_9165,A,14.259,True,2026-01-22T05:00:00
9166,user_9166,A,34.073,True,2026-02-02T07:00:00
9167,user_9167,A,83.569,False,2026-01-16T19:00:00
9168,user_9168,D,16.418,True,2026-01-04T17:00:00
9169,user_9169,A,68.71,False,2026-01-04T21:00:00
9170,user_9170,D,33.631,True,2026-01-09T10:00:00
9171,user_9171,A,30.666,False,2026-01-17T11:00:00
9172,user_9172,B,37.923,False,2026-01-14T05:00:00
9173,user_9173,D,52.396,False,2026-02-09T00:00:00
9174,user_9174,C,40.931,False,2026-01-07T17:00:00
9175,user_9175,D,70.875,True,2026-01-12T18:00:00
9176,user_9176,A,49.551,True,2026-01-06T04:00:00
9177,user_9177,A,73.353,False,2026-01-21T15:00:00
9178,user_9178,C,32.367,True,2026-01-07T02:00:00
9179,user_9179,C,52.697,True,2026-01-20T11:00:00
9180,user_9180,A,76.477,False,2026-01-19T22:00:00
9181,user_9181,A,52.712,True,2026-01-14T00:00:00
9182,user_9182,D,43.64,True,2026-01-22T22:00:00
9183,user_9183,B,86.87,True,2026-01-03T07:00:00
9184,user_9184,A,61.492,True,2026-01-03T19:00:00
9185,user_9185,C,67.707,True,2026-01-17T18:00:00
9186,user_9186,C,64.139,True,2026-02-02T13:00:00
9187,user_9187,D,60.327,False,2026-02-01T01:00:00
9188,user_9188,B,66.964,False,2026-01-03T07:00:00
9189,user_9189,D,17.623,True,2026-01-15T23:00:00
9190,user_9190,D,84.225,False,2026-02-10T20:00:00
9191,user_9191,A,99.17,True,2026-01-01T14:00:00
9192,user_9192,D,54.533,True,2026-01-20T22:00:00
9193,user_9193,C,71.912,True,2026-01-16T01:00:00
9194,user_9194,C,46.616,False,2026-02-04T03:00:00
9195,user_9195,D,36.778,True,2026-01-11T17:00:00
9196,user_9196,C,60.978,True,2026-01-12T04:00:00
9197,user_9197,B,24.799,True,2026-01-12T17:00:00
9198,user_9198,C,67.501,False,2026-01-17T01:00:00
9199,user_9199,A,89.406,False,2026-01-11T20:00:00
9200,user_9200,D,80.123,False,2026-01-09T23:00:00
9201,user_9201,D,52.05,True,2026-01-17T03:00:00
9202,user_9202,C,51.013,False,2026-01-30T22:00:00
9203,user_9203,C,87.273,False,2026-01-03T12:00:00
9204,user_9204,D,74.686,False,2026-01-15T13:00:00
9205,user_9205,A,99.666,True,2026-02-07T03:00:00
9206,user_9206,C,47.077,False,2026-01-01T15:00:00
9207,user_9207,A,13.563,False,2026-01-08T07:00:00
9208,user_9208,B,84.604,True,2026-01-02T22:00:00
9209,user_9209,C,37.016,False,2026-01-01T09:00:00
9210,user_9210,B,97.427,True,2026-01-11T19:00:00
9211,user_9211,D,12.646,False,2026-02-10T06:00:00
9212,user_9212,D,35.609,True,2026-01-12T18:00:00
9213,user_9213,D,61.515,True,2026-01-08T05:00:00
9214,user_9214,D,73.634,False,2026-01-14T09:00:00
9215,user_9215,C,45.073,True,2026-02-03T08:00:00
9216,user_9216,C,98.702,False,2026-02-04T11:00:00
9217,user_9217,A,91.434,False,2026-02-08T03:00:00
9218,user_9218,A,37.831,True,2026-02-01T09:00:00
9219,user_9219,B,55.539,True,2026-01-02T13:00:00
9220,user_9220,A,14.994,True,2026-01-14T19:00:00
9221,user_9221,D,1.565,True,2026-01-24T05:00:00
9222,user_9222,A,77.47,True,2026-02-08T00:00:00
9223,user_9223,D,66.78,True,2026-01-28T08:00:00
9224,user_9224,A,65.637,False,2026-02-01T07:00:00
9225,user_9225,C,44.76,False,2026-01-28T16:00:00
9226,user_9226,D,71.903,True,2026-01-30T19:00:00
9227,user_9227,B,96.737,False,2026-01-15T23:00:00
9228,user_9228,D,29.647,False,2026-01-26T06:00:00
9229,user_9229,A,65.666,False,2026-01-31T23:00:00
9230,user_9230,C,74.072,True,2026-02-01T02:00:00
9231,user_9231,B,46.402,False,2026-01-10T01:00:00
9232,user_9232,B,64.351,False,2026-02-03T09:00:00
9233,user_9233,C,15.437,True,2026-01-17T12:00:00
9234,user_9234,B,46.955,False,2026-01-05T15:00:00
9235,user_9235,A,70.165,False,2026-02-01T23:00:00
9236,user_9236,D,35.74,False,2026-01-29T10:00:00
9237,user_9237,B,72.725,True,2026-01-25T08:00:00
9238,user_9238,D,79.604,False,2026-01-04T03:00:00
9239,user_9239,B,43.395,False,2026-01-17T05:00:00
9240,user_9240,C,79.003,True,2026-01-18T23:00:00
9241,user_9241,A,84.346,True,2026-02-08T19:00:00
9242,user_9242,D,87.857,True,2026-01-03T03:00:00
9243,user_9243,C,7.462,True,2026-01-04T00:00:00
9244,user_9244,A,45.854,False,2026-02-07T03:00:00
9245,user_9245,A,9.227,False,2026-01-06T20:00:00
9246,user_9246,B,38.607,False,2026-01-21T03:00:00
9247,user_9247,D,92.01,True,2026-01-16T02:00:00
9248,user_9248,A,68.01,True,2026-01-11T04:00:00
9249,user_9249,D,21.5,False,2026-01-19T13:00:00
9250,user_9250,D,45.746,False,2026-01-11T07:00:00
9251,user_9251,A,31.052,False,2026-02-03T03:00:00
9252,user_9252,A,77.455,False,2026-01-06T06:00:00
9253,user_9253,D,57.302,True,2026-01-03T10:00:00
9254,user_9254,A,4.675,False,2026-01-22T20:00:00
9255,user_9255,B,10.414,True,2026-01-18T08:00:00
9256,user_9256,D,98.141,False,2026-01-15T11:00:00
9257,user_9257,C,37.598,True,2026-01-15T15:00:00
9258,user_9258,C,76.364,True,2026-01-12T13:00:00
9259,user_9259,C,47.219,True,2026-01-26T20:00:00
9260,user_9260,B,12.583,False,2026-02-08T04:00:00
9261,user_9261,C,52.673,True,2026-01-20T22:00:00
9262,user_9262,A,45.37,True,2026-01-05T03:00:00
9263,user_9263,C,55.217,True,2026-01-20T20:00:00
9264,user_9264,D,55.01,False,2026-02-03T13:00:00
9265,user_9265,A,5.808,False,2026-01-17T01:00:00
9266,user_9266,C,77.334,True,2026-01-02T19:00:00
9267,user_9267,A,28.988,False,2026-02-01T08:00:00
9268,user_9268,A,10.115,True,2026-01-11T08:00:00
9269,user_9269,D,22.379,True,2026-01-18T12:00:00
9270,user_9270,C,92.127,True,2026-02-07T05:00:00
9271,user_9271,B,78.539,False,2026-02-08T07:00:00
9272,user_9272,B,58.596,True,2026-02-07T04:00:00
9273,user_9273,D,92.267,False,2026-01-14T10:00:00
9274,user_9274,C,85.185,True,2026-01-19T08:00:00
9275,user_9275,C,23.033,False,2026-02-04T06:00:00
9276,user_9276,B,95.111,False,2026-01-03T21:00:00
9277,user_9277,B,31.955,False,2026-01-10T05:00:00
9278,user_9278,C,38.242,True,2026-01-24T04:00:00
9279,user_9279,B,28.335,True,2026-01-18T09:00:00
9280,user_9280,C,92.578,False,2026-01-30T20:00:00
9281,user_9281,B,75.176,False,2026-01-12T10:00:00
9282,user_9282,C,87.623,False,2026-01-05T04:00:00
9283,user_9283,C,20.401,False,2026-01-10T14:00:00
9284,user_9284,B,16.026,False,2026-01-23T10:00:00
9285,user_9285,C,81.812,True,2026-02-06T18:00:00
9286,user_9286,B,33.451,False,2026-02-01T22:00:00
9287,user_9287,D,68.189,True,2026-01-12T13:00:00
9288,user_9288,D,13.198,True,2026-02-09T11:00:00
9289,user_9289,D,6.32,True,2026-01-05T11:00:00
9290,user_9290,C,64.711,True,2026-01-07T02:00:00
9291,user_9291,B,98.217,True,2026-01-06T14:00:00
9292,user_9292,B,91.925,True,2026-01-23T23:00:00
9293,user_9293,B,70.917,True,2026-01-11T18:00:00
9294,user_9294,C,3.59,False,2026-01-08T08:00:00
9295,user_9295,C,25.427,False,2026-01-22T10:00:00
9296,user_9296,A,82.662,True,2026-02-05T00:00:00
9297,user_9297,A,89.526,True,2026-01-24T11:00:00
9298,user_9298,C,84.76,False,2026-01-19T05:00:00
9299,user_9299,B,35.482,False,2026-01-20T17:00:00
9300,user_9300,A,46.78,False,2026-01-13T13:00:00
9301,user_9301,C,90.229,True,2026-01-18T01:00:00
9302,user_9302,D,53.738,True,2026-02-02T08:00:00
9303,user_9303,A,43.077,True,2026-01-10T06:00:00
9304,user_9304,C,32.94,True,2026-01-26T14:00:00
9305,user_9305,C,66.157,True,2026-02-09T18:00:00
9306,user_9306,B,54.872,False,2026-02-10T08:00:00
9307,user_9307,C,13.458,True,2026-01-01T19:00:00
9308,user_9308,D,33.32,True,2026-01-05T05:00:00
9309,user_9309,A,48.291,False,2026-01-10T13:00:00
9310,user_9310,B,40.424,False,2026-01-28T09:00:00
9311,user_9311,D,89.504,False,2026-01-05T07:00:00
9312,user_9312,A,10.189,False,2026-01-21T22:00:00
9313,user_9313,B,77.878,False,2026-01-17T08:00:00
9314,user_9314,D,61.363,True,2026-01-16T22:00:00
9315,user_9315,B,40.649,True,2026-02-05T10:00:00
9316,user_9316,B,65.121,True,2026-01-28T10:00:00
9317,user_9317,C,27.089,False,2026-01-14T16:00:00
9318,user_9318,C,84.811,False,2026-01-15T13:00:00
9319,user_9319,A,73.943,True,2026-01-27T05:00:00
9320,user_9320,D,95.458,False,2026-01-27T05:00:00
9321,user_9321,B,82.109,True,2026-01-28T08:00:00
9322,user_9322,C,5.55,True,2026-01-25T02:00:00
9323,user_9323,A,25.196,True,2026-02-07T04:00:00
9324,user_9324,B,65.879,True,2026-02-10T14:00:00
9325,user_9325,A,29.719,True,2026-01-13T07:00:00
9326,user_9326,C,46.94,True,2026-02-05T09:00:00
9327,user_9327,D,3.591,True,2026-01-19T14:00:00
9328,user_9328,D,21.65,True,2026-02-03T12:00:00
9329,user_9329,C,70.395,True,2026-01-19T06:00:00
9330,user_9330,A,39.96,True,2026-01-07T11:00:00
9331,user_9331,C,78.421,True,2026-01-12T17:00:00
9332,user_9332,C,54.004,False,2026-01-02T23:00:00
9333,user_9333,A,82.71,False,2026-02-08T06:00:00
9334,user_9334,D,5.991,False,2026-01-24T16:00:00
9335,user_9335,A,95.919,False,2026-01-09T12:00:00
9336,user_9336,C,8.938,True,2026-01-21T06:00:00
9337,user_9337,B,55.629,True,2026-02-05T03:00:00
9338,user_9338,C,5.444,False,2026-02-02T03:00:00
9339,user_9339,B,91.887,False,2026-01-23T08:00:00
9340,user_9340,A,6.264,False,2026-01-20T01:00:00
9341,user_9341,A,12.442,True,2026-02-10T02:00:00
9342,user_9342,C,59.974,True,2026-01-05T00:00:00
9343,user_9343,A,79.562,False,2026-01-16T00:00:00
9344,user_9344,B,31.147,False,2026-01-26T04:00:00
9345,user_9345,C,6.87,False,2026-01-14T04:00:00
9346,user_9346,C,43.559,False,2026-02-08T21:00:00
9347,user_9347,A,63.11,False,2026-01-30T05:00:00
9348,user_9348,C,71.165,True,2026-01-30T12:00:00
9349,user_9349,D,74.989,False,2026-01-23T09:00:00
9350,user_9350,C,37.787,False,2026-02-10T08:00:00
9351,user_9351,A,27.527,False,2026-01-27T13:00:00
9352,user_9352,D,89.306,False,2026-01-22T15:00:00
9353,user_9353,B,6.066,True,2026-01-09T18:00:00
9354,user_9354,A,50.841,False,2026-01-14T11:00:00
9355,user_9355,B,93.665,False,2026-01-01T16:00:00
9356,user_9356,C,90.438,False,2026-01-19T01:00:00
9357,user_9357,A,34.648,True,2026-01-17T20:00:00
9358,user_9358,A,14.62,False,2026-02-04T13:00:00
9359,user_9359,C,20.666,True,2026-01-18T01:00:00
9360,user_9360,C,66.272,False,2026-02-03T18:00:00
9361,user_9361,D,35.978,True,2026-01-01T04:00:00
9362,user_9362,D,95.789,False,2026-01-14T03:00:00
9363,user_9363,B,9.056,False,2026-01-30T02:00:00
9364,user_9364,A,77.401,True,2026-01-28T22:00:00
9365,user_9365,A,70.09,False,2026-01-19T05:00:00
9366,user_9366,D,17.407,True,2026-01-20T05:00:00
9367,user_9367,B,25.652,False,2026-01-30T06:00:00
9368,user_9368,A,18.3,True,2026-01-31T05:00:00
9369,user_9369,A,89.943,False,2026-01-07T14:00:00
9370,user_9370,B,33.067,False,2026-02-04T14:00:00
9371,user_9371,D,87.622,False,2026-01-28T01:00:00
9372,user_9372,C,67.631,True,2026-01-19T04:00:00
9373,user_9373,B,50.455,True,2026-01-16T18:00:00
9374,user_9374,B,2.685,True,2026-01-16T11:00:00
9375,user_9375,C,72.945,False,2026-02-11T02:00:00
9376,user_9376,B,35.301,False,2026-01-03T07:00:00
9377,user_9377,B,17.053,False,2026-01-21T04:00:00
9378,user_9378,A,65.477,False,2026-01-24T00:00:00
9379,user_9379,A,19.923,False,2026-01-17T14:00:00
9380,user_9380,B,87.161,False,2026-01-05T10:00:00
9381,user_9381,C,16.215,True,2026-02-06T19:00:00
9382,user_9382,B,94.369,True,2026-01-31T22:00:00
9383,user_9383,D,55.567,False,2026-01-16T02:00:00
9384,user_9384,C,23.857,False,2026-02-05T11:00:00
9385,user_9385,D,30.536,False,2026-01-18T00:00:00
9386,user_9386,D,50.075,False,2026-01-10T05:00:00
9387,user_9387,B,62.526,False,2026-01-10T23:00:00
9388,user_9388,A,57.935,False,2026-02-06T21:00:00
9389,user_9389,A,99.38,True,2026-02-11T14:00:00
9390,user_9390,A,40.022,True,2026-01-05T01:00:00
9391,user_9391,B,54.812,False,2026-01-10T02:00:00
9392,user_9392,A,53.294,False,2026-01-17T21:00:00
9393,user_9393,B,5.704,False,2026-02-10T05:00:00
9394,user_9394,B,77.307,False,2026-01-11T08:00:00
9395,user_9395,D,49.631,True,2026-01-12T10:00:00
9396,user_9396,C,85.827,False,2026-02-03T03:00:00
9397,user_9397,D,55.233,False,2026-01-27T08:00:00
9398,user_9398,A,97.625,False,2026-01-26T22:00:00
9399,user_9399,A,60.001,False,2026-01-20T16:00:00
9400,user_9400,D,0.441,False,2026-02-02T21:00:00
9401,user_9401,C,6.773,False,2026-01-30T21:00:00
9402,user_9402,D,94.421,True,2026-01-14T01:00:00
9403,user_9403,C,43.409,False,2026-01-01T11:00:00
9404,user_9404,B,95.693,False,2026-01-10T10:00:00
9405,user_9405,B,36.207,True,2026-01-18T21:00:00
9406,user_9406,B,55.732,False,2026-01-04T02:00:00
9407,user_9407,C,53.338,False,2026-01-31T15:00:00
9408,user_9408,C,91.161,False,2026-01-21T16:00:00
9409,user_9409,D,7.176,False,2026-01-09T23:00:00
9410,user_9410,C,53.661,True,2026-02-10T18:00:00
9411,user_9411,A,96.41,False,2026-02-08T12:00:00
9412,user_9412,C,74.905,True,2026-01-06T07:00:00
9413,user_9413,D,14.409,False,2026-01-10T18:00:00
9414,user_9414,A,5.383,False,2026-01-21T01:00:00
9415,user_9415,C,2.312,True,2026-01-11T04:00:00
9416,user_9416,B,49.912,True,2026-01-16T00:00:00
9417,user_9417,C,47.77,True,2026-01-16T09:00:00
9418,user_9418,D,70.429,False,2026-01-07T19:00:00
9419,user_9419,B,98.658,True,2026-01-13T08:00:00
9420,user_9420,A,9.338,False,2026-01-21T22:00:00
9421,user_9421,A,41.071,False,2026-01-18T00:00:00
9422,user_9422,C,35.348,False,2026-01-01T19:00:00
9423,user_9423,A,65.35,False,2026-01-28T15:00:00
9424,user_9424,D,91.147,False,2026-02-02T01:00:00
9425,user_9425,A,42.097,True,2026-02-02T16:00:00
9426,user_9426,C,84.697,True,2026-01-09T10:00:00
9427,user_9427,B,87.897,False,2026-02-04T19:00:00
9428,user_9428,A,50.037,True,2026-01-19T01:00:00
9429,user_9429,B,56.233,True,2026-01-01T08:00:00
9430,user_9430,B,47.403,False,2026-01-30T00:00:00
9431,user_9431,C,0.493,False,2026-01-27T04:00:00
9432,user_9432,C,50.138,True,2026-01-01T14:00:00
9433,user_9433,C,82.209,False,2026-01-06T12:00:00
9434,user_9434,D,91.658,True,2026-01-17T21:00:00
9435,user_9435,D,59.381,False,2026-01-31T18:00:00
9436,user_9436,B,95.878,False,2026-02-04T09:00:00
9437,user_9437,D,23.186,True,2026-01-08T13:00:00
9438,user_9438,A,83.248,False,2026-01-23T23:00:00
9439,user_9439,D,82.102,False,2026-02-05T01:00:00
9440,user_9440,B,88.495,True,2026-01-02T08:00:00
9441,user_9441,C,12.396,True,2026-02-08T17:00:00
9442,user_9442,C,32.059,False,2026-01-12T10:00:00
9443,user_9443,D,7.058,False,2026-01-20T18:00:00
9444,user_9444,C,72.371,False,2026-01-28T01:00:00
9445,user_9445,D,59.005,True,2026-02-01T06:00:00
9446,user_9446,D,44.701,True,2026-01-10T18:00:00
9447,user_9447,A,89.109,False,2026-01-02T12:00:00
9448,user_9448,B,18.795,False,2026-01-29T07:00:00
9449,user_9449,C,35.642,False,2026-01-27T13:00:00
9450,user_9450,D,79.36,True,2026-01-28T01:00:00
9451,user_9451,A,33.471,False,2026-01-04T04:00:00
9452,user_9452,D,71.749,False,2026-01-04T05:00:00
9453,user_9453,D,6.727,False,2026-01-08T07:00:00
9454,user_9454,D,34.461,False,2026-01-12T00:00:00
9455,user_9455,B,18.273,True,2026-01-25T18:00:00
9456,user_9456,B,5.515,False,2026-01-04T14:00:00
9457,user_9457,D,96.886,True,2026-02-10T04:00:00
9458,user_9458,C,8.088,False,2026-01-14T07:00:00
9459,user_9459,B,25.388,False,2026-01-12T08:00:00
9460,user_9460,C,30.086,False,2026-01-20T22:00:00
9461,user_9461,A,41.221,True,2026-01-17T12:00:00
9462,user_9462,C,38.038,True,2026-01-04T04:00:00
9463,user_9463,B,93.065,False,2026-01-05T21:00:00
9464,user_9464,B,71.232,False,2026-01-10T06:00:00
9465,user_9465,C,69.412,True,2026-01-15T20:00:00
9466,user_9466,B,79.28,True,2026-01-25T07:00:00
9467,user_9467,C,13.603,False,2026-01-29T17:00:00
9468,user_9468,B,38.539,False,2026-02-07T11:00:00
9469,user_9469,C,16.539,True,2026-02-09T00:00:00
9470,user_9470,C,46.11,True,2026-01-13T00:00:00
9471,user_9471,A,38.536,False,2026-02-05T03:00:00
9472,user_9472,D,5.027,True,2026-02-07T23:00:00
9473,user_9473,D,62.195,False,2026-02-03T23:00:00
9474,user_9474,D,43.74,False,2026-01-07T14:00:00
9475,user_9475,C,94.141,False,2026-01-24T09:00:00
9476,user_9476,B,18.402,False,2026-01-03T10:00:00
9477,user_9477,C,23.292,True,2026-01-06T11:00:00
9478,user_9478,B,36.061,False,2026-02-06T14:00:00
9479,user_9479,A,71.556,False,2026-01-08T11:00:00
9480,user_9480,C,73.14,True,2026-02-10T08:00:00
9481,user_9481,D,38.559,False,2026-02-10T00:00:00
9482,user_9482,A,56.952,False,2026-02-02T23:00:00
9483,user_9483,A,61.145,False,2026-02-03T06:00:00
9484,user_9484,A,92.914,True,2026-02-11T02:00:00
9485,user_9485,C,45.899,True,2026-02-05T15:00:00
9486,user_9486,D,45.759,True,2026-01-25T04:00:00
9487,user_9487,A,75.244,False,2026-01-22T04:00:00
9488,user_9488,B,11.58,False,2026-02-08T09:00:00
9489,user_9489,C,74.009,True,2026-01-14T15:00:00
9490,user_9490,C,17.972,False,2026-01-24T08:00:00
9491,user_9491,C,35.063,False,2026-02-07T12:00:00
9492,user_9492,D,10.107,False,2026-01-06T17:00:00
9493,user_9493,D,16.783,True,2026-01-22T12:00:00
9494,user_9494,A,48.497,False,2026-01-06T05:00:00
9495,user_9495,C,90.616,True,2026-02-11T03:00:00
9496,user_9496,C,7.727,False,2026-02-08T20:00:00
9497,user_9497,D,30.466,False,2026-01-17T16:00:00
9498,user_9498,B,32.482,True,2026-01-14T14:00:00
9499,user_9499,B,92.062,True,2026-02-07T20:00:00
9500,user_9500,D,65.815,True,2026-01-24T17:00:00
9501,user_9501,D,23.015,False,2026-02-04T21:00:00
9502,user_9502,D,46.272,False,2026-01-12T05:00:00
9503,user_9503,A,41.186,True,2026-01-10T06:00:00
9504,user_9504,A,95.982,False,2026-02-03T10:00:00
9505,user_9505,A,62.867,False,2026-01-14T10:00:00
9506,user_9506,B,29.366,True,2026-01-30T03:00:00
9507,user_9507,C,6.96,True,2026-02-09T01:00:00
9508,user_9508,C,96.223,True,2026-01-18T20:00:00
9509,user_9509,D,3.911,True,2026-01-15T10:00:00
9510,user_9510,B,2.011,True,2026-01-17T04:00:00
9511,user_9511,D,99.411,True,2026-01-18T02:00:00
9512,user_9512,B,91.652,False,2026-01-25T08:00:00
9513,user_9513,A,2.752,False,2026-01-11T00:00:00
9514,user_9514,B,79.013,False,2026-01-14T10:00:00
9515,user_9515,D,88.644,False,2026-01-26T07:00:00
9516,user_9516,D,42.602,True,2026-02-10T04:00:00
9517,user_9517,C,5.484,True,2026-01-20T06:00:00
9518,user_9518,D,86.218,True,2026-01-19T21:00:00
9519,user_9519,A,83.689,False,2026-01-05T03:00:00
9520,user_9520,A,77.299,True,2026-01-16T22:00:00
9521,user_9521,D,47.942,True,2026-01-05T22:00:00
9522,user_9522,A,19.277,False,2026-02-06T06:00:00
9523,user_9523,B,78.689,True,2026-01-19T21:00:00
9524,user_9524,D,51.411,True,2026-01-01T14:00:00
9525,user_9525,A,80.523,False,2026-01-29T17:00:00
9526,user_9526,D,29.785,True,2026-01-31T10:00:00
9527,user_9527,B,73.889,True,2026-02-08T09:00:00
9528,user_9528,A,17.103,True,2026-01-13T18:00:00
9529,user_9529,C,94.062,False,2026-01-09T11:00:00
9530,user_9530,B,57.911,False,2026-01-05T10:00:00
9531,user_9531,C,25.055,False,2026-01-04T10:00:00
9532,user_9532,A,21.475,True,2026-01-10T11:00:00
9533,user_9533,D,11.418,False,2026-02-02T17:00:00
9534,user_9534,D,41.541,False,2026-02-01T01:00:00
9535,user_9535,C,47.591,True,2026-01-26T07:00:00
9536,user_9536,C,69.307,False,2026-01-23T16:00:00
9537,user_9537,D,86.746,True,2026-02-09T06:00:00
9538,user_9538,D,49.38,True,2026-02-09T15:00:00
9539,user_9539,A,32.413,True,2026-01-20T19:00:00
9540,user_9540,C,81.005,True,2026-01-16T04:00:00
9541,user_9541,B,71.062,False,2026-01-06T20:00:00
9542,user_9542,A,62.861,True,2026-01-14T08:00:00
9543,user_9543,C,68.187,True,2026-02-06T17:00:00
9544,user_9544,A,50.325,True,2026-02-06T08:00:00
9545,user_9545,A,41.947,False,2026-01-01T15:00:00
9546,user_9546,B,18.733,False,2026-01-01T01:00:00
9547,user_9547,C,99.594,False,2026-01-16T02:00:00
9548,user_9548,B,2.414,True,2026-01-23T17:00:00
9549,user_9549,C,5.803,False,2026-01-30T03:00:00
9550,user_9550,D,77.625,False,2026-01-10T16:00:00
9551,user_9551,B,35.689,True,2026-01-18T11:00:00
9552,user_9552,C,21.615,True,2026-01-30T01:00:00
9553,user_9553,B,71.171,True,2026-02-10T18:00:00
9554,user_9554,D,97.636,False,2026-01-26T01:00:00
9555,user_9555,D,41.952,False,2026-01-01T08:00:00
9556,user_9556,C,98.732,True,2026-01-20T16:00:00
9557,user_9557,C,84.239,False,2026-01-02T11:00:00
9558,user_9558,D,97.216,False,2026-01-01T18:00:00
9559,user_9559,C,41.09,True,2026-01-22T18:00:00
9560,user_9560,B,30.421,True,2026-01-15T05:00:00
9561,user_9561,B,98.664,False,2026-01-04T13:00:00
9562,user_9562,D,11.337,False,2026-01-06T18:00:00
9563,user_9563,C,48.446,True,2026-01-05T23:00:00
9564,user_9564,C,57.34,False,2026-02-02T04:00:00
9565,user_9565,D,89.841,True,2026-02-07T12:00:00
9566,user_9566,C,67.905,True,2026-01-11T22:00:00
9567,user_9567,C,48.519,True,2026-02-07T03:00:00
9568,user_9568,D,33.403,False,2026-02-03T02:00:00
9569,user_9569,D,35.023,True,2026-01-31T23:00:00
9570,user_9570,C,14.219,False,2026-01-24T21:00:00
9571,user_9571,C,69.26,False,2026-02-01T22:00:00
9572,user_9572,B,54.827,False,2026-02-06T16:00:00
9573,user_9573,A,55.513,False,2026-02-01T00:00:00
9574,user_9574,D,63.997,False,2026-02-05T07:00:00
9575,user_9575,A,87.81,False,2026-01-27T21:00:00
9576,user_9576,B,57.651,False,2026-01-18T15:00:00
9577,user_9577,A,83.795,True,2026-02-06T16:00:00
9578,user_9578,B,97.25,False,2026-01-29T03:00:00
9579,user_9579,A,49.638,True,2026-01-07T21:00:00
9580,user_9580,D,27.091,True,2026-01-21T21:00:00
9581,user_9581,A,91.159,True,2026-02-07T04:00:00
9582,user_9582,B,38.536,True,2026-01-05T23:00:00
9583,user_9583,D,35.728,False,2026-01-18T17:00:00
9584,user_9584,A,99.029,False,2026-02-05T12:00:00
9585,user_9585,D,45.393,True,2026-02-02T17:00:00
9586,user_9586,B,43.298,False,2026-02-10T02:00:00
9587,user_9587,A,71.302,True,2026-01-03T16:00:00
9588,user_9588,B,45.089,True,2026-01-06T10:00:00
9589,user_9589,A,13.704,True,2026-01-13T16:00:00
9590,user_9590,C,70.748,False,2026-01-31T00:00:00
9591,user_9591,B,57.227,True,2026-01-08T13:00:00
9592,user_9592,A,39.554,True,2026-01-31T09:00:00
9593,user_9593,B,99.757,True,2026-02-02T12:00:00
9594,user_9594,D,11.03,True,2026-01-23T15:00:00
9595,user_9595,D,17.978,False,2026-01-07T21:00:00
9596,user_9596,B,63.261,False,2026-01-09T01:00:00
9597,user_9597,B,7.546,False,2026-02-06T21:00:00
9598,user_9598,A,48.919,False,2026-01-15T23:00:00
9599,user_9599,D,17.274,True,2026-01-10T01:00:00
9600,user_9600,D,98.989,True,2026-01-16T06:00:00
9601,user_9601,D,16.978,False,2026-02-03T21:00:00
9602,user_9602,B,62.211,False,2026-01-10T22:00:00
9603,user_9603,B,41.464,False,2026-01-01T15:00:00
9604,user_9604,C,21.667,False,2026-01-11T22:00:00
9605,user_9605,D,7.556,True,2026-01-25T05:00:00
9606,user_9606,D,39.334,False,2026-01-26T03:00:00
9607,user_9607,B,60.976,False,2026-02-06T17:00:00
9608,user_9608,D,20.444,True,2026-01-06T10:00:00
9609,user_9609,D,67.711,True,2026-02-01T01:00:00
9610,user_9610,B,99.574,True,2026-01-21T04:00:00
9611,user_9611,C,82.292,True,2026-02-03T12:00:00
9612,user_9612,D,95.555,False,2026-01-16T22:00:00
9613,user_9613,B,24.148,True,2026-01-16T00:00:00
9614,user_9614,D,37.228,True,2026-01-31T20:00:00
9615,user_9615,A,36.639,False,2026-01-03T11:00:00
9616,user_9616,D,35.489,True,2026-01-13T13:00:00
9617,user_9617,B,60.173,True,2026-02-04T15:00:00
9618,user_9618,A,36.295,True,2026-01-05T20:00:00
9619,user_9619,A,28.168,True,2026-01-03T04:00:00
9620,user_9620,B,78.78,False,2026-01-21T14:00:00
9621,user_9621,C,34.933,True,2026-01-20T15:00:00
9622,user_9622,D,83.729,True,2026-01-17T01:00:00
9623,user_9623,A,12.453,False,2026-02-05T04:00:00
9624,user_9624,A,87.088,True,2026-01-06T08:00:00
9625,user_9625,C,5.785,True,2026-01-27T21:00:00
9626,user_9626,B,45.528,False,2026-01-24T08:00:00
9627,user_9627,C,73.039,False,2026-01-17T03:00:00
9628,user_9628,A,94.158,True,2026-02-05T15:00:00
9629,user_9629,B,56.432,False,2026-02-07T14:00:00
9630,user_9630,C,11.309,True,2026-01-02T00:00:00
9631,user_9631,D,42.472,False,2026-01-03T01:00:00
9632,user_9632,B,8.47,True,2026-01-12T23:00:00
9633,user_9633,D,62.464,True,2026-02-09T13:00:00
9634,user_9634,D,40.58,True,2026-01-02T00:00:00
9635,user_9635,A,65.013,True,2026-02-10T11:00:00
9636,user_9636,D,9.095,False,2026-01-18T23:00:00
9637,user_9637,A,82.924,False,2026-01-02T21:00:00
9638,user_9638,C,30.514,False,2026-02-08T15:00:00
9639,user_9639,C,90.303,True,2026-02-02T10:00:00
9640,user_9640,D,90.205,True,2026-02-01T02:00:00
9641,user_9641,C,56.45,True,2026-01-11T12:00:00
9642,user_9642,D,93.09,False,2026-01-11T13:00:00
9643,user_9643,C,95.765,True,2026-01-04T21:00:00
9644,user_9644,A,2.396,False,2026-01-27T02:00:00
9645,user_9645,A,94.848,True,2026-01-20T22:00:00
9646,user_9646,D,64.991,True,2026-01-27T23:00:00
9647,user_9647,C,58.185,True,2026-01-12T17:00:00
9648,user_9648,C,75.539,False,2026-01-13T09:00:00
9649,user_9649,D,84.282,False,2026-01-22T22:00:00
9650,user_9650,B,32.35,False,2026-01-25T14:00:00
9651,user_9651,C,66.48,False,2026-01-26T02:00:00
9652,user_9652,B,33.37,True,2026-01-27T10:00:00
9653,user_9653,D,53.606,False,2026-01-27T20:00:00
9654,user_9654,B,12.837,True,2026-01-24T00:00:00
9655,user_9655,B,37.78,True,2026-01-15T15:00:00
9656,user_9656,D,43.391,True,2026-01-24T16:00:00
9657,user_9657,A,49.477,True,2026-01-29T09:00:00
9658,user_9658,B,8.856,True,2026-01-10T15:00:00
9659,user_9659,D,84.133,True,2026-01-26T23:00:00
9660,user_9660,C,90.62,True,2026-01-27T08:00:00
9661,user_9661,A,36.982,True,2026-01-10T01:00:00
9662,user_9662,D,6.807,False,2026-02-06T09:00:00
9663,user_9663,A,55.72,True,2026-01-22T01:00:00
9664,user_9664,D,56.085,True,2026-01-24T16:00:00
9665,user_9665,D,39.517,False,2026-01-09T05:00:00
9666,user_9666,D,0.055,True,2026-01-01T01:00:00
9667,user_9667,A,54.134,True,2026-02-09T21:00:00
9668,user_9668,C,10.531,True,2026-01-31T06:00:00
9669,user_9669,A,49.902,True,2026-01-15T17:00:00
9670,user_9670,C,30.94,True,2026-01-19T05:00:00
9671,user_9671,C,29.045,False,2026-02-11T02:00:00
9672,user_9672,D,95.368,True,2026-01-16T18:00:00
9673,user_9673,C,41.821,False,2026-01-05T17:00:00
9674,user_9674,D,13.656,True,2026-01-01T23:00:00
9675,user_9675,C,86.998,False,2026-01-01T06:00:00
9676,user_9676,C,18.234,True,2026-01-11T06:00:00
9677,user_9677,B,77.796,True,2026-01-15T05:00:00
9678,user_9678,D,26.138,False,2026-01-12T00:00:00
9679,user_9679,D,17.792,True,2026-02-11T03:00:00
9680,user_9680,D,14.468,True,2026-01-29T14:00:00
9681,user_9681,C,72.967,True,2026-02-08T12:00:00
9682,user_9682,C,88.703,False,2026-01-25T07:00:00
9683,user_9683,C,49.022,False,2026-01-27T14:00:00
9684,user_9684,C,92.9,False,2026-01-19T20:00:00
9685,user_9685,A,20.744,False,2026-01-05T10:00:00
9686,user_9686,D,70.026,True,2026-01-17T18:00:00
9687,user_9687,B,39.994,True,2026-01-22T21:00:00
9688,user_9688,D,84.068,False,2026-02-08T13:00:00
9689,user_9689,A,76.76,False,2026-01-11T05:00:00
9690,user_9690,A,59.86,False,2026-02-09T20:00:00
9691,user_9691,C,48.431,True,2026-01-08T18:00:00
9692,user_9692,B,84.411,False,2026-01-15T01:00:00
9693,user_9693,D,4.652,False,2026-02-08T10:00:00
9694,user_9694,B,1.398,False,2026-01-17T22:00:00
9695,user_9695,B,58.108,False,2026-01-13T23:00:00
9696,user_9696,B,20.923,True,2026-01-23T19:00:00
9697,user_9697,D,79.537,True,2026-01-29T10:00:00
9698,user_9698,A,38.8,True,2026-01-26T02:00:00
9699,user_9699,C,25.131,True,2026-01-06T16:00:00
9700,user_9700,C,25.595,False,2026-02-03T06:00:00
9701,user_9701,D,5.591,True,2026-01-13T23:00:00
9702,user_9702,A,93.508,True,2026-01-14T14:00:00
9703,user_9703,C,49.518,False,2026-01-02T05:00:00
9704,user_9704,A,32.024,False,2026-01-30T18:00:00
9705,user_9705,B,28.052,False,2026-02-11T01:00:00
9706,user_9706,C,8.305,True,2026-01-13T02:00:00
9707,user_9707,D,77.673,True,2026-02-01T09:00:00
9708,user_9708,C,89.097,False,2026-02-11T02:00:00
9709,user_9709,D,76.004,False,2026-01-01T20:00:00
9710,user_9710,B,61.187,False,2026-01-02T11:00:00
9711,user_9711,B,8.098,True,2026-01-18T08:00:00
9712,user_9712,D,51.392,False,2026-01-29T08:00:00
9713,user_9713,D,11.55,False,2026-02-05T06:00:00
9714,user_9714,B,24.3,True,2026-01-13T12:00:00
9715,user_9715,D,71.944,True,2026-01-25T14:00:00
9716,user_9716,C,72.365,True,2026-01-07T04:00:00
9717,user_9717,C,50.442,True,2026-01-08T04:00:00
9718,user_9718,C,94.603,False,2026-01-14T08:00:00
9719,user_9719,C,80.376,False,2026-01-21T08:00:00
9720,user_9720,D,35.231,True,2026-01-07T11:00:00
9721,user_9721,B,61.856,False,2026-01-31T10:00:00
9722,user_9722,B,45.883,False,2026-01-04T10:00:00
9723,user_9723,C,34.269,False,2026-01-16T07:00:00
9724,user_9724,D,34.98,True,2026-02-04T14:00:00
9725,user_9725,B,93.708,False,2026-01-21T15:00:00
9726,user_9726,C,23.522,True,2026-02-07T11:00:00
9727,user_9727,A,98.809,False,2026-01-23T06:00:00
9728,user_9728,C,10.891,True,2026-01-05T18:00:00
9729,user_9729,C,89.956,False,2026-01-19T02:00:00
9730,user_9730,C,79.056,False,2026-01-17T04:00:00
9731,user_9731,A,59.021,True,2026-01-12T16:00:00
9732,user_9732,A,76.549,True,2026-01-03T22:00:00
9733,user_9733,C,83.356,False,2026-01-21T12:00:00
9734,user_9734,C,75.186,False,2026-01-31T18:00:00
9735,user_9735,D,40.338,True,2026-01-21T23:00:00
9736,user_9736,B,40.401,True,2026-01-15T06:00:00
9737,user_9737,A,42.269,False,2026-01-30T07:00:00
9738,user_9738,C,32.197,True,2026-01-15T21:00:00
9739,user_9739,D,1.982,False,2026-02-11T03:00:00
9740,user_9740,B,70.638,True,2026-01-26T05:00:00
9741,user_9741,D,44.092,False,2026-01-18T22:00:00
9742,user_9742,A,91.537,True,2026-01-30T22:00:00
9743,user_9743,A,38.418,False,2026-01-18T15:00:00
9744,user_9744,B,87.684,True,2026-01-15T05:00:00
9745,user_9745,A,62.485,False,2026-02-06T04:00:00
9746,user_9746,A,46.204,False,2026-01-31T22:00:00
9747,user_9747,A,23.504,False,2026-01-15T04:00:00
9748,user_9748,B,37.033,True,2026-01-12T08:00:00
9749,user_9749,C,89.781,False,2026-01-31T01:00:00
9750,user_9750,A,65.279,False,2026-01-19T04:00:00
9751,user_9751,B,66.026,False,2026-01-16T10:00:00
9752,user_9752,D,80.198,True,2026-01-11T22:00:00
9753,user_9753,C,62.437,True,2026-01-20T16:00:00
9754,user_9754,A,52.48,False,2026-02-05T05:00:00
9755,user_9755,A,30.885,False,2026-01-17T03:00:00
9756,user_9756,B,54.678,False,2026-01-04T12:00:00
9757,user_9757,C,72.869,True,2026-01-15T16:00:00
9758,user_9758,B,92.136,False,2026-02-09T18:00:00
9759,user_9759,B,53.817,False,2026-01-11T07:00:00
9760,user_9760,B,68.239,False,2026-02-11T02:00:00
9761,user_9761,D,35.595,False,2026-01-03T05:00:00
9762,user_9762,D,17.912,False,2026-01-18T17:00:00
9763,user_9763,C,70.744,True,2026-01-15T08:00:00
9764,user_9764,C,0.586,True,2026-01-02T21:00:00
9765,user_9765,C,60.377,False,2026-01-05T13:00:00
9766,user_9766,D,98.965,False,2026-01-16T14:00:00
9767,user_9767,C,28.519,True,2026-01-12T19:00:00
9768,user_9768,D,25.978,False,2026-01-27T01:00:00
9769,user_9769,B,21.239,True,2026-02-08T00:00:00
9770,user_9770,A,99.322,False,2026-01-20T15:00:00
9771,user_9771,A,85.09,False,2026-01-21T07:00:00
9772,user_9772,C,75.622,False,2026-01-26T21:00:00
9773,user_9773,D,91.002,True,2026-01-17T10:00:00
9774,user_9774,A,32.644,True,2026-02-08T11:00:00
9775,user_9775,C,73.003,False,2026-01-29T01:00:00
9776,user_9776,A,5.419,True,2026-01-08T22:00:00
9777,user_9777,A,81.789,True,2026-02-11T00:00:00
9778,user_9778,A,63.183,True,2026-02-08T11:00:00
9779,user_9779,A,6.682,False,2026-01-25T22:00:00
9780,user_9780,A,5.772,True,2026-01-29T06:00:00
9781,user_9781,A,40.743,True,2026-01-19T12:00:00
9782,user_9782,C,65.871,False,2026-02-05T20:00:00
9783,user_9783,A,98.463,False,2026-01-21T20:00:00
9784,user_9784,D,25.139,True,2026-01-01T21:00:00
9785,user_9785,D,4.979,False,2026-01-01T18:00:00
9786,user_9786,C,66.224,False,2026-02-02T00:00:00
9787,user_9787,C,95.264,True,2026-01-23T12:00:00
9788,user_9788,A,98.918,True,2026-01-03T18:00:00
9789,user_9789,B,57.288,True,2026-01-08T11:00:00
9790,user_9790,C,23.37,False,2026-01-10T12:00:00
9791,user_9791,B,72.138,True,2026-02-09T04:00:00
9792,user_9792,C,49.857,True,2026-01-02T08:00:00
9793,user_9793,D,18.677,True,2026-01-10T18:00:00
9794,user_9794,A,32.882,False,2026-02-09T23:00:00
9795,user_9795,B,4.096,True,2026-01-26T07:00:00
9796,user_9796,A,6.98,False,2026-01-12T06:00:00
9797,user_9797,D,30.877,True,2026-01-30T22:00:00
9798,user_9798,B,15.656,True,2026-01-08T23:00:00
9799,user_9799,C,17.056,False,2026-01-19T23:00:00
9800,user_9800,C,9.747,False,2026-02-09T21:00:00
9801,user_9801,A,74.643,False,2026-01-14T23:00:00
9802,user_9802,D,48.355,False,2026-01-28T04:00:00
9803,user_9803,D,35.415,True,2026-01-27T21:00:00
9804,user_9804,C,30.11,False,2026-01-18T08:00:00
9805,user_9805,C,74.66,False,2026-01-25T22:00:00
9806,user_9806,C,69.654,False,2026-01-24T06:00:00
9807,user_9807,A,81.045,False,2026-01-23T09:00:00
9808,user_9808,C,41.779,False,2026-01-22T06:00:00
9809,user_9809,C,22.041,True,2026-02-07T23:00:00
9810,user_9810,D,33.533,False,2026-01-03T02:00:00
9811,user_9811,C,32.009,False,2026-02-10T01:00:00
9812,user_9812,A,52.035,True,2026-02-04T13:00:00
9813,user_9813,A,64.262,True,2026-01-05T20:00:00
9814,user_9814,B,49.986,False,2026-01-04T14:00:00
9815,user_9815,C,24.584,True,2026-01-26T10:00:00
9816,user_9816,C,11.064,True,2026-01-15T02:00:00
9817,user_9817,D,22.067,False,2026-01-13T22:00:00
9818,user_9818,C,35.572,True,2026-01-15T14:00:00
9819,user_9819,D,22.345,True,2026-01-03T10:00:00
9820,user_9820,A,72.028,False,2026-01-02T21:00:00
9821,user_9821,D,54.933,False,2026-01-20T17:00:00
9822,user_9822,A,56.053,True,2026-02-11T09:00:00
9823,user_9823,D,63.485,True,2026-01-18T07:00:00
9824,user_9824,C,74.998,True,2026-01-08T09:00:00
9825,user_9825,D,6.44,True,2026-01-16T06:00:00
9826,user_9826,C,5.89,True,2026-02-05T10:00:00
9827,user_9827,D,89.637,False,2026-01-24T00:00:00
9828,user_9828,D,48.8,True,2026-02-06T13:00:00
9829,user_9829,D,34.531,True,2026-01-12T15:00:00
9830,user_9830,B,27.073,False,2026-01-18T13:00:00
9831,user_9831,A,33.27,True,2026-02-06T15:00:00
9832,user_9832,B,4.734,False,2026-01-08T20:00:00
9833,user_9833,B,2.485,True,2026-01-03T04:00:00
9834,user_9834,A,31.895,True,2026-01-15T01:00:00
9835,user_9835,A,77.749,True,2026-01-11T05:00:00
9836,user_9836,B,30.693,False,2026-02-03T14:00:00
9837,user_9837,B,62.917,False,2026-01-20T19:00:00
9838,user_9838,A,75.653,False,2026-02-02T00:00:00
9839,user_9839,A,53.107,False,2026-01-07T08:00:00
9840,user_9840,C,42.803,True,2026-01-03T11:00:00
9841,user_9841,A,31.669,True,2026-02-01T14:00:00
9842,user_9842,D,56.826,False,2026-01-13T04:00:00
9843,user_9843,C,48.436,False,2026-01-16T05:00:00
9844,user_9844,A,47.076,False,2026-01-30T17:00:00
9845,user_9845,B,68.421,False,2026-01-27T14:00:00
9846,user_9846,D,75.761,True,2026-02-06T09:00:00
9847,user_9847,D,60.346,True,2026-01-19T01:00:00
9848,user_9848,D,38.02,True,2026-02-01T20:00:00
9849,user_9849,A,26.321,True,2026-01-29T22:00:00
9850,user_9850,B,98.247,False,2026-01-08T06:00:00
9851,user_9851,A,98.524,True,2026-02-07T21:00:00
9852,user_9852,C,87.372,False,2026-01-23T03:00:00
9853,user_9853,A,44.799,True,2026-01-25T03:00:00
9854,user_9854,B,32.138,True,2026-01-24T08:00:00
9855,user_9855,C,47.782,False,2026-01-04T06:00:00
9856,user_9856,C,69.043,False,2026-01-21T05:00:00
9857,user_9857,A,83.594,False,2026-01-30T01:00:00
9858,user_9858,B,63.699,True,2026-01-17T14:00:00
9859,user_9859,B,93.857,False,2026-02-01T22:00:00
9860,user_9860,B,60.301,False,2026-01-24T18:00:00
9861,user_9861,C,49.09,False,2026-01-19T19:00:00
9862,user_9862,B,28.152,True,2026-01-31T10:00:00
9863,user_9863,B,86.164,True,2026-01-02T22:00:00
9864,user_9864,C,71.558,True,2026-02-08T08:00:00
9865,user_9865,B,48.546,True,2026-01-10T06:00:00
9866,user_9866,A,16.763,True,2026-01-01T10:00:00
9867,user_9867,C,15.726,False,2026-01-25T18:00:00
9868,user_9868,B,9.809,False,2026-01-16T20:00:00
9869,user_9869,A,44.516,False,2026-01-16T08:00:00
9870,user_9870,A,1.504,False,2026-02-04T17:00:00
9871,user_9871,B,99.711,False,2026-02-07T08:00:00
9872,user_9872,D,55.097,False,2026-01-22T02:00:00
9873,user_9873,D,63.094,False,2026-01-01T00:00:00
9874,user_9874,A,76.785,True,2026-01-12T23:00:00
9875,user_9875,D,34.59,False,2026-01-21T04:00:00
9876,user_9876,D,5.416,True,2026-01-27T23:00:00
9877,user_9877,D,52.86,False,2026-01-14T14:00:00
9878,user_9878,B,67.53,False,2026-01-03T15:00:00
9879,user_9879,B,76.212,True,2026-01-04T19:00:00
9880,user_9880,B,61.103,False,2026-02-04T12:00:00
9881,user_9881,B,46.938,False,2026-01-26T14:00:00
9882,user_9882,D,73.553,True,2026-01-05T05:00:00
9883,user_9883,A,15.126,False,2026-02-04T11:00:00
9884,user_9884,B,37.03,False,2026-01-22T08:00:00
9885,user_9885,C,88.182,True,2026-01-22T14:00:00
9886,user_9886,A,80.933,False,2026-01-08T18:00:00
9887,user_9887,B,31.224,True,2026-01-14T06:00:00
9888,user_9888,B,32.464,True,2026-01-20T20:00:00
9889,user_9889,A,90.053,False,2026-02-03T19:00:00
9890,user_9890,D,8.747,True,2026-01-23T12:00:00
9891,user_9891,C,49.208,False,2026-01-16T15:00:00
9892,user_9892,A,34.728,True,2026-01-29T23:00:00
9893,user_9893,A,42.761,True,2026-01-08T23:00:00
9894,user_9894,B,63.078,False,2026-01-19T17:00:00
9895,user_9895,A,20.192,True,2026-01-18T02:00:00
9896,user_9896,B,8.145,False,2026-01-01T14:00:00
9897,user_9897,A,60.267,True,2026-01-29T20:00:00
9898,user_9898,A,93.011,True,2026-02-06T13:00:00
9899,user_9899,D,46.089,True,2026-01-26T07:00:00
9900,user_9900,D,60.346,True,2026-01-19T10:00:00
9901,user_9901,C,1.176,False,2026-01-11T20:00:00
9902,user_9902,A,40.803,False,2026-01-19T19:00:00
9903,user_9903,A,75.481,True,2026-01-07T21:00:00
9904,user_9904,A,80.358,True,2026-01-15T14:00:00
9905,user_9905,A,72.865,False,2026-01-28T02:00:00
9906,user_9906,A,83.14,True,2026-02-04T18:00:00
9907,user_9907,D,37.01,True,2026-01-26T05:00:00
9908,user_9908,D,77.536,False,2026-01-29T20:00:00
9909,user_9909,A,71.622,True,2026-02-04T16:00:00
9910,user_9910,B,46.932,True,2026-01-19T19:00:00
9911,user_9911,C,44.387,False,2026-02-03T18:00:00
9912,user_9912,C,87.436,False,2026-01-05T16:00:00
9913,user_9913,A,45.304,False,2026-01-07T00:00:00
9914,user_9914,A,49.989,False,2026-02-10T21:00:00
9915,user_9915,B,84.104,False,2026-01-31T14:00:00
9916,user_9916,B,31.698,True,2026-01-16T11:00:00
9917,user_9917,D,79.591,True,2026-02-03T03:00:00
9918,user_9918,C,25.926,False,2026-01-25T07:00:00
9919,user_9919,B,22.181,False,2026-01-01T10:00:00
9920,user_9920,C,76.726,True,2026-02-05T04:00:00
9921,user_9921,B,19.95,True,2026-01-15T00:00:00
9922,user_9922,D,12.813,True,2026-01-10T18:00:00
9923,user_9923,A,53.718,True,2026-01-26T09:00:00
9924,user_9924,D,82.741,True,2026-01-13T17:00:00
9925,user_9925,A,73.951,True,2026-01-31T18:00:00
9926,user_9926,C,15.945,True,2026-01-26T02:00:00
9927,user_9927,C,43.51,True,2026-01-23T17:00:00
9928,user_9928,C,4.823,False,2026-01-17T08:00:00
9929,user_9929,D,41.726,True,2026-01-22T13:00:00
9930,user_9930,A,27.555,False,2026-01-05T15:00:00
9931,user_9931,D,90.481,True,2026-01-09T21:00:00
9932,user_9932,C,58.326,True,2026-01-01T05:00:00
9933,user_9933,C,76.958,False,2026-01-21T23:00:00
9934,user_9934,C,58.75,True,2026-02-04T14:00:00
9935,user_9935,D,9.506,True,2026-01-07T15:00:00
9936,user_9936,C,46.823,False,2026-01-15T00:00:00
9937,user_9937,B,97.494,False,2026-01-31T17:00:00
9938,user_9938,C,23.1,False,2026-01-07T07:00:00
9939,user_9939,D,66.79,True,2026-01-30T00:00:00
9940,user_9940,A,17.816,True,2026-01-14T00:00:00
9941,user_9941,C,4.195,True,2026-01-07T14:00:00
9942,user_9942,D,79.425,True,2026-02-02T07:00:00
9943,user_9943,A,85.377,True,2026-01-08T06:00:00
9944,user_9944,A,1.305,True,2026-01-09T06:00:00
9945,user_9945,B,41.787,True,2026-01-22T05:00:00
9946,user_9946,B,18.721,False,2026-01-28T11:00:00
9947,user_9947,D,63.185,False,2026-01-30T20:00:00
9948,user_9948,B,16.294,False,2026-02-08T22:00:00
9949,user_9949,B,88.913,False,2026-01-06T17:00:00
9950,user_9950,B,59.05,False,2026-01-13T18:00:00
9951,user_9951,D,65.875,True,2026-01-29T21:00:00
9952,user_9952,A,97.577,False,2026-01-30T04:00:00
9953,user_9953,B,27.981,False,2026-01-18T10:00:00
9954,user_9954,A,19.646,False,2026-02-04T13:00:00
9955,user_9955,A,60.569,False,2026-01-27T03:00:00
9956,user_9956,A,39.791,False,2026-01-24T19:00:00
9957,user_9957,B,57.481,False,2026-01-03T07:00:00
9958,user_9958,C,9.965,True,2026-01-25T09:00:00
9959,user_9959,A,2.48,True,2026-02-10T06:00:00
9960,user_9960,D,89.58,True,2026-01-29T21:00:00
9961,user_9961,C,29.938,True,2026-01-30T05:00:00
9962,user_9962,D,51.767,False,2026-01-20T19:00:00
9963,user_9963,A,16.9,True,2026-02-08T22:00:00
9964,user_9964,C,80.86,True,2026-01-30T15:00:00
9965,user_9965,B,33.281,True,2026-01-10T08:00:00
9966,user_9966,A,19.127,False,2026-02-11T01:00:00
9967,user_9967,D,36.004,True,2026-01-31T19:00:00
9968,user_9968,D,61.689,False,2026-01-07T20:00:00
9969,user_9969,A,57.054,True,2026-01-16T11:00:00
9970,user_9970,D,3.989,False,2026-02-11T01:00:00
9971,user_9971,C,96.315,True,2026-02-04T15:00:00
9972,user_9972,D,39.876,False,2026-01-07T18:00:00
9973,user_9973,A,15.217,True,2026-01-08T17:00:00
9974,user_9974,C,42.646,True,2026-01-17T00:00:00
9975,user_9975,B,71.729,False,2026-01-02T00:00:00
9976,user_9976,A,49.869,False,2026-02-02T22:00:00
9977,user_9977,A,73.662,True,2026-01-23T11:00:00
9978,user_9978,B,42.471,True,2026-02-07T23:00:00
9979,user_9979,D,58.025,True,2026-01-15T01:00:00
9980,user_9980,C,71.022,False,2026-02-01T12:00:00
9981,user_9981,D,56.654,True,2026-01-12T00:00:00
9982,user_9982,A,6.952,True,2026-01-22T10:00:00
9983,user_9983,D,81.419,True,2026-01-19T03:00:00
9984,user_9984,B,71.081,False,2026-01-14T14:00:00
9985,user_9985,B,96.012,True,2026-01-19T19:00:00
9986,user_9986,B,43.005,True,2026-01-18T06:00:00
9987,user_9987,C,46.273,True,2026-02-07T08:00:00
9988,user_9988,D,3.983,False,2026-01-10T11:00:00
9989,user_9989,B,87.313,True,2026-02-04T07:00:00
9990,user_9990,C,69.354,False,2026-01-08T23:00:00
9991,user_9991,D,13.09,True,2026-01-28T01:00:00
9992,user_9992,A,29.555,False,2026-01-29T15:00:00
9993,user_9993,B,94.975,False,2026-01-17T06:00:00
9994,user_9994,C,24.344,False,2026-01-21T20:00:00
9995,user_9995,D,45.717,False,2026-01-11T14:00:00
9996,user_9996,D,28.383,True,2026-01-28T14:00:00
9997,user_9997,A,67.911,False,2026-01-02T00:00:00
9998,user_9998,D,27.37,True,2026-01-20T09:00:00
9999,user_9999,D,9.781,False,2026-01-27T19:00:00
